[2025-07-08 03:32:05,995] [INFO] [real_accelerator.py:222:get_accelerator] Setting ds_accelerator to cuda (auto detect)
/home/v-yizhaogao/SeerAttention_tl/seer_attn/modules/layernorm.py:509: FutureWarning: `torch.cuda.amp.custom_fwd(args...)` is deprecated. Please use `torch.amp.custom_fwd(args..., device_type='cuda')` instead.
  @custom_fwd
/home/v-yizhaogao/SeerAttention_tl/seer_attn/modules/layernorm.py:568: FutureWarning: `torch.cuda.amp.custom_bwd(args...)` is deprecated. Please use `torch.amp.custom_bwd(args..., device_type='cuda')` instead.
  @custom_bwd
Fetching 3 files:   0%|          | 0/3 [00:00<?, ?it/s]Fetching 3 files: 100%|██████████| 3/3 [00:00<00:00, 57195.05it/s]
Loading checkpoint shards:   0%|          | 0/3 [00:00<?, ?it/s]Loading checkpoint shards: 100%|██████████| 3/3 [00:00<00:00, 32.47it/s]
Some weights of SeerDecodingQwen3ForCausalLM were not initialized from the model checkpoint at Qwen/Qwen3-4B and are newly initialized: ['model.layers.0.self_attn.attn_gate.attngate_knorm.weight', 'model.layers.0.self_attn.attn_gate.attngate_linear_k.weight', 'model.layers.0.self_attn.attn_gate.attngate_linear_q.weight', 'model.layers.0.self_attn.attn_gate.attngate_qnorm.weight', 'model.layers.1.self_attn.attn_gate.attngate_knorm.weight', 'model.layers.1.self_attn.attn_gate.attngate_linear_k.weight', 'model.layers.1.self_attn.attn_gate.attngate_linear_q.weight', 'model.layers.1.self_attn.attn_gate.attngate_qnorm.weight', 'model.layers.10.self_attn.attn_gate.attngate_knorm.weight', 'model.layers.10.self_attn.attn_gate.attngate_linear_k.weight', 'model.layers.10.self_attn.attn_gate.attngate_linear_q.weight', 'model.layers.10.self_attn.attn_gate.attngate_qnorm.weight', 'model.layers.11.self_attn.attn_gate.attngate_knorm.weight', 'model.layers.11.self_attn.attn_gate.attngate_linear_k.weight', 'model.layers.11.self_attn.attn_gate.attngate_linear_q.weight', 'model.layers.11.self_attn.attn_gate.attngate_qnorm.weight', 'model.layers.12.self_attn.attn_gate.attngate_knorm.weight', 'model.layers.12.self_attn.attn_gate.attngate_linear_k.weight', 'model.layers.12.self_attn.attn_gate.attngate_linear_q.weight', 'model.layers.12.self_attn.attn_gate.attngate_qnorm.weight', 'model.layers.13.self_attn.attn_gate.attngate_knorm.weight', 'model.layers.13.self_attn.attn_gate.attngate_linear_k.weight', 'model.layers.13.self_attn.attn_gate.attngate_linear_q.weight', 'model.layers.13.self_attn.attn_gate.attngate_qnorm.weight', 'model.layers.14.self_attn.attn_gate.attngate_knorm.weight', 'model.layers.14.self_attn.attn_gate.attngate_linear_k.weight', 'model.layers.14.self_attn.attn_gate.attngate_linear_q.weight', 'model.layers.14.self_attn.attn_gate.attngate_qnorm.weight', 'model.layers.15.self_attn.attn_gate.attngate_knorm.weight', 'model.layers.15.self_attn.attn_gate.attngate_linear_k.weight', 'model.layers.15.self_attn.attn_gate.attngate_linear_q.weight', 'model.layers.15.self_attn.attn_gate.attngate_qnorm.weight', 'model.layers.16.self_attn.attn_gate.attngate_knorm.weight', 'model.layers.16.self_attn.attn_gate.attngate_linear_k.weight', 'model.layers.16.self_attn.attn_gate.attngate_linear_q.weight', 'model.layers.16.self_attn.attn_gate.attngate_qnorm.weight', 'model.layers.17.self_attn.attn_gate.attngate_knorm.weight', 'model.layers.17.self_attn.attn_gate.attngate_linear_k.weight', 'model.layers.17.self_attn.attn_gate.attngate_linear_q.weight', 'model.layers.17.self_attn.attn_gate.attngate_qnorm.weight', 'model.layers.18.self_attn.attn_gate.attngate_knorm.weight', 'model.layers.18.self_attn.attn_gate.attngate_linear_k.weight', 'model.layers.18.self_attn.attn_gate.attngate_linear_q.weight', 'model.layers.18.self_attn.attn_gate.attngate_qnorm.weight', 'model.layers.19.self_attn.attn_gate.attngate_knorm.weight', 'model.layers.19.self_attn.attn_gate.attngate_linear_k.weight', 'model.layers.19.self_attn.attn_gate.attngate_linear_q.weight', 'model.layers.19.self_attn.attn_gate.attngate_qnorm.weight', 'model.layers.2.self_attn.attn_gate.attngate_knorm.weight', 'model.layers.2.self_attn.attn_gate.attngate_linear_k.weight', 'model.layers.2.self_attn.attn_gate.attngate_linear_q.weight', 'model.layers.2.self_attn.attn_gate.attngate_qnorm.weight', 'model.layers.20.self_attn.attn_gate.attngate_knorm.weight', 'model.layers.20.self_attn.attn_gate.attngate_linear_k.weight', 'model.layers.20.self_attn.attn_gate.attngate_linear_q.weight', 'model.layers.20.self_attn.attn_gate.attngate_qnorm.weight', 'model.layers.21.self_attn.attn_gate.attngate_knorm.weight', 'model.layers.21.self_attn.attn_gate.attngate_linear_k.weight', 'model.layers.21.self_attn.attn_gate.attngate_linear_q.weight', 'model.layers.21.self_attn.attn_gate.attngate_qnorm.weight', 'model.layers.22.self_attn.attn_gate.attngate_knorm.weight', 'model.layers.22.self_attn.attn_gate.attngate_linear_k.weight', 'model.layers.22.self_attn.attn_gate.attngate_linear_q.weight', 'model.layers.22.self_attn.attn_gate.attngate_qnorm.weight', 'model.layers.23.self_attn.attn_gate.attngate_knorm.weight', 'model.layers.23.self_attn.attn_gate.attngate_linear_k.weight', 'model.layers.23.self_attn.attn_gate.attngate_linear_q.weight', 'model.layers.23.self_attn.attn_gate.attngate_qnorm.weight', 'model.layers.24.self_attn.attn_gate.attngate_knorm.weight', 'model.layers.24.self_attn.attn_gate.attngate_linear_k.weight', 'model.layers.24.self_attn.attn_gate.attngate_linear_q.weight', 'model.layers.24.self_attn.attn_gate.attngate_qnorm.weight', 'model.layers.25.self_attn.attn_gate.attngate_knorm.weight', 'model.layers.25.self_attn.attn_gate.attngate_linear_k.weight', 'model.layers.25.self_attn.attn_gate.attngate_linear_q.weight', 'model.layers.25.self_attn.attn_gate.attngate_qnorm.weight', 'model.layers.26.self_attn.attn_gate.attngate_knorm.weight', 'model.layers.26.self_attn.attn_gate.attngate_linear_k.weight', 'model.layers.26.self_attn.attn_gate.attngate_linear_q.weight', 'model.layers.26.self_attn.attn_gate.attngate_qnorm.weight', 'model.layers.27.self_attn.attn_gate.attngate_knorm.weight', 'model.layers.27.self_attn.attn_gate.attngate_linear_k.weight', 'model.layers.27.self_attn.attn_gate.attngate_linear_q.weight', 'model.layers.27.self_attn.attn_gate.attngate_qnorm.weight', 'model.layers.28.self_attn.attn_gate.attngate_knorm.weight', 'model.layers.28.self_attn.attn_gate.attngate_linear_k.weight', 'model.layers.28.self_attn.attn_gate.attngate_linear_q.weight', 'model.layers.28.self_attn.attn_gate.attngate_qnorm.weight', 'model.layers.29.self_attn.attn_gate.attngate_knorm.weight', 'model.layers.29.self_attn.attn_gate.attngate_linear_k.weight', 'model.layers.29.self_attn.attn_gate.attngate_linear_q.weight', 'model.layers.29.self_attn.attn_gate.attngate_qnorm.weight', 'model.layers.3.self_attn.attn_gate.attngate_knorm.weight', 'model.layers.3.self_attn.attn_gate.attngate_linear_k.weight', 'model.layers.3.self_attn.attn_gate.attngate_linear_q.weight', 'model.layers.3.self_attn.attn_gate.attngate_qnorm.weight', 'model.layers.30.self_attn.attn_gate.attngate_knorm.weight', 'model.layers.30.self_attn.attn_gate.attngate_linear_k.weight', 'model.layers.30.self_attn.attn_gate.attngate_linear_q.weight', 'model.layers.30.self_attn.attn_gate.attngate_qnorm.weight', 'model.layers.31.self_attn.attn_gate.attngate_knorm.weight', 'model.layers.31.self_attn.attn_gate.attngate_linear_k.weight', 'model.layers.31.self_attn.attn_gate.attngate_linear_q.weight', 'model.layers.31.self_attn.attn_gate.attngate_qnorm.weight', 'model.layers.32.self_attn.attn_gate.attngate_knorm.weight', 'model.layers.32.self_attn.attn_gate.attngate_linear_k.weight', 'model.layers.32.self_attn.attn_gate.attngate_linear_q.weight', 'model.layers.32.self_attn.attn_gate.attngate_qnorm.weight', 'model.layers.33.self_attn.attn_gate.attngate_knorm.weight', 'model.layers.33.self_attn.attn_gate.attngate_linear_k.weight', 'model.layers.33.self_attn.attn_gate.attngate_linear_q.weight', 'model.layers.33.self_attn.attn_gate.attngate_qnorm.weight', 'model.layers.34.self_attn.attn_gate.attngate_knorm.weight', 'model.layers.34.self_attn.attn_gate.attngate_linear_k.weight', 'model.layers.34.self_attn.attn_gate.attngate_linear_q.weight', 'model.layers.34.self_attn.attn_gate.attngate_qnorm.weight', 'model.layers.35.self_attn.attn_gate.attngate_knorm.weight', 'model.layers.35.self_attn.attn_gate.attngate_linear_k.weight', 'model.layers.35.self_attn.attn_gate.attngate_linear_q.weight', 'model.layers.35.self_attn.attn_gate.attngate_qnorm.weight', 'model.layers.4.self_attn.attn_gate.attngate_knorm.weight', 'model.layers.4.self_attn.attn_gate.attngate_linear_k.weight', 'model.layers.4.self_attn.attn_gate.attngate_linear_q.weight', 'model.layers.4.self_attn.attn_gate.attngate_qnorm.weight', 'model.layers.5.self_attn.attn_gate.attngate_knorm.weight', 'model.layers.5.self_attn.attn_gate.attngate_linear_k.weight', 'model.layers.5.self_attn.attn_gate.attngate_linear_q.weight', 'model.layers.5.self_attn.attn_gate.attngate_qnorm.weight', 'model.layers.6.self_attn.attn_gate.attngate_knorm.weight', 'model.layers.6.self_attn.attn_gate.attngate_linear_k.weight', 'model.layers.6.self_attn.attn_gate.attngate_linear_q.weight', 'model.layers.6.self_attn.attn_gate.attngate_qnorm.weight', 'model.layers.7.self_attn.attn_gate.attngate_knorm.weight', 'model.layers.7.self_attn.attn_gate.attngate_linear_k.weight', 'model.layers.7.self_attn.attn_gate.attngate_linear_q.weight', 'model.layers.7.self_attn.attn_gate.attngate_qnorm.weight', 'model.layers.8.self_attn.attn_gate.attngate_knorm.weight', 'model.layers.8.self_attn.attn_gate.attngate_linear_k.weight', 'model.layers.8.self_attn.attn_gate.attngate_linear_q.weight', 'model.layers.8.self_attn.attn_gate.attngate_qnorm.weight', 'model.layers.9.self_attn.attn_gate.attngate_knorm.weight', 'model.layers.9.self_attn.attn_gate.attngate_linear_k.weight', 'model.layers.9.self_attn.attn_gate.attngate_linear_q.weight', 'model.layers.9.self_attn.attn_gate.attngate_qnorm.weight']
You should probably TRAIN this model on a down-stream task to be able to use it for predictions and inference.
Attention gate weights loaded successfully.
inputs.keys(): dict_keys(['input_ids', 'attention_mask'])
input_ids: torch.Size([3, 150]) cache_seqlens tensor([150, 150, 150], device='cuda:0', dtype=torch.int32) cache_position tensor([  0,   1,   2,   3,   4,   5,   6,   7,   8,   9,  10,  11,  12,  13,
         14,  15,  16,  17,  18,  19,  20,  21,  22,  23,  24,  25,  26,  27,
         28,  29,  30,  31,  32,  33,  34,  35,  36,  37,  38,  39,  40,  41,
         42,  43,  44,  45,  46,  47,  48,  49,  50,  51,  52,  53,  54,  55,
         56,  57,  58,  59,  60,  61,  62,  63,  64,  65,  66,  67,  68,  69,
         70,  71,  72,  73,  74,  75,  76,  77,  78,  79,  80,  81,  82,  83,
         84,  85,  86,  87,  88,  89,  90,  91,  92,  93,  94,  95,  96,  97,
         98,  99, 100, 101, 102, 103, 104, 105, 106, 107, 108, 109, 110, 111,
        112, 113, 114, 115, 116, 117, 118, 119, 120, 121, 122, 123, 124, 125,
        126, 127, 128, 129, 130, 131, 132, 133, 134, 135, 136, 137, 138, 139,
        140, 141, 142, 143, 144, 145, 146, 147, 148, 149], device='cuda:0') position_ids tensor([[  0,   1,   2,   3,   4,   5,   6,   7,   8,   9,  10,  11,  12,  13,
          14,  15,  16,  17,  18,  19,  20,  21,  22,  23,  24,  25,  26,  27,
          28,  29,  30,  31,  32,  33,  34,  35,  36,  37,  38,  39,  40,  41,
          42,  43,  44,  45,  46,  47,  48,  49,  50,  51,  52,  53,  54,  55,
          56,  57,  58,  59,  60,  61,  62,  63,  64,  65,  66,  67,  68,  69,
          70,  71,  72,  73,  74,  75,  76,  77,  78,  79,  80,  81,  82,  83,
          84,  85,  86,  87,  88,  89,  90,  91,  92,  93,  94,  95,  96,  97,
          98,  99, 100, 101, 102, 103, 104, 105, 106, 107, 108, 109, 110, 111,
         112, 113, 114, 115, 116, 117, 118, 119, 120, 121, 122, 123, 124, 125,
         126, 127, 128, 129, 130, 131, 132, 133, 134, 135, 136, 137, 138, 139,
         140, 141, 142, 143, 144, 145, 146, 147, 148, 149]], device='cuda:0') attention_mask tensor([[1, 1, 1, 1, 1, 1, 1, 1, 1, 1, 1, 1, 1, 1, 1, 1, 1, 1, 1, 1, 1, 1, 1, 1,
         1, 1, 1, 1, 1, 1, 1, 1, 1, 1, 1, 1, 1, 1, 1, 1, 1, 1, 1, 1, 1, 1, 1, 1,
         1, 1, 1, 1, 1, 1, 1, 1, 1, 1, 1, 1, 1, 1, 1, 1, 1, 1, 1, 1, 1, 1, 1, 1,
         1, 1, 1, 1, 1, 1, 1, 1, 1, 1, 1, 1, 1, 1, 1, 1, 1, 1, 1, 1, 1, 1, 1, 1,
         1, 1, 1, 1, 1, 1, 1, 1, 1, 1, 1, 1, 1, 1, 1, 1, 1, 1, 1, 1, 1, 1, 1, 1,
         1, 1, 1, 1, 1, 1, 1, 1, 1, 1, 1, 1, 1, 1, 1, 1, 1, 1, 1, 1, 1, 1, 1, 1,
         1, 1, 1, 1, 1, 1],
        [1, 1, 1, 1, 1, 1, 1, 1, 1, 1, 1, 1, 1, 1, 1, 1, 1, 1, 1, 1, 1, 1, 1, 1,
         1, 1, 1, 1, 1, 1, 1, 1, 1, 1, 1, 1, 1, 1, 1, 1, 1, 1, 1, 1, 1, 1, 1, 1,
         1, 1, 1, 1, 1, 1, 1, 1, 1, 1, 1, 1, 1, 1, 1, 1, 1, 1, 1, 1, 1, 1, 1, 1,
         1, 1, 1, 1, 1, 1, 1, 1, 1, 1, 1, 1, 1, 1, 1, 1, 1, 1, 1, 1, 1, 1, 1, 1,
         1, 1, 1, 1, 1, 1, 1, 1, 1, 1, 1, 1, 1, 1, 1, 1, 1, 1, 1, 1, 1, 1, 1, 1,
         1, 1, 1, 1, 1, 1, 1, 1, 1, 1, 1, 1, 1, 1, 1, 1, 1, 1, 1, 1, 1, 1, 1, 1,
         1, 1, 1, 1, 1, 1],
        [1, 1, 1, 1, 1, 1, 1, 1, 1, 1, 1, 1, 1, 1, 1, 1, 1, 1, 1, 1, 1, 1, 1, 1,
         1, 1, 1, 1, 1, 1, 1, 1, 1, 1, 1, 1, 1, 1, 1, 1, 1, 1, 1, 1, 1, 1, 1, 1,
         1, 1, 1, 1, 1, 1, 1, 1, 1, 1, 1, 1, 1, 1, 1, 1, 1, 1, 1, 1, 1, 1, 1, 1,
         1, 1, 1, 1, 1, 1, 1, 1, 1, 1, 1, 1, 1, 1, 1, 1, 1, 1, 1, 1, 1, 1, 1, 1,
         1, 1, 1, 1, 1, 1, 1, 1, 1, 1, 1, 1, 1, 1, 1, 1, 1, 1, 1, 1, 1, 1, 1, 1,
         1, 1, 1, 1, 1, 1, 1, 1, 1, 1, 1, 1, 1, 1, 1, 1, 1, 1, 1, 1, 1, 1, 1, 1,
         1, 1, 1, 1, 1, 1]], device='cuda:0') attnshape torch.Size([3, 150])
tensor([[[-4.7188e+00,  2.5312e+00,  2.3906e+00,  ...,  1.1780e-02,
           1.8672e+00, -1.4453e+00],
         [-4.0039e-01, -4.1602e-01,  1.6504e-01,  ..., -3.0396e-02,
           7.8125e-02,  5.9375e-01],
         [-9.0234e-01,  8.9062e-01,  6.9922e-01,  ...,  6.2891e-01,
          -4.1211e-01, -5.5542e-03],
         ...,
         [ 2.6719e+00, -3.3281e+00, -1.0078e+00,  ...,  4.4531e-01,
           7.0312e-01, -1.5640e-03],
         [ 6.0547e-01, -1.4922e+00,  2.1094e+00,  ..., -4.9062e+00,
           6.4453e-01,  1.7656e+00],
         [-3.9844e-01, -2.7084e-04, -9.3750e-01,  ...,  1.8164e-01,
           2.5195e-01,  2.7539e-01]],

        [[-6.3125e+00,  5.5312e+00,  2.3438e-02,  ...,  2.0703e-01,
           3.9453e-01,  1.4062e-01],
         [-1.7812e+00, -2.8906e+00,  4.2773e-01,  ..., -2.5977e-01,
           1.4355e-01, -3.2031e-01],
         [-3.0625e+00,  2.8594e+00,  1.1406e+00,  ..., -3.3789e-01,
           7.3047e-01,  6.2500e-02],
         ...,
         [ 5.4688e+00, -4.4375e+00, -1.1484e+00,  ...,  9.0625e-01,
          -7.0312e-01, -8.1250e-01],
         [ 3.4062e+00,  2.7344e-01, -5.8594e-02,  ..., -4.3438e+00,
           1.2969e+00, -9.3384e-03],
         [ 3.4375e-01, -2.6406e+00,  1.9336e-01,  ...,  8.2422e-01,
           1.9922e+00, -1.0938e+00]],

        [[-4.3125e+00,  2.6875e+00, -3.4375e+00,  ...,  2.4707e-01,
           1.1016e+00, -1.3828e+00],
         [ 2.0312e-01, -6.3965e-02,  6.1340e-03,  ...,  1.3965e-01,
           1.1035e-01,  4.3750e-01],
         [-2.7344e-01,  1.5234e+00, -1.3281e-01,  ...,  2.7930e-01,
           2.8125e-01,  4.6875e-02],
         ...,
         [ 1.5625e+00, -2.4688e+00, -6.4062e-01,  ...,  2.2070e-01,
          -1.1475e-01,  6.6797e-01],
         [-2.1719e+00, -1.3125e+00, -4.2188e+00,  ..., -4.4375e+00,
           6.6016e-01,  8.9844e-01],
         [ 1.9434e-01,  2.8711e-01,  7.3242e-02,  ..., -9.7046e-03,
           3.1128e-02,  6.0303e-02]],

        ...,

        [[ 1.7188e-01, -3.3125e+00, -2.0000e+00,  ...,  1.1780e-02,
           1.8672e+00, -1.4453e+00],
         [ 6.6406e-01,  3.2188e+00,  2.8516e-01,  ..., -3.0396e-02,
           7.8125e-02,  5.9375e-01],
         [ 8.4766e-01, -3.5938e+00, -4.2578e-01,  ...,  6.2891e-01,
          -4.1211e-01, -5.5237e-03],
         ...,
         [ 4.5312e-01,  7.1875e-01, -2.5938e+00,  ...,  4.4531e-01,
           7.0312e-01, -1.5411e-03],
         [ 1.1406e+00, -2.2188e+00, -1.0312e+00,  ..., -4.9062e+00,
           6.4453e-01,  1.7656e+00],
         [ 4.1016e-02,  4.1562e+00,  3.7109e-02,  ...,  1.8164e-01,
           2.5195e-01,  2.7539e-01]],

        [[ 6.3125e+00,  1.6562e+00, -2.6875e+00,  ...,  4.5312e-01,
           4.7461e-01, -1.5859e+00],
         [ 6.5234e-01,  1.5527e-01, -1.7188e+00,  ..., -7.6562e-01,
          -1.2266e+00,  3.0859e-01],
         [ 1.9531e+00, -2.0117e-01, -3.8086e-01,  ...,  1.4258e-01,
          -1.1094e+00,  1.4844e+00],
         ...,
         [-3.3750e+00, -2.6250e+00, -8.5938e-01,  ...,  1.7773e-01,
           1.2578e+00, -6.4844e-01],
         [-1.8750e+00, -2.0312e+00, -2.4375e+00,  ..., -4.9062e+00,
           1.3281e+00,  4.8047e-01],
         [-2.2656e+00, -4.5898e-01,  2.2969e+00,  ...,  5.1953e-01,
           1.0547e+00, -7.3047e-01]],

        [[ 8.5000e+00,  2.8281e+00, -3.7500e+00,  ...,  2.4707e-01,
           1.1016e+00, -1.3828e+00],
         [-1.9434e-01, -1.6504e-01,  1.8799e-02,  ...,  1.3965e-01,
           1.1035e-01,  4.3750e-01],
         [ 1.2734e+00,  1.0625e+00,  1.6484e+00,  ...,  2.7930e-01,
           2.8125e-01,  4.6875e-02],
         ...,
         [-1.7266e+00, -3.6250e+00,  6.4844e-01,  ...,  2.2070e-01,
          -1.1475e-01,  6.6797e-01],
         [-1.0234e+00, -4.3125e+00, -1.7812e+00,  ..., -4.4375e+00,
           6.6016e-01,  8.9844e-01],
         [-2.8711e-01, -8.7891e-03,  7.7637e-02,  ..., -9.6436e-03,
           3.1128e-02,  6.0303e-02]]], device='cuda:0', dtype=torch.bfloat16)
tensor([[[-4.7188e+00,  2.5312e+00,  2.3906e+00,  ...,  1.1780e-02,
           1.8672e+00, -1.4453e+00],
         [-4.0039e-01, -4.1602e-01,  1.6504e-01,  ..., -3.0396e-02,
           7.8125e-02,  5.9375e-01],
         [-9.0234e-01,  8.9062e-01,  6.9922e-01,  ...,  6.2891e-01,
          -4.1211e-01, -5.5542e-03],
         ...,
         [ 2.6719e+00, -3.3281e+00, -1.0078e+00,  ...,  4.4531e-01,
           7.0312e-01, -1.5640e-03],
         [ 6.0547e-01, -1.4922e+00,  2.1094e+00,  ..., -4.9062e+00,
           6.4453e-01,  1.7656e+00],
         [-3.9844e-01, -2.7084e-04, -9.3750e-01,  ...,  1.8164e-01,
           2.5195e-01,  2.7539e-01]],

        [[-6.3125e+00,  5.5312e+00,  2.3438e-02,  ...,  2.0703e-01,
           3.9453e-01,  1.4062e-01],
         [-1.7812e+00, -2.8906e+00,  4.2773e-01,  ..., -2.5977e-01,
           1.4355e-01, -3.2031e-01],
         [-3.0625e+00,  2.8594e+00,  1.1406e+00,  ..., -3.3789e-01,
           7.3047e-01,  6.2500e-02],
         ...,
         [ 5.4688e+00, -4.4375e+00, -1.1484e+00,  ...,  9.0625e-01,
          -7.0312e-01, -8.1250e-01],
         [ 3.4062e+00,  2.7344e-01, -5.8594e-02,  ..., -4.3438e+00,
           1.2969e+00, -9.3384e-03],
         [ 3.4375e-01, -2.6406e+00,  1.9336e-01,  ...,  8.2422e-01,
           1.9922e+00, -1.0938e+00]],

        [[-4.3125e+00,  2.6875e+00, -3.4375e+00,  ...,  2.4707e-01,
           1.1016e+00, -1.3828e+00],
         [ 2.0312e-01, -6.3965e-02,  6.1340e-03,  ...,  1.3965e-01,
           1.1035e-01,  4.3750e-01],
         [-2.7344e-01,  1.5234e+00, -1.3281e-01,  ...,  2.7930e-01,
           2.8125e-01,  4.6875e-02],
         ...,
         [ 1.5625e+00, -2.4688e+00, -6.4062e-01,  ...,  2.2070e-01,
          -1.1475e-01,  6.6797e-01],
         [-2.1719e+00, -1.3125e+00, -4.2188e+00,  ..., -4.4375e+00,
           6.6016e-01,  8.9844e-01],
         [ 1.9434e-01,  2.8711e-01,  7.3242e-02,  ..., -9.7046e-03,
           3.1128e-02,  6.0303e-02]],

        ...,

        [[ 1.7188e-01, -3.3125e+00, -2.0000e+00,  ...,  1.1780e-02,
           1.8672e+00, -1.4453e+00],
         [ 6.6406e-01,  3.2188e+00,  2.8516e-01,  ..., -3.0396e-02,
           7.8125e-02,  5.9375e-01],
         [ 8.4766e-01, -3.5938e+00, -4.2578e-01,  ...,  6.2891e-01,
          -4.1211e-01, -5.5237e-03],
         ...,
         [ 4.5312e-01,  7.1875e-01, -2.5938e+00,  ...,  4.4531e-01,
           7.0312e-01, -1.5411e-03],
         [ 1.1406e+00, -2.2188e+00, -1.0312e+00,  ..., -4.9062e+00,
           6.4453e-01,  1.7656e+00],
         [ 4.1016e-02,  4.1562e+00,  3.7109e-02,  ...,  1.8164e-01,
           2.5195e-01,  2.7539e-01]],

        [[ 6.3125e+00,  1.6562e+00, -2.6875e+00,  ...,  4.5312e-01,
           4.7461e-01, -1.5859e+00],
         [ 6.5234e-01,  1.5527e-01, -1.7188e+00,  ..., -7.6562e-01,
          -1.2266e+00,  3.0859e-01],
         [ 1.9531e+00, -2.0117e-01, -3.8086e-01,  ...,  1.4258e-01,
          -1.1094e+00,  1.4844e+00],
         ...,
         [-3.3750e+00, -2.6250e+00, -8.5938e-01,  ...,  1.7773e-01,
           1.2578e+00, -6.4844e-01],
         [-1.8750e+00, -2.0312e+00, -2.4375e+00,  ..., -4.9062e+00,
           1.3281e+00,  4.8047e-01],
         [-2.2656e+00, -4.5898e-01,  2.2969e+00,  ...,  5.1953e-01,
           1.0547e+00, -7.3047e-01]],

        [[ 8.5000e+00,  2.8281e+00, -3.7500e+00,  ...,  2.4707e-01,
           1.1016e+00, -1.3828e+00],
         [-1.9434e-01, -1.6504e-01,  1.8799e-02,  ...,  1.3965e-01,
           1.1035e-01,  4.3750e-01],
         [ 1.2734e+00,  1.0625e+00,  1.6484e+00,  ...,  2.7930e-01,
           2.8125e-01,  4.6875e-02],
         ...,
         [-1.7266e+00, -3.6250e+00,  6.4844e-01,  ...,  2.2070e-01,
          -1.1475e-01,  6.6797e-01],
         [-1.0234e+00, -4.3125e+00, -1.7812e+00,  ..., -4.4375e+00,
           6.6016e-01,  8.9844e-01],
         [-2.8711e-01, -8.7891e-03,  7.7637e-02,  ..., -9.6436e-03,
           3.1128e-02,  6.0303e-02]]], device='cuda:0', dtype=torch.bfloat16)
tensor([[[-4.7188e+00,  2.5312e+00,  2.3906e+00,  ...,  1.1780e-02,
           1.8672e+00, -1.4453e+00],
         [-4.0039e-01, -4.1602e-01,  1.6504e-01,  ..., -3.0396e-02,
           7.8125e-02,  5.9375e-01],
         [-9.0234e-01,  8.9062e-01,  6.9922e-01,  ...,  6.2891e-01,
          -4.1211e-01, -5.5542e-03],
         ...,
         [ 2.6719e+00, -3.3281e+00, -1.0078e+00,  ...,  4.4531e-01,
           7.0312e-01, -1.5640e-03],
         [ 6.0547e-01, -1.4922e+00,  2.1094e+00,  ..., -4.9062e+00,
           6.4453e-01,  1.7656e+00],
         [-3.9844e-01, -2.7084e-04, -9.3750e-01,  ...,  1.8164e-01,
           2.5195e-01,  2.7539e-01]],

        [[-6.3125e+00,  5.5312e+00,  2.3438e-02,  ...,  2.0703e-01,
           3.9453e-01,  1.4062e-01],
         [-1.7812e+00, -2.8906e+00,  4.2773e-01,  ..., -2.5977e-01,
           1.4355e-01, -3.2031e-01],
         [-3.0625e+00,  2.8594e+00,  1.1406e+00,  ..., -3.3789e-01,
           7.3047e-01,  6.2500e-02],
         ...,
         [ 5.4688e+00, -4.4375e+00, -1.1484e+00,  ...,  9.0625e-01,
          -7.0312e-01, -8.1250e-01],
         [ 3.4062e+00,  2.7344e-01, -5.8594e-02,  ..., -4.3438e+00,
           1.2969e+00, -9.3384e-03],
         [ 3.4375e-01, -2.6406e+00,  1.9336e-01,  ...,  8.2422e-01,
           1.9922e+00, -1.0938e+00]],

        [[-4.3125e+00,  2.6875e+00, -3.4375e+00,  ...,  2.4707e-01,
           1.1016e+00, -1.3828e+00],
         [ 2.0312e-01, -6.3965e-02,  6.1340e-03,  ...,  1.3965e-01,
           1.1035e-01,  4.3750e-01],
         [-2.7344e-01,  1.5234e+00, -1.3281e-01,  ...,  2.7930e-01,
           2.8125e-01,  4.6875e-02],
         ...,
         [ 1.5625e+00, -2.4688e+00, -6.4062e-01,  ...,  2.2070e-01,
          -1.1475e-01,  6.6797e-01],
         [-2.1719e+00, -1.3125e+00, -4.2188e+00,  ..., -4.4375e+00,
           6.6016e-01,  8.9844e-01],
         [ 1.9434e-01,  2.8711e-01,  7.3242e-02,  ..., -9.7046e-03,
           3.1128e-02,  6.0303e-02]],

        ...,

        [[ 1.7188e-01, -3.3125e+00, -2.0000e+00,  ...,  1.1780e-02,
           1.8672e+00, -1.4453e+00],
         [ 6.6406e-01,  3.2188e+00,  2.8516e-01,  ..., -3.0396e-02,
           7.8125e-02,  5.9375e-01],
         [ 8.4766e-01, -3.5938e+00, -4.2578e-01,  ...,  6.2891e-01,
          -4.1211e-01, -5.5237e-03],
         ...,
         [ 4.5312e-01,  7.1875e-01, -2.5938e+00,  ...,  4.4531e-01,
           7.0312e-01, -1.5411e-03],
         [ 1.1406e+00, -2.2188e+00, -1.0312e+00,  ..., -4.9062e+00,
           6.4453e-01,  1.7656e+00],
         [ 4.1016e-02,  4.1562e+00,  3.7109e-02,  ...,  1.8164e-01,
           2.5195e-01,  2.7539e-01]],

        [[ 6.3125e+00,  1.6562e+00, -2.6875e+00,  ...,  4.5312e-01,
           4.7461e-01, -1.5859e+00],
         [ 6.5234e-01,  1.5527e-01, -1.7188e+00,  ..., -7.6562e-01,
          -1.2266e+00,  3.0859e-01],
         [ 1.9531e+00, -2.0117e-01, -3.8086e-01,  ...,  1.4258e-01,
          -1.1094e+00,  1.4844e+00],
         ...,
         [-3.3750e+00, -2.6250e+00, -8.5938e-01,  ...,  1.7773e-01,
           1.2578e+00, -6.4844e-01],
         [-1.8750e+00, -2.0312e+00, -2.4375e+00,  ..., -4.9062e+00,
           1.3281e+00,  4.8047e-01],
         [-2.2656e+00, -4.5898e-01,  2.2969e+00,  ...,  5.1953e-01,
           1.0547e+00, -7.3047e-01]],

        [[ 8.5000e+00,  2.8281e+00, -3.7500e+00,  ...,  2.4707e-01,
           1.1016e+00, -1.3828e+00],
         [-1.9434e-01, -1.6504e-01,  1.8799e-02,  ...,  1.3965e-01,
           1.1035e-01,  4.3750e-01],
         [ 1.2734e+00,  1.0625e+00,  1.6484e+00,  ...,  2.7930e-01,
           2.8125e-01,  4.6875e-02],
         ...,
         [-1.7266e+00, -3.6250e+00,  6.4844e-01,  ...,  2.2070e-01,
          -1.1475e-01,  6.6797e-01],
         [-1.0234e+00, -4.3125e+00, -1.7812e+00,  ..., -4.4375e+00,
           6.6016e-01,  8.9844e-01],
         [-2.8711e-01, -8.7891e-03,  7.7637e-02,  ..., -9.6436e-03,
           3.1128e-02,  6.0303e-02]]], device='cuda:0', dtype=torch.bfloat16)
tensor([[[-0.4023,  0.9336, -0.0130,  ..., -4.4062,  1.1875,  0.3984],
         [ 1.6719,  1.7266,  2.7812,  ...,  0.4141, -0.3906, -0.4062],
         [ 1.0781, -0.8672,  1.1172,  ...,  0.6523,  7.1250, -2.2656],
         ...,
         [ 0.0845, -0.2363, -1.1406,  ..., -0.1406,  0.4629,  3.9062],
         [-1.4922, -4.7188, -1.5234,  ..., -2.7812, -2.2500,  0.0488],
         [ 0.5508,  0.2109, -0.8398,  ..., -0.9297,  1.0547,  0.6797]],

        [[ 1.6016, -0.7148, -0.7930,  ..., -3.3281,  1.6641,  1.3359],
         [-5.9375,  0.1357, -0.6445,  ...,  0.1201, -0.8633,  0.2451],
         [-1.7188, -1.2969,  0.0508,  ...,  0.2754,  7.7188, -2.1719],
         ...,
         [ 3.6719,  1.7734, -1.1797,  ..., -3.3594,  0.7930,  3.5625],
         [-3.0312, -0.9922,  0.0449,  ..., -2.0469, -2.4688,  0.1855],
         [-2.4062,  1.1484, -1.5703,  ..., -0.6367, -0.8398,  1.9531]],

        [[ 0.4512, -0.0737,  0.3789,  ..., -6.9688,  0.1865, -0.0101],
         [-6.9688, -0.3066, -0.4727,  ...,  0.9492, -0.2090,  0.0991],
         [-0.9141, -1.3672, -0.0137,  ..., -0.4414,  7.1562, -1.6953],
         ...,
         [ 0.6211,  0.8672,  0.3125,  ..., -1.1250,  0.2891,  4.5938],
         [-0.1035,  0.3828,  0.4141,  ..., -1.0078, -0.8242,  0.1816],
         [-0.2354,  0.0549, -0.1240,  ..., -0.3145,  0.9258,  0.4414]],

        ...,

        [[ 0.5469, -0.9062, -0.4199,  ..., -1.8828,  0.8203,  2.4844],
         [-6.1562,  2.7656, -1.3125,  ...,  1.1719,  0.1309,  0.2363],
         [-3.2812,  0.3828, -0.2969,  ...,  1.3750,  3.9531, -3.0938],
         ...,
         [ 0.8477,  1.3203, -0.2324,  ...,  3.4062,  1.7109,  1.4141],
         [-0.5156, -1.5469,  0.8516,  ..., -2.5312, -0.9805, -0.2461],
         [-0.9922, -0.7695, -0.3340,  ...,  0.0276,  0.3145,  1.8359]],

        [[-0.5195,  2.9531,  1.6953,  ..., -4.0000, -0.4785, -0.7695],
         [ 1.5000,  1.5469, -2.9688,  ...,  1.4297, -1.3750, -0.5625],
         [-0.9375, -1.3438, -1.2734,  ..., -0.5703,  6.8438, -1.8750],
         ...,
         [-0.7422,  0.3613,  0.3027,  ...,  1.2266, -0.4180,  4.4375],
         [ 0.0352, -1.2500,  0.3184,  ..., -2.3125, -0.6406, -0.5977],
         [ 1.7812, -1.6094,  0.3359,  ..., -0.3926, -1.3750,  0.5742]],

        [[-1.3594,  0.0713,  1.3359,  ..., -5.3750,  1.4531, -0.0684],
         [ 6.3125,  1.0625, -3.0938,  ...,  0.5859, -0.4824,  0.5664],
         [ 0.5469, -1.0547, -1.3594,  ...,  0.1367,  7.4375, -3.0000],
         ...,
         [-1.2266,  1.4219,  1.4531,  ..., -0.6797, -0.3574,  3.9219],
         [-0.2051, -0.0947,  0.3359,  ..., -1.3672, -0.5234, -0.8203],
         [ 1.0156, -0.5898,  0.5312,  ..., -0.3926,  0.5625,  0.7031]]],
       device='cuda:0', dtype=torch.bfloat16)
tensor([[[-0.4023,  0.9336, -0.0130,  ..., -4.4062,  1.1875,  0.3984],
         [ 1.6719,  1.7266,  2.7812,  ...,  0.4141, -0.3906, -0.4062],
         [ 1.0781, -0.8672,  1.1172,  ...,  0.6523,  7.1250, -2.2656],
         ...,
         [ 0.0845, -0.2363, -1.1406,  ..., -0.1406,  0.4629,  3.9062],
         [-1.4922, -4.7188, -1.5234,  ..., -2.7812, -2.2500,  0.0488],
         [ 0.5508,  0.2109, -0.8398,  ..., -0.9297,  1.0547,  0.6797]],

        [[ 1.6016, -0.7148, -0.7930,  ..., -3.3281,  1.6641,  1.3359],
         [-5.9375,  0.1357, -0.6445,  ...,  0.1201, -0.8633,  0.2451],
         [-1.7188, -1.2969,  0.0508,  ...,  0.2754,  7.7188, -2.1719],
         ...,
         [ 3.6719,  1.7734, -1.1797,  ..., -3.3594,  0.7930,  3.5625],
         [-3.0312, -0.9922,  0.0449,  ..., -2.0469, -2.4688,  0.1855],
         [-2.4062,  1.1484, -1.5703,  ..., -0.6367, -0.8398,  1.9531]],

        [[ 0.4512, -0.0737,  0.3789,  ..., -6.9688,  0.1865, -0.0101],
         [-6.9688, -0.3066, -0.4727,  ...,  0.9492, -0.2090,  0.0991],
         [-0.9141, -1.3672, -0.0137,  ..., -0.4414,  7.1562, -1.6953],
         ...,
         [ 0.6211,  0.8672,  0.3125,  ..., -1.1250,  0.2891,  4.5938],
         [-0.1035,  0.3828,  0.4141,  ..., -1.0078, -0.8242,  0.1816],
         [-0.2354,  0.0549, -0.1240,  ..., -0.3145,  0.9258,  0.4414]],

        ...,

        [[ 0.5469, -0.9062, -0.4199,  ..., -1.8828,  0.8203,  2.4844],
         [-6.1562,  2.7656, -1.3125,  ...,  1.1719,  0.1309,  0.2363],
         [-3.2812,  0.3828, -0.2969,  ...,  1.3750,  3.9531, -3.0938],
         ...,
         [ 0.8477,  1.3203, -0.2324,  ...,  3.4062,  1.7109,  1.4141],
         [-0.5156, -1.5469,  0.8516,  ..., -2.5312, -0.9805, -0.2461],
         [-0.9922, -0.7695, -0.3340,  ...,  0.0276,  0.3145,  1.8359]],

        [[-0.5195,  2.9531,  1.6953,  ..., -4.0000, -0.4785, -0.7695],
         [ 1.5000,  1.5469, -2.9688,  ...,  1.4297, -1.3750, -0.5625],
         [-0.9375, -1.3438, -1.2734,  ..., -0.5703,  6.8438, -1.8750],
         ...,
         [-0.7422,  0.3613,  0.3027,  ...,  1.2266, -0.4180,  4.4375],
         [ 0.0352, -1.2500,  0.3184,  ..., -2.3125, -0.6406, -0.5977],
         [ 1.7812, -1.6094,  0.3359,  ..., -0.3926, -1.3750,  0.5742]],

        [[-1.3594,  0.0713,  1.3359,  ..., -5.3750,  1.4531, -0.0684],
         [ 6.3125,  1.0625, -3.0938,  ...,  0.5859, -0.4824,  0.5664],
         [ 0.5469, -1.0547, -1.3594,  ...,  0.1367,  7.4375, -3.0000],
         ...,
         [-1.2266,  1.4219,  1.4531,  ..., -0.6797, -0.3574,  3.9219],
         [-0.2051, -0.0947,  0.3359,  ..., -1.3672, -0.5234, -0.8203],
         [ 1.0156, -0.5898,  0.5312,  ..., -0.3926,  0.5625,  0.7031]]],
       device='cuda:0', dtype=torch.bfloat16)
tensor([[[-0.4023,  0.9336, -0.0130,  ..., -4.4062,  1.1875,  0.3984],
         [ 1.6719,  1.7266,  2.7812,  ...,  0.4141, -0.3906, -0.4062],
         [ 1.0781, -0.8672,  1.1172,  ...,  0.6523,  7.1250, -2.2656],
         ...,
         [ 0.0845, -0.2363, -1.1406,  ..., -0.1406,  0.4629,  3.9062],
         [-1.4922, -4.7188, -1.5234,  ..., -2.7812, -2.2500,  0.0488],
         [ 0.5508,  0.2109, -0.8398,  ..., -0.9297,  1.0547,  0.6797]],

        [[ 1.6016, -0.7148, -0.7930,  ..., -3.3281,  1.6641,  1.3359],
         [-5.9375,  0.1357, -0.6445,  ...,  0.1201, -0.8633,  0.2451],
         [-1.7188, -1.2969,  0.0508,  ...,  0.2754,  7.7188, -2.1719],
         ...,
         [ 3.6719,  1.7734, -1.1797,  ..., -3.3594,  0.7930,  3.5625],
         [-3.0312, -0.9922,  0.0449,  ..., -2.0469, -2.4688,  0.1855],
         [-2.4062,  1.1484, -1.5703,  ..., -0.6367, -0.8398,  1.9531]],

        [[ 0.4512, -0.0737,  0.3789,  ..., -6.9688,  0.1865, -0.0101],
         [-6.9688, -0.3066, -0.4727,  ...,  0.9492, -0.2090,  0.0991],
         [-0.9141, -1.3672, -0.0137,  ..., -0.4414,  7.1562, -1.6953],
         ...,
         [ 0.6211,  0.8672,  0.3125,  ..., -1.1250,  0.2891,  4.5938],
         [-0.1035,  0.3828,  0.4141,  ..., -1.0078, -0.8242,  0.1816],
         [-0.2354,  0.0549, -0.1240,  ..., -0.3145,  0.9258,  0.4414]],

        ...,

        [[ 0.5469, -0.9062, -0.4199,  ..., -1.8828,  0.8203,  2.4844],
         [-6.1562,  2.7656, -1.3125,  ...,  1.1719,  0.1309,  0.2363],
         [-3.2812,  0.3828, -0.2969,  ...,  1.3750,  3.9531, -3.0938],
         ...,
         [ 0.8477,  1.3203, -0.2324,  ...,  3.4062,  1.7109,  1.4141],
         [-0.5156, -1.5469,  0.8516,  ..., -2.5312, -0.9805, -0.2461],
         [-0.9922, -0.7695, -0.3340,  ...,  0.0276,  0.3145,  1.8359]],

        [[-0.5195,  2.9531,  1.6953,  ..., -4.0000, -0.4785, -0.7695],
         [ 1.5000,  1.5469, -2.9688,  ...,  1.4297, -1.3750, -0.5625],
         [-0.9375, -1.3438, -1.2734,  ..., -0.5703,  6.8438, -1.8750],
         ...,
         [-0.7422,  0.3613,  0.3027,  ...,  1.2266, -0.4180,  4.4375],
         [ 0.0352, -1.2500,  0.3184,  ..., -2.3125, -0.6406, -0.5977],
         [ 1.7812, -1.6094,  0.3359,  ..., -0.3926, -1.3750,  0.5742]],

        [[-1.3594,  0.0713,  1.3359,  ..., -5.3750,  1.4531, -0.0684],
         [ 6.3125,  1.0625, -3.0938,  ...,  0.5859, -0.4824,  0.5664],
         [ 0.5469, -1.0547, -1.3594,  ...,  0.1367,  7.4375, -3.0000],
         ...,
         [-1.2266,  1.4219,  1.4531,  ..., -0.6797, -0.3574,  3.9219],
         [-0.2051, -0.0947,  0.3359,  ..., -1.3672, -0.5234, -0.8203],
         [ 1.0156, -0.5898,  0.5312,  ..., -0.3926,  0.5625,  0.7031]]],
       device='cuda:0', dtype=torch.bfloat16)
tensor([[[-5.9375e-01,  3.6133e-02,  6.4453e-01,  ...,  1.7188e+00,
           1.0078e+00, -1.6719e+00],
         [ 7.0703e-01, -2.9297e-03, -8.7891e-02,  ..., -5.1172e-01,
           1.7090e-01, -6.7578e-01],
         [-4.1211e-01, -6.7578e-01,  5.6641e-01,  ...,  2.7500e+00,
          -6.4688e+00,  3.9531e+00],
         ...,
         [-9.9609e-01, -1.5723e-01,  6.7578e-01,  ...,  3.6523e-01,
          -2.6758e-01, -4.3164e-01],
         [-1.1875e+00, -9.3750e-01,  4.8828e-01,  ...,  4.2969e-02,
           7.3047e-01, -7.3047e-01],
         [-1.8516e+00, -3.8867e-01, -7.8516e-01,  ...,  5.6562e+00,
          -7.0625e+00, -1.3750e+00]],

        [[ 2.4023e-01, -8.7500e-01,  4.6680e-01,  ...,  1.1172e+00,
           1.5703e+00, -3.1562e+00],
         [ 5.3516e-01, -1.8750e+00, -2.6367e-01,  ..., -8.4375e-01,
           4.2773e-01,  1.4766e+00],
         [ 1.2695e-01,  1.2109e-01, -1.9922e-01,  ...,  2.8906e+00,
          -5.5625e+00,  2.5938e+00],
         ...,
         [-3.2969e+00, -4.9023e-01,  1.8828e+00,  ...,  8.2812e-01,
           1.0312e+00,  3.0273e-01],
         [ 1.7969e-01, -2.5000e-01,  4.5312e-01,  ..., -4.7461e-01,
           1.1641e+00,  3.4570e-01],
         [-6.2500e-02,  6.4453e-01, -2.0020e-02,  ...,  5.0938e+00,
          -1.1328e+00, -2.1582e-01]],

        [[ 4.9316e-02, -9.6191e-02,  5.9570e-02,  ...,  1.3750e+00,
           7.5781e-01, -2.2656e+00],
         [-4.8340e-02,  5.7373e-02, -1.8359e-01,  ..., -1.2500e-01,
          -6.8359e-02, -3.4375e-01],
         [-2.9297e-03, -9.1309e-02, -2.1118e-02,  ...,  2.8438e+00,
          -7.0312e+00,  4.9062e+00],
         ...,
         [-1.5137e-01, -1.3477e-01, -1.4062e-01,  ...,  3.7598e-02,
          -2.0508e-01, -1.7383e-01],
         [ 3.4912e-02,  2.7539e-01,  6.4697e-03,  ..., -4.3555e-01,
           5.9326e-02, -2.9688e-01],
         [ 3.6719e-01,  2.7930e-01, -4.8340e-02,  ...,  6.8438e+00,
          -6.2500e+00, -1.4141e+00]],

        ...,

        [[ 1.8516e+00,  5.8594e-01,  2.2812e+00,  ...,  8.0469e-01,
           1.3359e+00,  3.3398e-01],
         [-2.4688e+00,  1.6953e+00, -8.7500e-01,  ..., -2.0625e+00,
           1.8438e+00, -1.5156e+00],
         [-6.3281e-01,  1.1328e+00,  4.8438e-01,  ...,  4.9023e-01,
          -5.0625e+00,  1.2422e+00],
         ...,
         [ 5.5625e+00,  8.0469e-01,  1.7969e+00,  ...,  1.2891e-01,
           3.7109e-01, -5.0000e-01],
         [ 4.2500e+00, -2.5469e+00, -9.1797e-01,  ...,  6.5625e-01,
           1.6719e+00, -9.8047e-01],
         [ 1.2188e+00, -5.1562e-01, -1.0781e+00,  ...,  3.7031e+00,
          -8.5625e+00, -3.7656e+00]],

        [[ 3.0859e-01, -1.2188e+00, -1.5625e+00,  ...,  2.3594e+00,
           6.5234e-01, -3.0781e+00],
         [-1.9922e+00,  4.9609e-01, -1.5234e-01,  ..., -3.4375e-01,
           7.7344e-01,  7.3242e-02],
         [ 1.2812e+00, -1.2031e+00, -7.1875e-01,  ...,  3.0938e+00,
          -4.6875e+00,  4.5312e+00],
         ...,
         [ 4.7188e+00,  1.3359e+00,  2.2031e+00,  ...,  2.7344e-02,
           4.0625e-01,  3.4180e-01],
         [ 4.3438e+00, -1.8281e+00, -9.2969e-01,  ..., -2.0000e+00,
           1.5391e+00,  1.1016e+00],
         [ 3.0469e-01, -1.6602e-01,  2.6562e-01,  ...,  5.1875e+00,
           5.4297e-01, -1.2891e+00]],

        [[-1.2695e-01,  7.3438e-01, -8.7109e-01,  ..., -2.1875e-01,
           2.0156e+00, -2.2969e+00],
         [-1.9336e-01, -7.6562e-01, -3.0273e-01,  ..., -7.0312e-02,
          -6.2891e-01, -7.7515e-03],
         [-8.2520e-02, -3.4961e-01, -2.6172e-01,  ...,  1.7500e+00,
          -3.9219e+00,  3.2969e+00],
         ...,
         [ 1.2188e+00, -3.0078e-01,  2.0898e-01,  ..., -7.3828e-01,
           4.5117e-01, -1.3046e-03],
         [ 1.2188e+00,  2.1094e+00, -2.5586e-01,  ..., -1.5137e-01,
           8.0469e-01,  7.1094e-01],
         [-9.3750e-01,  3.3398e-01,  5.5469e-01,  ...,  6.5938e+00,
          -1.1641e+00,  9.4922e-01]]], device='cuda:0', dtype=torch.bfloat16)
tensor([[[-5.9375e-01,  3.6133e-02,  6.4453e-01,  ...,  1.7188e+00,
           1.0078e+00, -1.6719e+00],
         [ 7.0703e-01, -2.9297e-03, -8.7891e-02,  ..., -5.1172e-01,
           1.7090e-01, -6.7578e-01],
         [-4.1211e-01, -6.7578e-01,  5.6641e-01,  ...,  2.7500e+00,
          -6.4688e+00,  3.9531e+00],
         ...,
         [-9.9609e-01, -1.5723e-01,  6.7578e-01,  ...,  3.6523e-01,
          -2.6758e-01, -4.3164e-01],
         [-1.1875e+00, -9.3750e-01,  4.8828e-01,  ...,  4.2969e-02,
           7.3047e-01, -7.3047e-01],
         [-1.8516e+00, -3.8867e-01, -7.8516e-01,  ...,  5.6562e+00,
          -7.0625e+00, -1.3750e+00]],

        [[ 2.4023e-01, -8.7500e-01,  4.6680e-01,  ...,  1.1172e+00,
           1.5703e+00, -3.1562e+00],
         [ 5.3516e-01, -1.8750e+00, -2.6367e-01,  ..., -8.4375e-01,
           4.2773e-01,  1.4766e+00],
         [ 1.2695e-01,  1.2109e-01, -1.9922e-01,  ...,  2.8906e+00,
          -5.5625e+00,  2.5938e+00],
         ...,
         [-3.2969e+00, -4.9023e-01,  1.8828e+00,  ...,  8.2812e-01,
           1.0312e+00,  3.0273e-01],
         [ 1.7969e-01, -2.5000e-01,  4.5312e-01,  ..., -4.7461e-01,
           1.1641e+00,  3.4570e-01],
         [-6.2500e-02,  6.4453e-01, -2.0020e-02,  ...,  5.0938e+00,
          -1.1328e+00, -2.1582e-01]],

        [[ 4.9316e-02, -9.6191e-02,  5.9570e-02,  ...,  1.3750e+00,
           7.5781e-01, -2.2656e+00],
         [-4.8340e-02,  5.7373e-02, -1.8359e-01,  ..., -1.2500e-01,
          -6.8359e-02, -3.4375e-01],
         [-2.9297e-03, -9.1309e-02, -2.1118e-02,  ...,  2.8438e+00,
          -7.0312e+00,  4.9062e+00],
         ...,
         [-1.5137e-01, -1.3477e-01, -1.4062e-01,  ...,  3.7598e-02,
          -2.0508e-01, -1.7383e-01],
         [ 3.4912e-02,  2.7539e-01,  6.4697e-03,  ..., -4.3555e-01,
           5.9326e-02, -2.9688e-01],
         [ 3.6719e-01,  2.7930e-01, -4.8340e-02,  ...,  6.8438e+00,
          -6.2500e+00, -1.4141e+00]],

        ...,

        [[ 1.8516e+00,  5.8594e-01,  2.2812e+00,  ...,  8.0469e-01,
           1.3359e+00,  3.3398e-01],
         [-2.4688e+00,  1.6953e+00, -8.7500e-01,  ..., -2.0625e+00,
           1.8438e+00, -1.5156e+00],
         [-6.3281e-01,  1.1328e+00,  4.8438e-01,  ...,  4.9023e-01,
          -5.0625e+00,  1.2422e+00],
         ...,
         [ 5.5625e+00,  8.0469e-01,  1.7969e+00,  ...,  1.2891e-01,
           3.7109e-01, -5.0000e-01],
         [ 4.2500e+00, -2.5469e+00, -9.1797e-01,  ...,  6.5625e-01,
           1.6719e+00, -9.8047e-01],
         [ 1.2188e+00, -5.1562e-01, -1.0781e+00,  ...,  3.7031e+00,
          -8.5625e+00, -3.7656e+00]],

        [[ 3.0859e-01, -1.2188e+00, -1.5625e+00,  ...,  2.3594e+00,
           6.5234e-01, -3.0781e+00],
         [-1.9922e+00,  4.9609e-01, -1.5234e-01,  ..., -3.4375e-01,
           7.7344e-01,  7.3242e-02],
         [ 1.2812e+00, -1.2031e+00, -7.1875e-01,  ...,  3.0938e+00,
          -4.6875e+00,  4.5312e+00],
         ...,
         [ 4.7188e+00,  1.3359e+00,  2.2031e+00,  ...,  2.7344e-02,
           4.0625e-01,  3.4180e-01],
         [ 4.3438e+00, -1.8281e+00, -9.2969e-01,  ..., -2.0000e+00,
           1.5391e+00,  1.1016e+00],
         [ 3.0469e-01, -1.6602e-01,  2.6562e-01,  ...,  5.1875e+00,
           5.4297e-01, -1.2891e+00]],

        [[-1.2695e-01,  7.3438e-01, -8.7109e-01,  ..., -2.1875e-01,
           2.0156e+00, -2.2969e+00],
         [-1.9336e-01, -7.6562e-01, -3.0273e-01,  ..., -7.0312e-02,
          -6.2891e-01, -7.7515e-03],
         [-8.2520e-02, -3.4961e-01, -2.6172e-01,  ...,  1.7500e+00,
          -3.9219e+00,  3.2969e+00],
         ...,
         [ 1.2188e+00, -3.0078e-01,  2.0898e-01,  ..., -7.3828e-01,
           4.5117e-01, -1.3046e-03],
         [ 1.2188e+00,  2.1094e+00, -2.5586e-01,  ..., -1.5137e-01,
           8.0469e-01,  7.1094e-01],
         [-9.3750e-01,  3.3398e-01,  5.5469e-01,  ...,  6.5938e+00,
          -1.1641e+00,  9.4922e-01]]], device='cuda:0', dtype=torch.bfloat16)
tensor([[[-5.9375e-01,  3.6133e-02,  6.4453e-01,  ...,  1.7188e+00,
           1.0078e+00, -1.6719e+00],
         [ 7.0703e-01, -2.9297e-03, -8.7891e-02,  ..., -5.1172e-01,
           1.7090e-01, -6.7578e-01],
         [-4.1211e-01, -6.7578e-01,  5.6641e-01,  ...,  2.7500e+00,
          -6.4688e+00,  3.9531e+00],
         ...,
         [-9.9609e-01, -1.5723e-01,  6.7578e-01,  ...,  3.6523e-01,
          -2.6758e-01, -4.3164e-01],
         [-1.1875e+00, -9.3750e-01,  4.8828e-01,  ...,  4.2969e-02,
           7.3047e-01, -7.3047e-01],
         [-1.8516e+00, -3.8867e-01, -7.8516e-01,  ...,  5.6562e+00,
          -7.0625e+00, -1.3750e+00]],

        [[ 2.4023e-01, -8.7500e-01,  4.6680e-01,  ...,  1.1172e+00,
           1.5703e+00, -3.1562e+00],
         [ 5.3516e-01, -1.8750e+00, -2.6367e-01,  ..., -8.4375e-01,
           4.2773e-01,  1.4766e+00],
         [ 1.2695e-01,  1.2109e-01, -1.9922e-01,  ...,  2.8906e+00,
          -5.5625e+00,  2.5938e+00],
         ...,
         [-3.2969e+00, -4.9023e-01,  1.8828e+00,  ...,  8.2812e-01,
           1.0312e+00,  3.0273e-01],
         [ 1.7969e-01, -2.5000e-01,  4.5312e-01,  ..., -4.7461e-01,
           1.1641e+00,  3.4570e-01],
         [-6.2500e-02,  6.4453e-01, -2.0020e-02,  ...,  5.0938e+00,
          -1.1328e+00, -2.1582e-01]],

        [[ 4.9316e-02, -9.6191e-02,  5.9570e-02,  ...,  1.3750e+00,
           7.5781e-01, -2.2656e+00],
         [-4.8340e-02,  5.7373e-02, -1.8359e-01,  ..., -1.2500e-01,
          -6.8359e-02, -3.4375e-01],
         [-2.9297e-03, -9.1309e-02, -2.1118e-02,  ...,  2.8438e+00,
          -7.0312e+00,  4.9062e+00],
         ...,
         [-1.5137e-01, -1.3477e-01, -1.4062e-01,  ...,  3.7598e-02,
          -2.0508e-01, -1.7383e-01],
         [ 3.4912e-02,  2.7539e-01,  6.4697e-03,  ..., -4.3555e-01,
           5.9326e-02, -2.9688e-01],
         [ 3.6719e-01,  2.7930e-01, -4.8340e-02,  ...,  6.8438e+00,
          -6.2500e+00, -1.4141e+00]],

        ...,

        [[ 1.8516e+00,  5.8594e-01,  2.2812e+00,  ...,  8.0469e-01,
           1.3359e+00,  3.3398e-01],
         [-2.4688e+00,  1.6953e+00, -8.7500e-01,  ..., -2.0625e+00,
           1.8438e+00, -1.5156e+00],
         [-6.3281e-01,  1.1328e+00,  4.8438e-01,  ...,  4.9023e-01,
          -5.0625e+00,  1.2422e+00],
         ...,
         [ 5.5625e+00,  8.0469e-01,  1.7969e+00,  ...,  1.2891e-01,
           3.7109e-01, -5.0000e-01],
         [ 4.2500e+00, -2.5469e+00, -9.1797e-01,  ...,  6.5625e-01,
           1.6719e+00, -9.8047e-01],
         [ 1.2188e+00, -5.1562e-01, -1.0781e+00,  ...,  3.7031e+00,
          -8.5625e+00, -3.7656e+00]],

        [[ 3.0859e-01, -1.2188e+00, -1.5625e+00,  ...,  2.3594e+00,
           6.5234e-01, -3.0781e+00],
         [-1.9922e+00,  4.9609e-01, -1.5234e-01,  ..., -3.4375e-01,
           7.7344e-01,  7.3242e-02],
         [ 1.2812e+00, -1.2031e+00, -7.1875e-01,  ...,  3.0938e+00,
          -4.6875e+00,  4.5312e+00],
         ...,
         [ 4.7188e+00,  1.3359e+00,  2.2031e+00,  ...,  2.7344e-02,
           4.0625e-01,  3.4180e-01],
         [ 4.3438e+00, -1.8281e+00, -9.2969e-01,  ..., -2.0000e+00,
           1.5391e+00,  1.1016e+00],
         [ 3.0469e-01, -1.6602e-01,  2.6562e-01,  ...,  5.1875e+00,
           5.4297e-01, -1.2891e+00]],

        [[-1.2695e-01,  7.3438e-01, -8.7109e-01,  ..., -2.1875e-01,
           2.0156e+00, -2.2969e+00],
         [-1.9336e-01, -7.6562e-01, -3.0273e-01,  ..., -7.0312e-02,
          -6.2891e-01, -7.7515e-03],
         [-8.2520e-02, -3.4961e-01, -2.6172e-01,  ...,  1.7500e+00,
          -3.9219e+00,  3.2969e+00],
         ...,
         [ 1.2188e+00, -3.0078e-01,  2.0898e-01,  ..., -7.3828e-01,
           4.5117e-01, -1.3046e-03],
         [ 1.2188e+00,  2.1094e+00, -2.5586e-01,  ..., -1.5137e-01,
           8.0469e-01,  7.1094e-01],
         [-9.3750e-01,  3.3398e-01,  5.5469e-01,  ...,  6.5938e+00,
          -1.1641e+00,  9.4922e-01]]], device='cuda:0', dtype=torch.bfloat16)
tensor([[[ 1.0352e-01,  2.1680e-01, -4.3359e-01,  ..., -1.0234e+00,
           8.9844e-01,  4.6680e-01],
         [ 1.2695e-01, -2.9688e-01,  2.9102e-01,  ..., -8.3203e-01,
          -8.3125e+00,  2.7188e+00],
         [-2.6953e-01, -4.0625e-01,  6.8359e-01,  ..., -9.4375e+00,
           8.5625e+00,  7.8750e+00],
         ...,
         [-9.2969e-01, -1.2188e+00,  8.1177e-03,  ..., -3.9531e+00,
          -1.2500e+01, -5.1953e-01],
         [ 1.5234e-01, -3.4180e-01, -3.7305e-01,  ..., -5.9766e-01,
           3.6133e-02,  2.7539e-01],
         [ 2.5781e-01,  7.3242e-02,  4.5898e-01,  ...,  1.3965e-01,
          -3.3789e-01, -5.3223e-02]],

        [[ 4.5000e+00, -1.3906e+00, -2.9531e+00,  ..., -1.6328e+00,
          -6.2109e-01, -7.1094e-01],
         [-4.2969e-01,  8.9062e-01,  2.5391e-02,  ...,  6.9062e+00,
          -6.6875e+00,  4.1250e+00],
         [-3.2812e-01, -4.4141e-01, -1.4453e-01,  ..., -9.1875e+00,
           9.6875e+00,  3.8750e+00],
         ...,
         [ 5.3711e-02,  1.1719e-02,  1.8047e+00,  ...,  2.0156e+00,
          -1.0688e+01, -2.0898e-01],
         [ 2.5000e+00,  1.1562e+00,  6.4844e-01,  ..., -8.7500e-01,
          -5.3125e-01, -1.2266e+00],
         [ 2.1250e+00,  2.0938e+00, -2.2500e+00,  ..., -2.2461e-01,
          -5.5176e-02, -1.4038e-02]],

        [[-3.9551e-02, -4.1211e-01, -8.3008e-02,  ...,  4.1211e-01,
           2.6758e-01, -5.0781e-01],
         [ 6.7383e-02,  9.7656e-02,  1.3867e-01,  ..., -5.8984e-01,
          -9.6875e+00,  8.5938e-01],
         [ 1.3428e-02, -7.3853e-03,  1.8921e-02,  ..., -9.9375e+00,
           8.6250e+00,  1.0688e+01],
         ...,
         [ 1.6016e-01,  1.1230e-01,  2.4170e-02,  ..., -9.1875e+00,
          -1.2000e+01,  1.7969e-01],
         [ 4.3457e-02, -4.3335e-03, -1.5918e-01,  ..., -1.7285e-01,
           4.3359e-01,  3.8867e-01],
         [-5.2734e-02, -3.9673e-03,  2.2217e-02,  ...,  1.5137e-01,
           1.7822e-02, -1.8164e-01]],

        ...,

        [[-2.8750e+00,  8.8281e-01, -1.1875e+00,  ..., -8.9111e-03,
           6.0156e-01, -1.3184e-01],
         [ 1.2891e+00, -1.6172e+00, -2.8594e+00,  ...,  1.9375e+00,
          -6.2188e+00,  7.9375e+00],
         [ 9.4141e-01, -2.5781e-01, -8.2812e-01,  ..., -6.8750e+00,
           5.1562e+00,  5.4062e+00],
         ...,
         [-1.0234e+00, -3.0469e-01,  1.2812e+00,  ...,  3.1562e+00,
          -1.0125e+01,  7.1094e-01],
         [-4.1250e+00, -2.9688e+00,  3.3281e+00,  ..., -3.6914e-01,
          -8.2812e-01, -1.7031e+00],
         [-8.2500e+00, -4.7188e+00, -3.2812e+00,  ...,  3.9062e-01,
          -9.3750e-01, -6.3672e-01]],

        [[-4.8750e+00, -1.0234e+00, -9.8828e-01,  ..., -1.5156e+00,
          -8.0078e-01, -1.0391e+00],
         [ 7.9297e-01,  2.2852e-01, -1.5625e+00,  ...,  9.8750e+00,
          -4.8750e+00,  3.1250e+00],
         [ 6.6016e-01, -7.0312e-01, -8.3203e-01,  ..., -1.0875e+01,
           1.0688e+01,  5.2500e+00],
         ...,
         [-5.8984e-01, -6.7969e-01,  1.3672e+00,  ..., -2.3242e-01,
          -1.1375e+01,  9.0625e-01],
         [-4.8750e+00,  2.4531e+00,  4.4375e+00,  ..., -8.7891e-01,
           1.2734e+00, -7.4609e-01],
         [-3.9062e+00, -2.7500e+00, -4.6250e+00,  ..., -4.1797e-01,
          -6.6016e-01, -1.1797e+00]],

        [[-1.2891e+00, -1.2578e+00,  1.1094e+00,  ..., -7.6953e-01,
          -1.7812e+00, -2.2969e+00],
         [-7.5781e-01,  1.2500e+00, -7.8906e-01,  ..., -4.1504e-02,
          -1.0312e+01, -1.2500e+00],
         [-2.7148e-01,  3.1641e-01,  3.8477e-01,  ..., -8.8125e+00,
           1.1688e+01,  6.3281e-01],
         ...,
         [-2.1484e-02, -4.5703e-01, -3.3789e-01,  ..., -6.6016e-01,
          -1.1062e+01,  1.3281e+00],
         [-1.2109e+00,  1.7266e+00, -3.5938e-01,  ..., -6.2891e-01,
           2.7930e-01,  1.3379e-01],
         [ 7.8125e-03,  5.6641e-01, -2.3594e+00,  ...,  9.6875e-01,
          -1.8359e+00, -6.9336e-02]]], device='cuda:0', dtype=torch.bfloat16)
tensor([[[ 1.0352e-01,  2.1680e-01, -4.3359e-01,  ..., -1.0234e+00,
           8.9844e-01,  4.6680e-01],
         [ 1.2695e-01, -2.9688e-01,  2.9102e-01,  ..., -8.3203e-01,
          -8.3125e+00,  2.7188e+00],
         [-2.6953e-01, -4.0625e-01,  6.8359e-01,  ..., -9.4375e+00,
           8.5625e+00,  7.8750e+00],
         ...,
         [-9.2969e-01, -1.2188e+00,  8.1177e-03,  ..., -3.9531e+00,
          -1.2500e+01, -5.1953e-01],
         [ 1.5234e-01, -3.4180e-01, -3.7305e-01,  ..., -5.9766e-01,
           3.6133e-02,  2.7539e-01],
         [ 2.5781e-01,  7.3242e-02,  4.5898e-01,  ...,  1.3965e-01,
          -3.3789e-01, -5.3223e-02]],

        [[ 4.5000e+00, -1.3906e+00, -2.9531e+00,  ..., -1.6328e+00,
          -6.2109e-01, -7.1094e-01],
         [-4.2969e-01,  8.9062e-01,  2.5391e-02,  ...,  6.9062e+00,
          -6.6875e+00,  4.1250e+00],
         [-3.2812e-01, -4.4141e-01, -1.4453e-01,  ..., -9.1875e+00,
           9.6875e+00,  3.8750e+00],
         ...,
         [ 5.3711e-02,  1.1719e-02,  1.8047e+00,  ...,  2.0156e+00,
          -1.0688e+01, -2.0898e-01],
         [ 2.5000e+00,  1.1562e+00,  6.4844e-01,  ..., -8.7500e-01,
          -5.3125e-01, -1.2266e+00],
         [ 2.1250e+00,  2.0938e+00, -2.2500e+00,  ..., -2.2461e-01,
          -5.5176e-02, -1.4038e-02]],

        [[-3.9551e-02, -4.1211e-01, -8.3008e-02,  ...,  4.1211e-01,
           2.6758e-01, -5.0781e-01],
         [ 6.7383e-02,  9.7656e-02,  1.3867e-01,  ..., -5.8984e-01,
          -9.6875e+00,  8.5938e-01],
         [ 1.3428e-02, -7.3853e-03,  1.8921e-02,  ..., -9.9375e+00,
           8.6250e+00,  1.0688e+01],
         ...,
         [ 1.6016e-01,  1.1230e-01,  2.4170e-02,  ..., -9.1875e+00,
          -1.2000e+01,  1.7969e-01],
         [ 4.3457e-02, -4.3335e-03, -1.5918e-01,  ..., -1.7285e-01,
           4.3359e-01,  3.8867e-01],
         [-5.2734e-02, -3.9673e-03,  2.2217e-02,  ...,  1.5137e-01,
           1.7822e-02, -1.8164e-01]],

        ...,

        [[-2.8750e+00,  8.8281e-01, -1.1875e+00,  ..., -8.9111e-03,
           6.0156e-01, -1.3184e-01],
         [ 1.2891e+00, -1.6172e+00, -2.8594e+00,  ...,  1.9375e+00,
          -6.2188e+00,  7.9375e+00],
         [ 9.4141e-01, -2.5781e-01, -8.2812e-01,  ..., -6.8750e+00,
           5.1562e+00,  5.4062e+00],
         ...,
         [-1.0234e+00, -3.0469e-01,  1.2812e+00,  ...,  3.1562e+00,
          -1.0125e+01,  7.1094e-01],
         [-4.1250e+00, -2.9688e+00,  3.3281e+00,  ..., -3.6914e-01,
          -8.2812e-01, -1.7031e+00],
         [-8.2500e+00, -4.7188e+00, -3.2812e+00,  ...,  3.9062e-01,
          -9.3750e-01, -6.3672e-01]],

        [[-4.8750e+00, -1.0234e+00, -9.8828e-01,  ..., -1.5156e+00,
          -8.0078e-01, -1.0391e+00],
         [ 7.9297e-01,  2.2852e-01, -1.5625e+00,  ...,  9.8750e+00,
          -4.8750e+00,  3.1250e+00],
         [ 6.6016e-01, -7.0312e-01, -8.3203e-01,  ..., -1.0875e+01,
           1.0688e+01,  5.2500e+00],
         ...,
         [-5.8984e-01, -6.7969e-01,  1.3672e+00,  ..., -2.3242e-01,
          -1.1375e+01,  9.0625e-01],
         [-4.8750e+00,  2.4531e+00,  4.4375e+00,  ..., -8.7891e-01,
           1.2734e+00, -7.4609e-01],
         [-3.9062e+00, -2.7500e+00, -4.6250e+00,  ..., -4.1797e-01,
          -6.6016e-01, -1.1797e+00]],

        [[-1.2891e+00, -1.2578e+00,  1.1094e+00,  ..., -7.6953e-01,
          -1.7812e+00, -2.2969e+00],
         [-7.5781e-01,  1.2500e+00, -7.8906e-01,  ..., -4.1504e-02,
          -1.0312e+01, -1.2500e+00],
         [-2.7148e-01,  3.1641e-01,  3.8477e-01,  ..., -8.8125e+00,
           1.1688e+01,  6.3281e-01],
         ...,
         [-2.1484e-02, -4.5703e-01, -3.3789e-01,  ..., -6.6016e-01,
          -1.1062e+01,  1.3281e+00],
         [-1.2109e+00,  1.7266e+00, -3.5938e-01,  ..., -6.2891e-01,
           2.7930e-01,  1.3379e-01],
         [ 7.8125e-03,  5.6641e-01, -2.3594e+00,  ...,  9.6875e-01,
          -1.8359e+00, -6.9336e-02]]], device='cuda:0', dtype=torch.bfloat16)
tensor([[[ 1.0352e-01,  2.1680e-01, -4.3359e-01,  ..., -1.0234e+00,
           8.9844e-01,  4.6680e-01],
         [ 1.2695e-01, -2.9688e-01,  2.9102e-01,  ..., -8.3203e-01,
          -8.3125e+00,  2.7188e+00],
         [-2.6953e-01, -4.0625e-01,  6.8359e-01,  ..., -9.4375e+00,
           8.5625e+00,  7.8750e+00],
         ...,
         [-9.2969e-01, -1.2188e+00,  8.1177e-03,  ..., -3.9531e+00,
          -1.2500e+01, -5.1953e-01],
         [ 1.5234e-01, -3.4180e-01, -3.7305e-01,  ..., -5.9766e-01,
           3.6133e-02,  2.7539e-01],
         [ 2.5781e-01,  7.3242e-02,  4.5898e-01,  ...,  1.3965e-01,
          -3.3789e-01, -5.3223e-02]],

        [[ 4.5000e+00, -1.3906e+00, -2.9531e+00,  ..., -1.6328e+00,
          -6.2109e-01, -7.1094e-01],
         [-4.2969e-01,  8.9062e-01,  2.5391e-02,  ...,  6.9062e+00,
          -6.6875e+00,  4.1250e+00],
         [-3.2812e-01, -4.4141e-01, -1.4453e-01,  ..., -9.1875e+00,
           9.6875e+00,  3.8750e+00],
         ...,
         [ 5.3711e-02,  1.1719e-02,  1.8047e+00,  ...,  2.0156e+00,
          -1.0688e+01, -2.0898e-01],
         [ 2.5000e+00,  1.1562e+00,  6.4844e-01,  ..., -8.7500e-01,
          -5.3125e-01, -1.2266e+00],
         [ 2.1250e+00,  2.0938e+00, -2.2500e+00,  ..., -2.2461e-01,
          -5.5176e-02, -1.4038e-02]],

        [[-3.9551e-02, -4.1211e-01, -8.3008e-02,  ...,  4.1211e-01,
           2.6758e-01, -5.0781e-01],
         [ 6.7383e-02,  9.7656e-02,  1.3867e-01,  ..., -5.8984e-01,
          -9.6875e+00,  8.5938e-01],
         [ 1.3428e-02, -7.3853e-03,  1.8921e-02,  ..., -9.9375e+00,
           8.6250e+00,  1.0688e+01],
         ...,
         [ 1.6016e-01,  1.1230e-01,  2.4170e-02,  ..., -9.1875e+00,
          -1.2000e+01,  1.7969e-01],
         [ 4.3457e-02, -4.3335e-03, -1.5918e-01,  ..., -1.7285e-01,
           4.3359e-01,  3.8867e-01],
         [-5.2734e-02, -3.9673e-03,  2.2217e-02,  ...,  1.5137e-01,
           1.7822e-02, -1.8164e-01]],

        ...,

        [[-2.8750e+00,  8.8281e-01, -1.1875e+00,  ..., -8.9111e-03,
           6.0156e-01, -1.3184e-01],
         [ 1.2891e+00, -1.6172e+00, -2.8594e+00,  ...,  1.9375e+00,
          -6.2188e+00,  7.9375e+00],
         [ 9.4141e-01, -2.5781e-01, -8.2812e-01,  ..., -6.8750e+00,
           5.1562e+00,  5.4062e+00],
         ...,
         [-1.0234e+00, -3.0469e-01,  1.2812e+00,  ...,  3.1562e+00,
          -1.0125e+01,  7.1094e-01],
         [-4.1250e+00, -2.9688e+00,  3.3281e+00,  ..., -3.6914e-01,
          -8.2812e-01, -1.7031e+00],
         [-8.2500e+00, -4.7188e+00, -3.2812e+00,  ...,  3.9062e-01,
          -9.3750e-01, -6.3672e-01]],

        [[-4.8750e+00, -1.0234e+00, -9.8828e-01,  ..., -1.5156e+00,
          -8.0078e-01, -1.0391e+00],
         [ 7.9297e-01,  2.2852e-01, -1.5625e+00,  ...,  9.8750e+00,
          -4.8750e+00,  3.1250e+00],
         [ 6.6016e-01, -7.0312e-01, -8.3203e-01,  ..., -1.0875e+01,
           1.0688e+01,  5.2500e+00],
         ...,
         [-5.8984e-01, -6.7969e-01,  1.3672e+00,  ..., -2.3242e-01,
          -1.1375e+01,  9.0625e-01],
         [-4.8750e+00,  2.4531e+00,  4.4375e+00,  ..., -8.7891e-01,
           1.2734e+00, -7.4609e-01],
         [-3.9062e+00, -2.7500e+00, -4.6250e+00,  ..., -4.1797e-01,
          -6.6016e-01, -1.1797e+00]],

        [[-1.2891e+00, -1.2578e+00,  1.1094e+00,  ..., -7.6953e-01,
          -1.7812e+00, -2.2969e+00],
         [-7.5781e-01,  1.2500e+00, -7.8906e-01,  ..., -4.1504e-02,
          -1.0312e+01, -1.2500e+00],
         [-2.7148e-01,  3.1641e-01,  3.8477e-01,  ..., -8.8125e+00,
           1.1688e+01,  6.3281e-01],
         ...,
         [-2.1484e-02, -4.5703e-01, -3.3789e-01,  ..., -6.6016e-01,
          -1.1062e+01,  1.3281e+00],
         [-1.2109e+00,  1.7266e+00, -3.5938e-01,  ..., -6.2891e-01,
           2.7930e-01,  1.3379e-01],
         [ 7.8125e-03,  5.6641e-01, -2.3594e+00,  ...,  9.6875e-01,
          -1.8359e+00, -6.9336e-02]]], device='cuda:0', dtype=torch.bfloat16)
tensor([[[ 5.0391e-01, -3.1836e-01,  7.5781e-01,  ..., -6.6797e-01,
          -1.1719e+00,  1.3500e+01],
         [-4.1016e-01, -3.1445e-01,  1.0986e-01,  ...,  2.9531e+00,
           1.9688e+00, -1.2695e-01],
         [-4.1016e-01,  1.1084e-01, -1.0010e-01,  ...,  2.0508e-01,
          -3.8477e-01, -1.5430e-01],
         ...,
         [ 1.8457e-01, -5.1172e-01, -3.1445e-01,  ...,  3.3438e+00,
          -4.2773e-01, -4.7500e+00],
         [ 5.1172e-01, -1.5137e-01, -3.3398e-01,  ...,  1.9062e+00,
           5.3906e-01,  1.3672e+00],
         [ 3.9648e-01, -8.3594e-01,  8.8672e-01,  ..., -8.6250e+00,
           3.1250e-01,  3.7031e+00]],

        [[ 1.2422e+00,  9.0234e-01, -4.7070e-01,  ..., -2.4219e+00,
          -2.6875e+00,  9.3125e+00],
         [-4.3359e-01,  8.3008e-02,  1.2891e-01,  ...,  3.6250e+00,
           1.1953e+00,  7.4609e-01],
         [-2.9062e+00,  1.2734e+00, -7.7344e-01,  ..., -5.0000e-01,
           6.7188e-01, -1.7480e-01],
         ...,
         [ 1.9375e+00, -1.0312e+00, -1.7090e-01,  ...,  2.0312e+00,
           4.0312e+00, -4.5000e+00],
         [ 1.3984e+00, -1.5781e+00, -2.4219e+00,  ...,  2.9531e+00,
          -9.4531e-01,  1.9453e+00],
         [ 6.8359e-01,  8.3984e-02,  3.6719e-01,  ..., -3.3438e+00,
           6.4844e-01,  8.8281e-01]],

        [[ 5.6885e-02, -2.2583e-02,  3.1055e-01,  ..., -2.5781e+00,
          -1.3906e+00,  1.2500e+01],
         [-1.4844e-01, -9.4238e-02, -2.2217e-02,  ...,  2.8438e+00,
           3.5000e+00, -4.6484e-01],
         [-1.6479e-02, -3.5645e-02, -4.8828e-02,  ...,  2.0605e-01,
          -6.4844e-01,  1.7812e+00],
         ...,
         [ 5.0781e-02,  2.1289e-01, -1.8433e-02,  ...,  3.9219e+00,
          -1.2988e-01, -7.1875e+00],
         [-5.4443e-02,  1.2109e-01, -1.1230e-01,  ...,  1.4219e+00,
           5.3516e-01,  1.3359e+00],
         [ 1.6602e-01, -1.0352e-01,  7.4219e-02,  ..., -9.6875e+00,
           3.2617e-01,  6.1250e+00]],

        ...,

        [[-2.7812e+00, -1.4141e+00, -8.9453e-01,  ..., -2.3906e+00,
           5.1953e-01,  8.5000e+00],
         [ 1.5078e+00,  3.5938e-01, -5.1562e-01,  ..., -4.6094e-01,
           1.8672e+00,  1.8516e+00],
         [ 6.3125e+00, -1.3594e+00, -1.1094e+00,  ...,  1.9922e-01,
          -8.9062e-01, -3.3984e-01],
         ...,
         [-4.9805e-01,  1.0938e+00,  1.1641e+00,  ...,  2.1250e+00,
           1.8672e+00, -1.4609e+00],
         [-3.0156e+00, -1.5938e+00, -2.9297e-02,  ...,  2.6250e+00,
           2.4805e-01,  8.3984e-01],
         [-1.6484e+00, -6.0156e-01, -2.5156e+00,  ..., -4.1562e+00,
           3.0078e-01,  1.2344e+00]],

        [[-3.0156e+00,  2.9688e-01, -2.9375e+00,  ..., -7.1094e-01,
          -1.5859e+00,  1.2812e+01],
         [ 1.5430e-01, -3.2031e-01,  2.2266e-01,  ...,  7.2656e-01,
           1.8066e-01,  2.6094e+00],
         [ 2.6562e+00, -1.8281e+00,  3.4766e-01,  ..., -1.0703e+00,
          -1.4453e+00,  1.5156e+00],
         ...,
         [-1.2031e+00, -2.0312e+00, -3.2812e-01,  ...,  4.3438e+00,
           3.0781e+00, -5.4375e+00],
         [-2.9688e+00, -2.3750e+00, -1.3984e+00,  ...,  2.8125e+00,
           5.3906e-01,  1.2422e+00],
         [-2.2188e+00, -2.6172e-01, -8.1250e-01,  ..., -7.5312e+00,
           8.8672e-01,  7.6172e-01]],

        [[ 3.3789e-01, -4.0039e-02, -8.2031e-02,  ...,  2.9492e-01,
           7.6953e-01,  1.2875e+01],
         [-1.4453e-01, -1.3516e+00, -5.5469e-01,  ..., -1.7676e-01,
           6.0938e+00, -8.5938e-01],
         [-6.6406e-02,  4.5312e-01,  5.9766e-01,  ...,  1.9302e-03,
          -6.0156e-01, -1.6406e+00],
         ...,
         [-1.1953e+00, -2.7734e-01, -1.0469e+00,  ...,  4.3750e+00,
           5.5312e+00, -3.7031e+00],
         [-2.5391e-01, -1.3594e+00,  3.9453e-01,  ..., -1.2451e-01,
           1.1094e+00,  1.1328e+00],
         [-5.8594e-01, -2.9492e-01,  2.3682e-02,  ..., -8.0625e+00,
          -8.1641e-01,  3.9219e+00]]], device='cuda:0', dtype=torch.bfloat16)
tensor([[[ 5.0391e-01, -3.1836e-01,  7.5781e-01,  ..., -6.6797e-01,
          -1.1719e+00,  1.3500e+01],
         [-4.1016e-01, -3.1445e-01,  1.0986e-01,  ...,  2.9531e+00,
           1.9688e+00, -1.2695e-01],
         [-4.1016e-01,  1.1084e-01, -1.0010e-01,  ...,  2.0508e-01,
          -3.8477e-01, -1.5430e-01],
         ...,
         [ 1.8457e-01, -5.1172e-01, -3.1445e-01,  ...,  3.3438e+00,
          -4.2773e-01, -4.7500e+00],
         [ 5.1172e-01, -1.5137e-01, -3.3398e-01,  ...,  1.9062e+00,
           5.3906e-01,  1.3672e+00],
         [ 3.9648e-01, -8.3594e-01,  8.8672e-01,  ..., -8.6250e+00,
           3.1250e-01,  3.7031e+00]],

        [[ 1.2422e+00,  9.0234e-01, -4.7070e-01,  ..., -2.4219e+00,
          -2.6875e+00,  9.3125e+00],
         [-4.3359e-01,  8.3008e-02,  1.2891e-01,  ...,  3.6250e+00,
           1.1953e+00,  7.4609e-01],
         [-2.9062e+00,  1.2734e+00, -7.7344e-01,  ..., -5.0000e-01,
           6.7188e-01, -1.7480e-01],
         ...,
         [ 1.9375e+00, -1.0312e+00, -1.7090e-01,  ...,  2.0312e+00,
           4.0312e+00, -4.5000e+00],
         [ 1.3984e+00, -1.5781e+00, -2.4219e+00,  ...,  2.9531e+00,
          -9.4531e-01,  1.9453e+00],
         [ 6.8359e-01,  8.3984e-02,  3.6719e-01,  ..., -3.3438e+00,
           6.4844e-01,  8.8281e-01]],

        [[ 5.6885e-02, -2.2583e-02,  3.1055e-01,  ..., -2.5781e+00,
          -1.3906e+00,  1.2500e+01],
         [-1.4844e-01, -9.4238e-02, -2.2217e-02,  ...,  2.8438e+00,
           3.5000e+00, -4.6484e-01],
         [-1.6479e-02, -3.5645e-02, -4.8828e-02,  ...,  2.0605e-01,
          -6.4844e-01,  1.7812e+00],
         ...,
         [ 5.0781e-02,  2.1289e-01, -1.8433e-02,  ...,  3.9219e+00,
          -1.2988e-01, -7.1875e+00],
         [-5.4443e-02,  1.2109e-01, -1.1230e-01,  ...,  1.4219e+00,
           5.3516e-01,  1.3359e+00],
         [ 1.6602e-01, -1.0352e-01,  7.4219e-02,  ..., -9.6875e+00,
           3.2617e-01,  6.1250e+00]],

        ...,

        [[-2.7812e+00, -1.4141e+00, -8.9453e-01,  ..., -2.3906e+00,
           5.1953e-01,  8.5000e+00],
         [ 1.5078e+00,  3.5938e-01, -5.1562e-01,  ..., -4.6094e-01,
           1.8672e+00,  1.8516e+00],
         [ 6.3125e+00, -1.3594e+00, -1.1094e+00,  ...,  1.9922e-01,
          -8.9062e-01, -3.3984e-01],
         ...,
         [-4.9805e-01,  1.0938e+00,  1.1641e+00,  ...,  2.1250e+00,
           1.8672e+00, -1.4609e+00],
         [-3.0156e+00, -1.5938e+00, -2.9297e-02,  ...,  2.6250e+00,
           2.4805e-01,  8.3984e-01],
         [-1.6484e+00, -6.0156e-01, -2.5156e+00,  ..., -4.1562e+00,
           3.0078e-01,  1.2344e+00]],

        [[-3.0156e+00,  2.9688e-01, -2.9375e+00,  ..., -7.1094e-01,
          -1.5859e+00,  1.2812e+01],
         [ 1.5430e-01, -3.2031e-01,  2.2266e-01,  ...,  7.2656e-01,
           1.8066e-01,  2.6094e+00],
         [ 2.6562e+00, -1.8281e+00,  3.4766e-01,  ..., -1.0703e+00,
          -1.4453e+00,  1.5156e+00],
         ...,
         [-1.2031e+00, -2.0312e+00, -3.2812e-01,  ...,  4.3438e+00,
           3.0781e+00, -5.4375e+00],
         [-2.9688e+00, -2.3750e+00, -1.3984e+00,  ...,  2.8125e+00,
           5.3906e-01,  1.2422e+00],
         [-2.2188e+00, -2.6172e-01, -8.1250e-01,  ..., -7.5312e+00,
           8.8672e-01,  7.6172e-01]],

        [[ 3.3789e-01, -4.0039e-02, -8.2031e-02,  ...,  2.9492e-01,
           7.6953e-01,  1.2875e+01],
         [-1.4453e-01, -1.3516e+00, -5.5469e-01,  ..., -1.7676e-01,
           6.0938e+00, -8.5938e-01],
         [-6.6406e-02,  4.5312e-01,  5.9766e-01,  ...,  1.9302e-03,
          -6.0156e-01, -1.6406e+00],
         ...,
         [-1.1953e+00, -2.7734e-01, -1.0469e+00,  ...,  4.3750e+00,
           5.5312e+00, -3.7031e+00],
         [-2.5391e-01, -1.3594e+00,  3.9453e-01,  ..., -1.2451e-01,
           1.1094e+00,  1.1328e+00],
         [-5.8594e-01, -2.9492e-01,  2.3682e-02,  ..., -8.0625e+00,
          -8.1641e-01,  3.9219e+00]]], device='cuda:0', dtype=torch.bfloat16)
tensor([[[ 5.0391e-01, -3.1836e-01,  7.5781e-01,  ..., -6.6797e-01,
          -1.1719e+00,  1.3500e+01],
         [-4.1016e-01, -3.1445e-01,  1.0986e-01,  ...,  2.9531e+00,
           1.9688e+00, -1.2695e-01],
         [-4.1016e-01,  1.1084e-01, -1.0010e-01,  ...,  2.0508e-01,
          -3.8477e-01, -1.5430e-01],
         ...,
         [ 1.8457e-01, -5.1172e-01, -3.1445e-01,  ...,  3.3438e+00,
          -4.2773e-01, -4.7500e+00],
         [ 5.1172e-01, -1.5137e-01, -3.3398e-01,  ...,  1.9062e+00,
           5.3906e-01,  1.3672e+00],
         [ 3.9648e-01, -8.3594e-01,  8.8672e-01,  ..., -8.6250e+00,
           3.1250e-01,  3.7031e+00]],

        [[ 1.2422e+00,  9.0234e-01, -4.7070e-01,  ..., -2.4219e+00,
          -2.6875e+00,  9.3125e+00],
         [-4.3359e-01,  8.3008e-02,  1.2891e-01,  ...,  3.6250e+00,
           1.1953e+00,  7.4609e-01],
         [-2.9062e+00,  1.2734e+00, -7.7344e-01,  ..., -5.0000e-01,
           6.7188e-01, -1.7480e-01],
         ...,
         [ 1.9375e+00, -1.0312e+00, -1.7090e-01,  ...,  2.0312e+00,
           4.0312e+00, -4.5000e+00],
         [ 1.3984e+00, -1.5781e+00, -2.4219e+00,  ...,  2.9531e+00,
          -9.4531e-01,  1.9453e+00],
         [ 6.8359e-01,  8.3984e-02,  3.6719e-01,  ..., -3.3438e+00,
           6.4844e-01,  8.8281e-01]],

        [[ 5.6885e-02, -2.2583e-02,  3.1055e-01,  ..., -2.5781e+00,
          -1.3906e+00,  1.2500e+01],
         [-1.4844e-01, -9.4238e-02, -2.2217e-02,  ...,  2.8438e+00,
           3.5000e+00, -4.6484e-01],
         [-1.6479e-02, -3.5645e-02, -4.8828e-02,  ...,  2.0605e-01,
          -6.4844e-01,  1.7812e+00],
         ...,
         [ 5.0781e-02,  2.1289e-01, -1.8433e-02,  ...,  3.9219e+00,
          -1.2988e-01, -7.1875e+00],
         [-5.4443e-02,  1.2109e-01, -1.1230e-01,  ...,  1.4219e+00,
           5.3516e-01,  1.3359e+00],
         [ 1.6602e-01, -1.0352e-01,  7.4219e-02,  ..., -9.6875e+00,
           3.2617e-01,  6.1250e+00]],

        ...,

        [[-2.7812e+00, -1.4141e+00, -8.9453e-01,  ..., -2.3906e+00,
           5.1953e-01,  8.5000e+00],
         [ 1.5078e+00,  3.5938e-01, -5.1562e-01,  ..., -4.6094e-01,
           1.8672e+00,  1.8516e+00],
         [ 6.3125e+00, -1.3594e+00, -1.1094e+00,  ...,  1.9922e-01,
          -8.9062e-01, -3.3984e-01],
         ...,
         [-4.9805e-01,  1.0938e+00,  1.1641e+00,  ...,  2.1250e+00,
           1.8672e+00, -1.4609e+00],
         [-3.0156e+00, -1.5938e+00, -2.9297e-02,  ...,  2.6250e+00,
           2.4805e-01,  8.3984e-01],
         [-1.6484e+00, -6.0156e-01, -2.5156e+00,  ..., -4.1562e+00,
           3.0078e-01,  1.2344e+00]],

        [[-3.0156e+00,  2.9688e-01, -2.9375e+00,  ..., -7.1094e-01,
          -1.5859e+00,  1.2812e+01],
         [ 1.5430e-01, -3.2031e-01,  2.2266e-01,  ...,  7.2656e-01,
           1.8066e-01,  2.6094e+00],
         [ 2.6562e+00, -1.8281e+00,  3.4766e-01,  ..., -1.0703e+00,
          -1.4453e+00,  1.5156e+00],
         ...,
         [-1.2031e+00, -2.0312e+00, -3.2812e-01,  ...,  4.3438e+00,
           3.0781e+00, -5.4375e+00],
         [-2.9688e+00, -2.3750e+00, -1.3984e+00,  ...,  2.8125e+00,
           5.3906e-01,  1.2422e+00],
         [-2.2188e+00, -2.6172e-01, -8.1250e-01,  ..., -7.5312e+00,
           8.8672e-01,  7.6172e-01]],

        [[ 3.3789e-01, -4.0039e-02, -8.2031e-02,  ...,  2.9492e-01,
           7.6953e-01,  1.2875e+01],
         [-1.4453e-01, -1.3516e+00, -5.5469e-01,  ..., -1.7676e-01,
           6.0938e+00, -8.5938e-01],
         [-6.6406e-02,  4.5312e-01,  5.9766e-01,  ...,  1.9302e-03,
          -6.0156e-01, -1.6406e+00],
         ...,
         [-1.1953e+00, -2.7734e-01, -1.0469e+00,  ...,  4.3750e+00,
           5.5312e+00, -3.7031e+00],
         [-2.5391e-01, -1.3594e+00,  3.9453e-01,  ..., -1.2451e-01,
           1.1094e+00,  1.1328e+00],
         [-5.8594e-01, -2.9492e-01,  2.3682e-02,  ..., -8.0625e+00,
          -8.1641e-01,  3.9219e+00]]], device='cuda:0', dtype=torch.bfloat16)
tensor([[[ 1.4099e-02,  7.6660e-02, -9.4727e-02,  ..., -2.4688e+00,
           8.0000e+00, -3.1094e+00],
         [-8.0078e-02,  1.0254e-01, -1.9727e-01,  ...,  6.3750e+00,
           2.5781e+00, -2.0312e+00],
         [-4.4375e+00, -1.0859e+00, -1.4844e-01,  ..., -6.9141e-01,
           1.8828e+00, -3.8086e-01],
         ...,
         [-6.2891e-01,  2.9883e-01, -7.0312e-01,  ..., -8.9844e-01,
           6.7969e-01, -1.2793e-01],
         [ 3.6914e-01,  9.4238e-02, -3.5156e-01,  ..., -1.9922e-01,
           1.6699e-01,  5.4199e-02],
         [ 9.0234e-01,  6.4844e-01,  3.5156e-02,  ...,  6.2812e+00,
           9.1406e-01,  5.5000e+00]],

        [[ 1.7969e-01, -6.0156e-01, -3.7891e-01,  ..., -8.5156e-01,
           1.9219e+00, -1.8164e-01],
         [-4.9219e-01, -1.5469e+00, -4.7266e-01,  ...,  3.8438e+00,
           2.2500e+00, -2.8281e+00],
         [-8.2422e-01, -7.1875e-01, -4.1406e-01,  ...,  1.3770e-01,
          -4.1797e-01, -2.2500e+00],
         ...,
         [-6.2500e-02,  7.3047e-01, -3.9453e-01,  ..., -9.1797e-02,
           1.2422e+00,  2.1094e+00],
         [ 9.2969e-01, -9.3262e-02, -1.1016e+00,  ..., -8.5156e-01,
          -1.0352e-01, -7.5391e-01],
         [-9.5312e-01,  3.8281e-01, -2.4023e-01,  ...,  2.4219e+00,
          -4.4375e+00,  5.0000e+00]],

        [[ 3.0029e-02, -6.1035e-04,  5.0049e-02,  ..., -4.1875e+00,
           5.9062e+00, -3.1406e+00],
         [-2.9541e-02,  1.0147e-03, -2.6978e-02,  ...,  6.9062e+00,
           1.7578e+00, -1.4375e+00],
         [ 6.2891e-01,  2.8931e-02, -3.5352e-01,  ..., -4.9609e-01,
           8.1250e-01, -1.6699e-01],
         ...,
         [ 2.4414e-02, -1.4687e-04,  2.5146e-02,  ...,  2.2461e-01,
           4.2773e-01,  2.5586e-01],
         [ 1.1914e-01,  9.4604e-04,  9.8633e-02,  ...,  4.4727e-01,
          -4.3701e-02, -1.3281e-01],
         [ 1.3477e-01,  2.1057e-03,  4.0283e-02,  ...,  1.1125e+01,
          -3.5938e-01,  6.0625e+00]],

        ...,

        [[-1.6562e+00, -7.6953e-01,  1.4844e-01,  ..., -8.3203e-01,
           6.6250e+00, -1.6719e+00],
         [ 3.3438e+00, -1.8281e+00,  1.6797e+00,  ...,  1.5938e+00,
           3.9688e+00,  5.8594e-01],
         [ 2.5000e-01, -4.6875e-01, -4.3750e-01,  ..., -6.3281e-01,
           8.6719e-01, -6.7578e-01],
         ...,
         [ 4.5000e+00,  2.0469e+00,  1.3984e+00,  ..., -9.6875e-01,
           2.1777e-01, -5.9375e-01],
         [-5.5000e+00, -2.0898e-01, -1.7812e+00,  ..., -7.7734e-01,
          -4.5312e-01, -1.3379e-01],
         [-2.4375e+00,  1.3047e+00, -5.2734e-01,  ...,  1.7422e+00,
           1.6699e-01,  2.1094e+00]],

        [[-1.6094e+00, -1.8203e+00,  7.1484e-01,  ..., -3.7188e+00,
           5.3125e+00, -1.6875e+00],
         [ 1.6562e+00, -2.4375e+00,  1.5000e+00,  ...,  5.0000e+00,
           2.0625e+00, -1.8203e+00],
         [-2.1680e-01, -7.2266e-01, -7.2266e-01,  ..., -9.2969e-01,
           4.5898e-01, -1.4844e+00],
         ...,
         [ 2.4219e+00,  2.9375e+00,  1.1094e+00,  ..., -2.5391e-01,
           1.3984e+00,  7.4219e-01],
         [-4.0938e+00, -5.7422e-01, -2.9375e+00,  ..., -9.0332e-02,
           2.8711e-01, -5.4688e-01],
         [-2.8906e-01,  1.4531e+00, -8.0469e-01,  ...,  3.0000e+00,
          -3.5469e+00,  5.7500e+00]],

        [[ 1.0703e+00, -2.9297e-01, -3.9844e-01,  ..., -2.8438e+00,
           1.3359e+00, -2.1250e+00],
         [-1.7188e-01, -9.3750e-01,  1.1875e+00,  ...,  6.7188e+00,
           3.5625e+00, -1.3672e+00],
         [-2.6758e-01, -6.4844e-01, -9.9121e-02,  ..., -7.8906e-01,
           8.7891e-01, -6.4062e-01],
         ...,
         [ 8.9062e-01,  4.5703e-01,  9.9219e-01,  ..., -6.6016e-01,
           8.7402e-02,  6.2012e-02],
         [-2.0508e-01, -5.1172e-01, -4.9609e-01,  ...,  1.3574e-01,
          -2.5195e-01,  8.4375e-01],
         [-4.8047e-01,  8.7402e-02,  3.8281e-01,  ...,  3.0156e+00,
          -7.0000e+00,  4.1562e+00]]], device='cuda:0', dtype=torch.bfloat16)
tensor([[[ 1.4099e-02,  7.6660e-02, -9.4727e-02,  ..., -2.4688e+00,
           8.0000e+00, -3.1094e+00],
         [-8.0078e-02,  1.0254e-01, -1.9727e-01,  ...,  6.3750e+00,
           2.5781e+00, -2.0312e+00],
         [-4.4375e+00, -1.0859e+00, -1.4844e-01,  ..., -6.9141e-01,
           1.8828e+00, -3.8086e-01],
         ...,
         [-6.2891e-01,  2.9883e-01, -7.0312e-01,  ..., -8.9844e-01,
           6.7969e-01, -1.2793e-01],
         [ 3.6914e-01,  9.4238e-02, -3.5156e-01,  ..., -1.9922e-01,
           1.6699e-01,  5.4199e-02],
         [ 9.0234e-01,  6.4844e-01,  3.5156e-02,  ...,  6.2812e+00,
           9.1406e-01,  5.5000e+00]],

        [[ 1.7969e-01, -6.0156e-01, -3.7891e-01,  ..., -8.5156e-01,
           1.9219e+00, -1.8164e-01],
         [-4.9219e-01, -1.5469e+00, -4.7266e-01,  ...,  3.8438e+00,
           2.2500e+00, -2.8281e+00],
         [-8.2422e-01, -7.1875e-01, -4.1406e-01,  ...,  1.3770e-01,
          -4.1797e-01, -2.2500e+00],
         ...,
         [-6.2500e-02,  7.3047e-01, -3.9453e-01,  ..., -9.1797e-02,
           1.2422e+00,  2.1094e+00],
         [ 9.2969e-01, -9.3262e-02, -1.1016e+00,  ..., -8.5156e-01,
          -1.0352e-01, -7.5391e-01],
         [-9.5312e-01,  3.8281e-01, -2.4023e-01,  ...,  2.4219e+00,
          -4.4375e+00,  5.0000e+00]],

        [[ 3.0029e-02, -6.1035e-04,  5.0049e-02,  ..., -4.1875e+00,
           5.9062e+00, -3.1406e+00],
         [-2.9541e-02,  1.0147e-03, -2.6978e-02,  ...,  6.9062e+00,
           1.7578e+00, -1.4375e+00],
         [ 6.2891e-01,  2.8931e-02, -3.5352e-01,  ..., -4.9609e-01,
           8.1250e-01, -1.6699e-01],
         ...,
         [ 2.4414e-02, -1.4687e-04,  2.5146e-02,  ...,  2.2461e-01,
           4.2773e-01,  2.5586e-01],
         [ 1.1914e-01,  9.4604e-04,  9.8633e-02,  ...,  4.4727e-01,
          -4.3701e-02, -1.3281e-01],
         [ 1.3477e-01,  2.1057e-03,  4.0283e-02,  ...,  1.1125e+01,
          -3.5938e-01,  6.0625e+00]],

        ...,

        [[-1.6562e+00, -7.6953e-01,  1.4844e-01,  ..., -8.3203e-01,
           6.6250e+00, -1.6719e+00],
         [ 3.3438e+00, -1.8281e+00,  1.6797e+00,  ...,  1.5938e+00,
           3.9688e+00,  5.8594e-01],
         [ 2.5000e-01, -4.6875e-01, -4.3750e-01,  ..., -6.3281e-01,
           8.6719e-01, -6.7578e-01],
         ...,
         [ 4.5000e+00,  2.0469e+00,  1.3984e+00,  ..., -9.6875e-01,
           2.1777e-01, -5.9375e-01],
         [-5.5000e+00, -2.0898e-01, -1.7812e+00,  ..., -7.7734e-01,
          -4.5312e-01, -1.3379e-01],
         [-2.4375e+00,  1.3047e+00, -5.2734e-01,  ...,  1.7422e+00,
           1.6699e-01,  2.1094e+00]],

        [[-1.6094e+00, -1.8203e+00,  7.1484e-01,  ..., -3.7188e+00,
           5.3125e+00, -1.6875e+00],
         [ 1.6562e+00, -2.4375e+00,  1.5000e+00,  ...,  5.0000e+00,
           2.0625e+00, -1.8203e+00],
         [-2.1680e-01, -7.2266e-01, -7.2266e-01,  ..., -9.2969e-01,
           4.5898e-01, -1.4844e+00],
         ...,
         [ 2.4219e+00,  2.9375e+00,  1.1094e+00,  ..., -2.5391e-01,
           1.3984e+00,  7.4219e-01],
         [-4.0938e+00, -5.7422e-01, -2.9375e+00,  ..., -9.0332e-02,
           2.8711e-01, -5.4688e-01],
         [-2.8906e-01,  1.4531e+00, -8.0469e-01,  ...,  3.0000e+00,
          -3.5469e+00,  5.7500e+00]],

        [[ 1.0703e+00, -2.9297e-01, -3.9844e-01,  ..., -2.8438e+00,
           1.3359e+00, -2.1250e+00],
         [-1.7188e-01, -9.3750e-01,  1.1875e+00,  ...,  6.7188e+00,
           3.5625e+00, -1.3672e+00],
         [-2.6758e-01, -6.4844e-01, -9.9121e-02,  ..., -7.8906e-01,
           8.7891e-01, -6.4062e-01],
         ...,
         [ 8.9062e-01,  4.5703e-01,  9.9219e-01,  ..., -6.6016e-01,
           8.7402e-02,  6.2012e-02],
         [-2.0508e-01, -5.1172e-01, -4.9609e-01,  ...,  1.3574e-01,
          -2.5195e-01,  8.4375e-01],
         [-4.8047e-01,  8.7402e-02,  3.8281e-01,  ...,  3.0156e+00,
          -7.0000e+00,  4.1562e+00]]], device='cuda:0', dtype=torch.bfloat16)
tensor([[[ 1.4099e-02,  7.6660e-02, -9.4727e-02,  ..., -2.4688e+00,
           8.0000e+00, -3.1094e+00],
         [-8.0078e-02,  1.0254e-01, -1.9727e-01,  ...,  6.3750e+00,
           2.5781e+00, -2.0312e+00],
         [-4.4375e+00, -1.0859e+00, -1.4844e-01,  ..., -6.9141e-01,
           1.8828e+00, -3.8086e-01],
         ...,
         [-6.2891e-01,  2.9883e-01, -7.0312e-01,  ..., -8.9844e-01,
           6.7969e-01, -1.2793e-01],
         [ 3.6914e-01,  9.4238e-02, -3.5156e-01,  ..., -1.9922e-01,
           1.6699e-01,  5.4199e-02],
         [ 9.0234e-01,  6.4844e-01,  3.5156e-02,  ...,  6.2812e+00,
           9.1406e-01,  5.5000e+00]],

        [[ 1.7969e-01, -6.0156e-01, -3.7891e-01,  ..., -8.5156e-01,
           1.9219e+00, -1.8164e-01],
         [-4.9219e-01, -1.5469e+00, -4.7266e-01,  ...,  3.8438e+00,
           2.2500e+00, -2.8281e+00],
         [-8.2422e-01, -7.1875e-01, -4.1406e-01,  ...,  1.3770e-01,
          -4.1797e-01, -2.2500e+00],
         ...,
         [-6.2500e-02,  7.3047e-01, -3.9453e-01,  ..., -9.1797e-02,
           1.2422e+00,  2.1094e+00],
         [ 9.2969e-01, -9.3262e-02, -1.1016e+00,  ..., -8.5156e-01,
          -1.0352e-01, -7.5391e-01],
         [-9.5312e-01,  3.8281e-01, -2.4023e-01,  ...,  2.4219e+00,
          -4.4375e+00,  5.0000e+00]],

        [[ 3.0029e-02, -6.1035e-04,  5.0049e-02,  ..., -4.1875e+00,
           5.9062e+00, -3.1406e+00],
         [-2.9541e-02,  1.0147e-03, -2.6978e-02,  ...,  6.9062e+00,
           1.7578e+00, -1.4375e+00],
         [ 6.2891e-01,  2.8931e-02, -3.5352e-01,  ..., -4.9609e-01,
           8.1250e-01, -1.6699e-01],
         ...,
         [ 2.4414e-02, -1.4687e-04,  2.5146e-02,  ...,  2.2461e-01,
           4.2773e-01,  2.5586e-01],
         [ 1.1914e-01,  9.4604e-04,  9.8633e-02,  ...,  4.4727e-01,
          -4.3701e-02, -1.3281e-01],
         [ 1.3477e-01,  2.1057e-03,  4.0283e-02,  ...,  1.1125e+01,
          -3.5938e-01,  6.0625e+00]],

        ...,

        [[-1.6562e+00, -7.6953e-01,  1.4844e-01,  ..., -8.3203e-01,
           6.6250e+00, -1.6719e+00],
         [ 3.3438e+00, -1.8281e+00,  1.6797e+00,  ...,  1.5938e+00,
           3.9688e+00,  5.8594e-01],
         [ 2.5000e-01, -4.6875e-01, -4.3750e-01,  ..., -6.3281e-01,
           8.6719e-01, -6.7578e-01],
         ...,
         [ 4.5000e+00,  2.0469e+00,  1.3984e+00,  ..., -9.6875e-01,
           2.1777e-01, -5.9375e-01],
         [-5.5000e+00, -2.0898e-01, -1.7812e+00,  ..., -7.7734e-01,
          -4.5312e-01, -1.3379e-01],
         [-2.4375e+00,  1.3047e+00, -5.2734e-01,  ...,  1.7422e+00,
           1.6699e-01,  2.1094e+00]],

        [[-1.6094e+00, -1.8203e+00,  7.1484e-01,  ..., -3.7188e+00,
           5.3125e+00, -1.6875e+00],
         [ 1.6562e+00, -2.4375e+00,  1.5000e+00,  ...,  5.0000e+00,
           2.0625e+00, -1.8203e+00],
         [-2.1680e-01, -7.2266e-01, -7.2266e-01,  ..., -9.2969e-01,
           4.5898e-01, -1.4844e+00],
         ...,
         [ 2.4219e+00,  2.9375e+00,  1.1094e+00,  ..., -2.5391e-01,
           1.3984e+00,  7.4219e-01],
         [-4.0938e+00, -5.7422e-01, -2.9375e+00,  ..., -9.0332e-02,
           2.8711e-01, -5.4688e-01],
         [-2.8906e-01,  1.4531e+00, -8.0469e-01,  ...,  3.0000e+00,
          -3.5469e+00,  5.7500e+00]],

        [[ 1.0703e+00, -2.9297e-01, -3.9844e-01,  ..., -2.8438e+00,
           1.3359e+00, -2.1250e+00],
         [-1.7188e-01, -9.3750e-01,  1.1875e+00,  ...,  6.7188e+00,
           3.5625e+00, -1.3672e+00],
         [-2.6758e-01, -6.4844e-01, -9.9121e-02,  ..., -7.8906e-01,
           8.7891e-01, -6.4062e-01],
         ...,
         [ 8.9062e-01,  4.5703e-01,  9.9219e-01,  ..., -6.6016e-01,
           8.7402e-02,  6.2012e-02],
         [-2.0508e-01, -5.1172e-01, -4.9609e-01,  ...,  1.3574e-01,
          -2.5195e-01,  8.4375e-01],
         [-4.8047e-01,  8.7402e-02,  3.8281e-01,  ...,  3.0156e+00,
          -7.0000e+00,  4.1562e+00]]], device='cuda:0', dtype=torch.bfloat16)
tensor([[[ 7.4219e-01, -1.2598e-01,  1.5156e+00,  ...,  1.4688e+00,
          -9.6094e-01, -4.0820e-01],
         [ 5.6250e-01, -1.8555e-01,  4.1602e-01,  ...,  2.3594e+00,
          -2.6562e+00, -7.0625e+00],
         [-1.2422e+00, -8.9453e-01,  1.2812e+00,  ..., -5.3906e-01,
          -5.3125e-01,  1.7891e+00],
         ...,
         [-4.2578e-01, -3.3594e-01,  2.8125e-01,  ...,  3.8281e-01,
           1.8945e-01,  6.6406e-02],
         [-2.9883e-01,  1.0781e+00, -6.4062e-01,  ...,  9.7656e-02,
          -6.9275e-03,  8.3594e-01],
         [-5.7812e-01,  8.5938e-01, -6.3965e-02,  ..., -7.7734e-01,
          -6.4844e-01,  8.8672e-01]],

        [[-1.6250e+00,  1.5527e-01,  1.8594e+00,  ...,  1.3984e+00,
          -1.0010e-02, -5.5469e-01],
         [-1.3203e+00, -1.6309e-01, -9.2969e-01,  ...,  7.8125e-01,
          -3.7500e+00, -7.5000e+00],
         [ 1.8203e+00,  5.9375e-01, -2.0410e-01,  ...,  1.1292e-02,
          -2.1562e+00,  2.6250e+00],
         ...,
         [ 4.4688e+00,  2.0508e-01,  5.3906e-01,  ..., -8.2422e-01,
          -1.6895e-01, -1.0391e+00],
         [ 2.2812e+00,  1.0469e+00, -8.4375e-01,  ...,  2.7812e+00,
           2.4688e+00,  4.6484e-01],
         [ 3.8438e+00, -2.2949e-01, -1.5156e+00,  ...,  4.0039e-01,
          -1.3086e-01,  2.3594e+00]],

        [[ 6.4941e-02, -1.0205e-01, -1.0889e-01,  ...,  1.3438e+00,
          -1.0703e+00, -4.2188e-01],
         [ 1.5625e-01,  4.1260e-02, -1.0449e-01,  ..., -2.2559e-01,
          -1.8828e+00, -1.1250e+01],
         [ 4.0771e-02, -1.9727e-01, -3.3569e-04,  ...,  1.5391e+00,
          -3.2422e-01,  1.4062e+00],
         ...,
         [-1.4551e-01,  3.5400e-02, -1.0498e-01,  ...,  3.2227e-01,
           1.0596e-01, -3.2617e-01],
         [-1.6602e-02, -1.1902e-02,  9.2773e-02,  ...,  1.8359e-01,
           6.7578e-01, -1.2793e-01],
         [ 1.7090e-02, -2.2827e-02, -3.3691e-02,  ..., -1.4355e-01,
          -2.9492e-01,  1.0234e+00]],

        ...,

        [[-2.0625e+00, -5.3125e-01,  2.8516e-01,  ..., -4.7852e-01,
          -1.9766e+00, -1.9375e+00],
         [-1.1953e+00, -7.6562e-01, -1.1641e+00,  ...,  3.3750e+00,
          -8.9844e-01,  2.5781e-01],
         [ 1.8984e+00, -5.8203e-01,  3.6562e+00,  ...,  2.6172e-01,
          -1.2344e+00,  2.5469e+00],
         ...,
         [ 3.6719e+00, -1.5312e+00, -2.6562e-01,  ..., -6.9922e-01,
           1.6724e-02,  3.4570e-01],
         [ 2.0156e+00,  2.0938e+00,  1.8555e-02,  ...,  1.8984e+00,
           1.1953e+00, -4.6094e-01],
         [ 2.1250e+00, -6.6016e-01,  1.0449e-01,  ...,  1.7188e+00,
          -8.1250e-01,  1.1797e+00]],

        [[ 1.2891e+00, -6.9531e-01, -8.9062e-01,  ...,  5.6250e-01,
          -9.8828e-01,  1.6113e-01],
         [ 6.4062e-01, -6.1328e-01, -2.0781e+00,  ...,  2.1875e+00,
          -4.7500e+00, -6.3750e+00],
         [ 2.9883e-01,  8.8281e-01,  3.1641e-01,  ..., -2.3438e-01,
          -1.6875e+00,  4.3750e+00],
         ...,
         [-1.1406e+00, -2.5781e+00,  1.0703e+00,  ...,  7.1875e-01,
           5.7812e-01, -6.5430e-02],
         [-3.0469e-01,  1.2812e+00,  2.5391e-01,  ...,  4.1875e+00,
           5.9375e-01,  1.4375e+00],
         [-2.2656e-01,  1.2969e+00,  1.8984e+00,  ...,  1.9766e+00,
          -9.1797e-01,  6.6016e-01]],

        [[ 2.5156e+00, -2.3438e+00, -1.7578e+00,  ...,  1.5938e+00,
          -1.7969e+00,  9.8145e-02],
         [-2.3730e-01, -1.2891e-01, -3.5547e-01,  ..., -3.2031e+00,
          -4.9375e+00, -4.7500e+00],
         [-5.6250e-01,  6.5918e-02,  5.0781e-02,  ...,  1.3203e+00,
          -3.2471e-02,  3.4688e+00],
         ...,
         [-2.5625e+00, -2.4414e-01,  1.1953e+00,  ..., -1.0234e+00,
           7.6562e-01, -1.1016e+00],
         [-1.1797e+00,  1.5234e+00,  1.9375e+00,  ...,  4.0625e+00,
          -1.1094e+00,  9.9219e-01],
         [-1.8203e+00, -1.7871e-01,  1.2109e+00,  ...,  7.3438e-01,
          -1.7969e+00, -1.2734e+00]]], device='cuda:0', dtype=torch.bfloat16)
tensor([[[ 7.4219e-01, -1.2598e-01,  1.5156e+00,  ...,  1.4688e+00,
          -9.6094e-01, -4.0820e-01],
         [ 5.6250e-01, -1.8555e-01,  4.1602e-01,  ...,  2.3594e+00,
          -2.6562e+00, -7.0625e+00],
         [-1.2422e+00, -8.9453e-01,  1.2812e+00,  ..., -5.3906e-01,
          -5.3125e-01,  1.7891e+00],
         ...,
         [-4.2578e-01, -3.3594e-01,  2.8125e-01,  ...,  3.8281e-01,
           1.8945e-01,  6.6406e-02],
         [-2.9883e-01,  1.0781e+00, -6.4062e-01,  ...,  9.7656e-02,
          -6.9275e-03,  8.3594e-01],
         [-5.7812e-01,  8.5938e-01, -6.3965e-02,  ..., -7.7734e-01,
          -6.4844e-01,  8.8672e-01]],

        [[-1.6250e+00,  1.5527e-01,  1.8594e+00,  ...,  1.3984e+00,
          -1.0010e-02, -5.5469e-01],
         [-1.3203e+00, -1.6309e-01, -9.2969e-01,  ...,  7.8125e-01,
          -3.7500e+00, -7.5000e+00],
         [ 1.8203e+00,  5.9375e-01, -2.0410e-01,  ...,  1.1292e-02,
          -2.1562e+00,  2.6250e+00],
         ...,
         [ 4.4688e+00,  2.0508e-01,  5.3906e-01,  ..., -8.2422e-01,
          -1.6895e-01, -1.0391e+00],
         [ 2.2812e+00,  1.0469e+00, -8.4375e-01,  ...,  2.7812e+00,
           2.4688e+00,  4.6484e-01],
         [ 3.8438e+00, -2.2949e-01, -1.5156e+00,  ...,  4.0039e-01,
          -1.3086e-01,  2.3594e+00]],

        [[ 6.4941e-02, -1.0205e-01, -1.0889e-01,  ...,  1.3438e+00,
          -1.0703e+00, -4.2188e-01],
         [ 1.5625e-01,  4.1260e-02, -1.0449e-01,  ..., -2.2559e-01,
          -1.8828e+00, -1.1250e+01],
         [ 4.0771e-02, -1.9727e-01, -3.3569e-04,  ...,  1.5391e+00,
          -3.2422e-01,  1.4062e+00],
         ...,
         [-1.4551e-01,  3.5400e-02, -1.0498e-01,  ...,  3.2227e-01,
           1.0596e-01, -3.2617e-01],
         [-1.6602e-02, -1.1902e-02,  9.2773e-02,  ...,  1.8359e-01,
           6.7578e-01, -1.2793e-01],
         [ 1.7090e-02, -2.2827e-02, -3.3691e-02,  ..., -1.4355e-01,
          -2.9492e-01,  1.0234e+00]],

        ...,

        [[-2.0625e+00, -5.3125e-01,  2.8516e-01,  ..., -4.7852e-01,
          -1.9766e+00, -1.9375e+00],
         [-1.1953e+00, -7.6562e-01, -1.1641e+00,  ...,  3.3750e+00,
          -8.9844e-01,  2.5781e-01],
         [ 1.8984e+00, -5.8203e-01,  3.6562e+00,  ...,  2.6172e-01,
          -1.2344e+00,  2.5469e+00],
         ...,
         [ 3.6719e+00, -1.5312e+00, -2.6562e-01,  ..., -6.9922e-01,
           1.6724e-02,  3.4570e-01],
         [ 2.0156e+00,  2.0938e+00,  1.8555e-02,  ...,  1.8984e+00,
           1.1953e+00, -4.6094e-01],
         [ 2.1250e+00, -6.6016e-01,  1.0449e-01,  ...,  1.7188e+00,
          -8.1250e-01,  1.1797e+00]],

        [[ 1.2891e+00, -6.9531e-01, -8.9062e-01,  ...,  5.6250e-01,
          -9.8828e-01,  1.6113e-01],
         [ 6.4062e-01, -6.1328e-01, -2.0781e+00,  ...,  2.1875e+00,
          -4.7500e+00, -6.3750e+00],
         [ 2.9883e-01,  8.8281e-01,  3.1641e-01,  ..., -2.3438e-01,
          -1.6875e+00,  4.3750e+00],
         ...,
         [-1.1406e+00, -2.5781e+00,  1.0703e+00,  ...,  7.1875e-01,
           5.7812e-01, -6.5430e-02],
         [-3.0469e-01,  1.2812e+00,  2.5391e-01,  ...,  4.1875e+00,
           5.9375e-01,  1.4375e+00],
         [-2.2656e-01,  1.2969e+00,  1.8984e+00,  ...,  1.9766e+00,
          -9.1797e-01,  6.6016e-01]],

        [[ 2.5156e+00, -2.3438e+00, -1.7578e+00,  ...,  1.5938e+00,
          -1.7969e+00,  9.8145e-02],
         [-2.3730e-01, -1.2891e-01, -3.5547e-01,  ..., -3.2031e+00,
          -4.9375e+00, -4.7500e+00],
         [-5.6250e-01,  6.5918e-02,  5.0781e-02,  ...,  1.3203e+00,
          -3.2471e-02,  3.4688e+00],
         ...,
         [-2.5625e+00, -2.4414e-01,  1.1953e+00,  ..., -1.0234e+00,
           7.6562e-01, -1.1016e+00],
         [-1.1797e+00,  1.5234e+00,  1.9375e+00,  ...,  4.0625e+00,
          -1.1094e+00,  9.9219e-01],
         [-1.8203e+00, -1.7871e-01,  1.2109e+00,  ...,  7.3438e-01,
          -1.7969e+00, -1.2734e+00]]], device='cuda:0', dtype=torch.bfloat16)
tensor([[[ 7.4219e-01, -1.2598e-01,  1.5156e+00,  ...,  1.4688e+00,
          -9.6094e-01, -4.0820e-01],
         [ 5.6250e-01, -1.8555e-01,  4.1602e-01,  ...,  2.3594e+00,
          -2.6562e+00, -7.0625e+00],
         [-1.2422e+00, -8.9453e-01,  1.2812e+00,  ..., -5.3906e-01,
          -5.3125e-01,  1.7891e+00],
         ...,
         [-4.2578e-01, -3.3594e-01,  2.8125e-01,  ...,  3.8281e-01,
           1.8945e-01,  6.6406e-02],
         [-2.9883e-01,  1.0781e+00, -6.4062e-01,  ...,  9.7656e-02,
          -6.9275e-03,  8.3594e-01],
         [-5.7812e-01,  8.5938e-01, -6.3965e-02,  ..., -7.7734e-01,
          -6.4844e-01,  8.8672e-01]],

        [[-1.6250e+00,  1.5527e-01,  1.8594e+00,  ...,  1.3984e+00,
          -1.0010e-02, -5.5469e-01],
         [-1.3203e+00, -1.6309e-01, -9.2969e-01,  ...,  7.8125e-01,
          -3.7500e+00, -7.5000e+00],
         [ 1.8203e+00,  5.9375e-01, -2.0410e-01,  ...,  1.1292e-02,
          -2.1562e+00,  2.6250e+00],
         ...,
         [ 4.4688e+00,  2.0508e-01,  5.3906e-01,  ..., -8.2422e-01,
          -1.6895e-01, -1.0391e+00],
         [ 2.2812e+00,  1.0469e+00, -8.4375e-01,  ...,  2.7812e+00,
           2.4688e+00,  4.6484e-01],
         [ 3.8438e+00, -2.2949e-01, -1.5156e+00,  ...,  4.0039e-01,
          -1.3086e-01,  2.3594e+00]],

        [[ 6.4941e-02, -1.0205e-01, -1.0889e-01,  ...,  1.3438e+00,
          -1.0703e+00, -4.2188e-01],
         [ 1.5625e-01,  4.1260e-02, -1.0449e-01,  ..., -2.2559e-01,
          -1.8828e+00, -1.1250e+01],
         [ 4.0771e-02, -1.9727e-01, -3.3569e-04,  ...,  1.5391e+00,
          -3.2422e-01,  1.4062e+00],
         ...,
         [-1.4551e-01,  3.5400e-02, -1.0498e-01,  ...,  3.2227e-01,
           1.0596e-01, -3.2617e-01],
         [-1.6602e-02, -1.1902e-02,  9.2773e-02,  ...,  1.8359e-01,
           6.7578e-01, -1.2793e-01],
         [ 1.7090e-02, -2.2827e-02, -3.3691e-02,  ..., -1.4355e-01,
          -2.9492e-01,  1.0234e+00]],

        ...,

        [[-2.0625e+00, -5.3125e-01,  2.8516e-01,  ..., -4.7852e-01,
          -1.9766e+00, -1.9375e+00],
         [-1.1953e+00, -7.6562e-01, -1.1641e+00,  ...,  3.3750e+00,
          -8.9844e-01,  2.5781e-01],
         [ 1.8984e+00, -5.8203e-01,  3.6562e+00,  ...,  2.6172e-01,
          -1.2344e+00,  2.5469e+00],
         ...,
         [ 3.6719e+00, -1.5312e+00, -2.6562e-01,  ..., -6.9922e-01,
           1.6724e-02,  3.4570e-01],
         [ 2.0156e+00,  2.0938e+00,  1.8555e-02,  ...,  1.8984e+00,
           1.1953e+00, -4.6094e-01],
         [ 2.1250e+00, -6.6016e-01,  1.0449e-01,  ...,  1.7188e+00,
          -8.1250e-01,  1.1797e+00]],

        [[ 1.2891e+00, -6.9531e-01, -8.9062e-01,  ...,  5.6250e-01,
          -9.8828e-01,  1.6113e-01],
         [ 6.4062e-01, -6.1328e-01, -2.0781e+00,  ...,  2.1875e+00,
          -4.7500e+00, -6.3750e+00],
         [ 2.9883e-01,  8.8281e-01,  3.1641e-01,  ..., -2.3438e-01,
          -1.6875e+00,  4.3750e+00],
         ...,
         [-1.1406e+00, -2.5781e+00,  1.0703e+00,  ...,  7.1875e-01,
           5.7812e-01, -6.5430e-02],
         [-3.0469e-01,  1.2812e+00,  2.5391e-01,  ...,  4.1875e+00,
           5.9375e-01,  1.4375e+00],
         [-2.2656e-01,  1.2969e+00,  1.8984e+00,  ...,  1.9766e+00,
          -9.1797e-01,  6.6016e-01]],

        [[ 2.5156e+00, -2.3438e+00, -1.7578e+00,  ...,  1.5938e+00,
          -1.7969e+00,  9.8145e-02],
         [-2.3730e-01, -1.2891e-01, -3.5547e-01,  ..., -3.2031e+00,
          -4.9375e+00, -4.7500e+00],
         [-5.6250e-01,  6.5918e-02,  5.0781e-02,  ...,  1.3203e+00,
          -3.2471e-02,  3.4688e+00],
         ...,
         [-2.5625e+00, -2.4414e-01,  1.1953e+00,  ..., -1.0234e+00,
           7.6562e-01, -1.1016e+00],
         [-1.1797e+00,  1.5234e+00,  1.9375e+00,  ...,  4.0625e+00,
          -1.1094e+00,  9.9219e-01],
         [-1.8203e+00, -1.7871e-01,  1.2109e+00,  ...,  7.3438e-01,
          -1.7969e+00, -1.2734e+00]]], device='cuda:0', dtype=torch.bfloat16)
tensor([[[ 4.1016e-02,  2.6978e-02, -1.7456e-02,  ..., -1.3047e+00,
          -6.0938e+00,  8.2422e-01],
         [ 4.7852e-02,  2.6123e-02, -2.6367e-02,  ..., -3.0859e-01,
          -1.4219e+00,  3.3250e+01],
         [ 9.3994e-03,  1.1719e-02,  3.5400e-02,  ...,  3.1719e+00,
           1.0438e+01,  1.5000e+00],
         ...,
         [ 2.2583e-02,  4.6875e-02,  1.0986e-02,  ..., -1.6562e+00,
          -1.4297e+00, -8.9375e+00],
         [-1.7090e-02,  3.4180e-02,  3.6865e-02,  ...,  2.0781e+00,
           6.9141e-01, -2.3281e+00],
         [-1.8921e-02,  1.7212e-02, -4.7119e-02,  ...,  4.1016e-01,
          -4.9744e-03, -3.3398e-01]],

        [[-6.0156e-01, -9.5312e-01, -4.1602e-01,  ..., -2.4219e+00,
          -6.8750e+00,  5.7812e-01],
         [ 1.6797e-01,  1.9727e-01, -5.2344e-01,  ...,  5.8438e+00,
          -2.8320e-01,  1.7250e+01],
         [ 1.6953e+00, -7.5781e-01,  6.8359e-01,  ...,  7.1484e-01,
           9.1875e+00,  1.4219e+00],
         ...,
         [ 1.0469e+00,  8.9062e-01,  1.0938e+00,  ..., -2.8750e+00,
          -5.1562e+00, -7.2500e+00],
         [-2.7188e+00,  1.2109e+00,  2.0156e+00,  ...,  9.8438e-01,
           2.0898e-01, -2.0469e+00],
         [-7.2188e+00,  2.6094e+00,  9.0625e-01,  ...,  1.4766e+00,
           1.3574e-01,  4.2383e-01]],

        [[-1.0234e+00,  1.6797e+00, -6.7578e-01,  ..., -2.0000e+00,
          -6.9688e+00,  1.8828e+00],
         [-1.3867e-01, -3.3936e-02, -5.8594e-01,  ..., -2.2656e-01,
           2.0469e+00,  1.6875e+01],
         [ 5.4297e-01, -3.3594e-01,  3.2422e-01,  ..., -5.2344e-01,
           9.9375e+00,  2.6562e+00],
         ...,
         [ 2.0020e-01, -5.8203e-01,  1.4062e+00,  ...,  4.3750e-01,
          -9.2969e-01, -7.7188e+00],
         [-6.7969e-01, -7.3438e-01, -1.4844e-01,  ...,  7.5000e-01,
          -4.6680e-01, -1.6172e+00],
         [-5.3750e+00, -3.9844e-01,  1.8438e+00,  ...,  7.5391e-01,
          -1.0156e+00,  2.4707e-01]],

        ...,

        [[-1.8906e+00, -1.8438e+00,  2.6953e-01,  ..., -1.0547e+00,
          -5.5312e+00,  1.4922e+00],
         [-4.5117e-01, -1.6016e-01, -5.2734e-01,  ..., -3.0625e+00,
           7.0703e-01,  1.4500e+01],
         [ 9.9609e-01,  1.1797e+00,  7.3438e-01,  ...,  1.4531e+00,
           7.2500e+00,  3.1562e+00],
         ...,
         [ 8.8281e-01,  1.1875e+00,  7.6562e-01,  ...,  4.2578e-01,
          -2.4512e-01, -8.5625e+00],
         [-1.0781e+00,  9.4922e-01,  3.3203e-01,  ...,  2.0938e+00,
          -1.2109e+00, -2.8438e+00],
         [-4.1250e+00, -4.6875e-01,  6.8750e-01,  ...,  1.6797e+00,
          -1.8047e+00, -2.2363e-01]],

        [[ 5.6250e-01, -2.2500e+00, -1.3125e+00,  ..., -3.6719e+00,
          -7.1875e+00,  1.2734e+00],
         [ 7.0312e-02, -4.2969e-01,  1.7090e-02,  ...,  2.6094e+00,
          -1.1406e+00,  1.7625e+01],
         [-1.6250e+00,  1.7188e-01, -1.0156e+00,  ...,  1.8906e+00,
           8.2500e+00,  8.8281e-01],
         ...,
         [-1.7656e+00,  1.0078e+00,  5.5469e-01,  ..., -5.3516e-01,
          -5.6562e+00, -9.0625e+00],
         [ 8.1250e-01,  1.4297e+00,  1.7578e-01,  ...,  1.6719e+00,
           2.1387e-01, -2.0000e+00],
         [ 3.2656e+00,  1.8672e+00,  2.4531e+00,  ..., -8.0469e-01,
           1.6602e-02,  4.7461e-01]],

        [[ 1.1406e+00,  9.9609e-01, -1.7383e-01,  ..., -2.2344e+00,
          -7.0000e+00,  1.5234e+00],
         [ 1.8359e-01,  1.6504e-01,  1.0000e+00,  ..., -4.6250e+00,
          -2.9219e+00,  1.4500e+01],
         [-1.9219e+00, -2.0781e+00, -1.2891e+00,  ..., -4.0039e-01,
           1.0312e+01,  1.2266e+00],
         ...,
         [-2.4062e+00,  1.4375e+00, -6.2109e-01,  ...,  4.8125e+00,
          -1.0562e+01, -8.5625e+00],
         [ 2.7031e+00,  3.3594e-01, -1.6719e+00,  ...,  1.5234e+00,
           5.1953e-01, -2.9492e-01],
         [ 9.2500e+00, -3.0078e-01, -2.2500e+00,  ...,  1.3867e-01,
          -8.0469e-01, -7.6172e-02]]], device='cuda:0', dtype=torch.bfloat16)
tensor([[[ 4.1016e-02,  2.6978e-02, -1.7456e-02,  ..., -1.3047e+00,
          -6.0938e+00,  8.2422e-01],
         [ 4.7852e-02,  2.6123e-02, -2.6367e-02,  ..., -3.0859e-01,
          -1.4219e+00,  3.3250e+01],
         [ 9.3994e-03,  1.1719e-02,  3.5400e-02,  ...,  3.1719e+00,
           1.0438e+01,  1.5000e+00],
         ...,
         [ 2.2583e-02,  4.6875e-02,  1.0986e-02,  ..., -1.6562e+00,
          -1.4297e+00, -8.9375e+00],
         [-1.7090e-02,  3.4180e-02,  3.6865e-02,  ...,  2.0781e+00,
           6.9141e-01, -2.3281e+00],
         [-1.8921e-02,  1.7212e-02, -4.7119e-02,  ...,  4.1016e-01,
          -4.9744e-03, -3.3398e-01]],

        [[-6.0156e-01, -9.5312e-01, -4.1602e-01,  ..., -2.4219e+00,
          -6.8750e+00,  5.7812e-01],
         [ 1.6797e-01,  1.9727e-01, -5.2344e-01,  ...,  5.8438e+00,
          -2.8320e-01,  1.7250e+01],
         [ 1.6953e+00, -7.5781e-01,  6.8359e-01,  ...,  7.1484e-01,
           9.1875e+00,  1.4219e+00],
         ...,
         [ 1.0469e+00,  8.9062e-01,  1.0938e+00,  ..., -2.8750e+00,
          -5.1562e+00, -7.2500e+00],
         [-2.7188e+00,  1.2109e+00,  2.0156e+00,  ...,  9.8438e-01,
           2.0898e-01, -2.0469e+00],
         [-7.2188e+00,  2.6094e+00,  9.0625e-01,  ...,  1.4766e+00,
           1.3574e-01,  4.2383e-01]],

        [[-1.0234e+00,  1.6797e+00, -6.7578e-01,  ..., -2.0000e+00,
          -6.9688e+00,  1.8828e+00],
         [-1.3867e-01, -3.3936e-02, -5.8594e-01,  ..., -2.2656e-01,
           2.0469e+00,  1.6875e+01],
         [ 5.4297e-01, -3.3594e-01,  3.2422e-01,  ..., -5.2344e-01,
           9.9375e+00,  2.6562e+00],
         ...,
         [ 2.0020e-01, -5.8203e-01,  1.4062e+00,  ...,  4.3750e-01,
          -9.2969e-01, -7.7188e+00],
         [-6.7969e-01, -7.3438e-01, -1.4844e-01,  ...,  7.5000e-01,
          -4.6680e-01, -1.6172e+00],
         [-5.3750e+00, -3.9844e-01,  1.8438e+00,  ...,  7.5391e-01,
          -1.0156e+00,  2.4707e-01]],

        ...,

        [[-1.8906e+00, -1.8438e+00,  2.6953e-01,  ..., -1.0547e+00,
          -5.5312e+00,  1.4922e+00],
         [-4.5117e-01, -1.6016e-01, -5.2734e-01,  ..., -3.0625e+00,
           7.0703e-01,  1.4500e+01],
         [ 9.9609e-01,  1.1797e+00,  7.3438e-01,  ...,  1.4531e+00,
           7.2500e+00,  3.1562e+00],
         ...,
         [ 8.8281e-01,  1.1875e+00,  7.6562e-01,  ...,  4.2578e-01,
          -2.4512e-01, -8.5625e+00],
         [-1.0781e+00,  9.4922e-01,  3.3203e-01,  ...,  2.0938e+00,
          -1.2109e+00, -2.8438e+00],
         [-4.1250e+00, -4.6875e-01,  6.8750e-01,  ...,  1.6797e+00,
          -1.8047e+00, -2.2363e-01]],

        [[ 5.6250e-01, -2.2500e+00, -1.3125e+00,  ..., -3.6719e+00,
          -7.1875e+00,  1.2734e+00],
         [ 7.0312e-02, -4.2969e-01,  1.7090e-02,  ...,  2.6094e+00,
          -1.1406e+00,  1.7625e+01],
         [-1.6250e+00,  1.7188e-01, -1.0156e+00,  ...,  1.8906e+00,
           8.2500e+00,  8.8281e-01],
         ...,
         [-1.7656e+00,  1.0078e+00,  5.5469e-01,  ..., -5.3516e-01,
          -5.6562e+00, -9.0625e+00],
         [ 8.1250e-01,  1.4297e+00,  1.7578e-01,  ...,  1.6719e+00,
           2.1387e-01, -2.0000e+00],
         [ 3.2656e+00,  1.8672e+00,  2.4531e+00,  ..., -8.0469e-01,
           1.6602e-02,  4.7461e-01]],

        [[ 1.1406e+00,  9.9609e-01, -1.7383e-01,  ..., -2.2344e+00,
          -7.0000e+00,  1.5234e+00],
         [ 1.8359e-01,  1.6504e-01,  1.0000e+00,  ..., -4.6250e+00,
          -2.9219e+00,  1.4500e+01],
         [-1.9219e+00, -2.0781e+00, -1.2891e+00,  ..., -4.0039e-01,
           1.0312e+01,  1.2266e+00],
         ...,
         [-2.4062e+00,  1.4375e+00, -6.2109e-01,  ...,  4.8125e+00,
          -1.0562e+01, -8.5625e+00],
         [ 2.7031e+00,  3.3594e-01, -1.6719e+00,  ...,  1.5234e+00,
           5.1953e-01, -2.9492e-01],
         [ 9.2500e+00, -3.0078e-01, -2.2500e+00,  ...,  1.3867e-01,
          -8.0469e-01, -7.6172e-02]]], device='cuda:0', dtype=torch.bfloat16)
tensor([[[ 4.1016e-02,  2.6978e-02, -1.7456e-02,  ..., -1.3047e+00,
          -6.0938e+00,  8.2422e-01],
         [ 4.7852e-02,  2.6123e-02, -2.6367e-02,  ..., -3.0859e-01,
          -1.4219e+00,  3.3250e+01],
         [ 9.3994e-03,  1.1719e-02,  3.5400e-02,  ...,  3.1719e+00,
           1.0438e+01,  1.5000e+00],
         ...,
         [ 2.2583e-02,  4.6875e-02,  1.0986e-02,  ..., -1.6562e+00,
          -1.4297e+00, -8.9375e+00],
         [-1.7090e-02,  3.4180e-02,  3.6865e-02,  ...,  2.0781e+00,
           6.9141e-01, -2.3281e+00],
         [-1.8921e-02,  1.7212e-02, -4.7119e-02,  ...,  4.1016e-01,
          -4.9744e-03, -3.3398e-01]],

        [[-6.0156e-01, -9.5312e-01, -4.1602e-01,  ..., -2.4219e+00,
          -6.8750e+00,  5.7812e-01],
         [ 1.6797e-01,  1.9727e-01, -5.2344e-01,  ...,  5.8438e+00,
          -2.8320e-01,  1.7250e+01],
         [ 1.6953e+00, -7.5781e-01,  6.8359e-01,  ...,  7.1484e-01,
           9.1875e+00,  1.4219e+00],
         ...,
         [ 1.0469e+00,  8.9062e-01,  1.0938e+00,  ..., -2.8750e+00,
          -5.1562e+00, -7.2500e+00],
         [-2.7188e+00,  1.2109e+00,  2.0156e+00,  ...,  9.8438e-01,
           2.0898e-01, -2.0469e+00],
         [-7.2188e+00,  2.6094e+00,  9.0625e-01,  ...,  1.4766e+00,
           1.3574e-01,  4.2383e-01]],

        [[-1.0234e+00,  1.6797e+00, -6.7578e-01,  ..., -2.0000e+00,
          -6.9688e+00,  1.8828e+00],
         [-1.3867e-01, -3.3936e-02, -5.8594e-01,  ..., -2.2656e-01,
           2.0469e+00,  1.6875e+01],
         [ 5.4297e-01, -3.3594e-01,  3.2422e-01,  ..., -5.2344e-01,
           9.9375e+00,  2.6562e+00],
         ...,
         [ 2.0020e-01, -5.8203e-01,  1.4062e+00,  ...,  4.3750e-01,
          -9.2969e-01, -7.7188e+00],
         [-6.7969e-01, -7.3438e-01, -1.4844e-01,  ...,  7.5000e-01,
          -4.6680e-01, -1.6172e+00],
         [-5.3750e+00, -3.9844e-01,  1.8438e+00,  ...,  7.5391e-01,
          -1.0156e+00,  2.4707e-01]],

        ...,

        [[-1.8906e+00, -1.8438e+00,  2.6953e-01,  ..., -1.0547e+00,
          -5.5312e+00,  1.4922e+00],
         [-4.5117e-01, -1.6016e-01, -5.2734e-01,  ..., -3.0625e+00,
           7.0703e-01,  1.4500e+01],
         [ 9.9609e-01,  1.1797e+00,  7.3438e-01,  ...,  1.4531e+00,
           7.2500e+00,  3.1562e+00],
         ...,
         [ 8.8281e-01,  1.1875e+00,  7.6562e-01,  ...,  4.2578e-01,
          -2.4512e-01, -8.5625e+00],
         [-1.0781e+00,  9.4922e-01,  3.3203e-01,  ...,  2.0938e+00,
          -1.2109e+00, -2.8438e+00],
         [-4.1250e+00, -4.6875e-01,  6.8750e-01,  ...,  1.6797e+00,
          -1.8047e+00, -2.2363e-01]],

        [[ 5.6250e-01, -2.2500e+00, -1.3125e+00,  ..., -3.6719e+00,
          -7.1875e+00,  1.2734e+00],
         [ 7.0312e-02, -4.2969e-01,  1.7090e-02,  ...,  2.6094e+00,
          -1.1406e+00,  1.7625e+01],
         [-1.6250e+00,  1.7188e-01, -1.0156e+00,  ...,  1.8906e+00,
           8.2500e+00,  8.8281e-01],
         ...,
         [-1.7656e+00,  1.0078e+00,  5.5469e-01,  ..., -5.3516e-01,
          -5.6562e+00, -9.0625e+00],
         [ 8.1250e-01,  1.4297e+00,  1.7578e-01,  ...,  1.6719e+00,
           2.1387e-01, -2.0000e+00],
         [ 3.2656e+00,  1.8672e+00,  2.4531e+00,  ..., -8.0469e-01,
           1.6602e-02,  4.7461e-01]],

        [[ 1.1406e+00,  9.9609e-01, -1.7383e-01,  ..., -2.2344e+00,
          -7.0000e+00,  1.5234e+00],
         [ 1.8359e-01,  1.6504e-01,  1.0000e+00,  ..., -4.6250e+00,
          -2.9219e+00,  1.4500e+01],
         [-1.9219e+00, -2.0781e+00, -1.2891e+00,  ..., -4.0039e-01,
           1.0312e+01,  1.2266e+00],
         ...,
         [-2.4062e+00,  1.4375e+00, -6.2109e-01,  ...,  4.8125e+00,
          -1.0562e+01, -8.5625e+00],
         [ 2.7031e+00,  3.3594e-01, -1.6719e+00,  ...,  1.5234e+00,
           5.1953e-01, -2.9492e-01],
         [ 9.2500e+00, -3.0078e-01, -2.2500e+00,  ...,  1.3867e-01,
          -8.0469e-01, -7.6172e-02]]], device='cuda:0', dtype=torch.bfloat16)
tensor([[[ 2.3804e-02, -4.3213e-02, -2.0294e-03,  ..., -1.5312e+00,
          -1.4062e+00,  1.3281e+00],
         [ 4.2725e-03, -5.6641e-02,  1.3733e-03,  ...,  2.4219e+00,
           9.3359e-01,  3.6250e+00],
         [ 2.4536e-02, -6.2866e-03,  2.8229e-03,  ..., -1.0010e-01,
          -7.4609e-01, -2.3125e+00],
         ...,
         [ 6.5308e-03,  7.5989e-03,  1.9550e-05,  ..., -5.0000e-01,
          -3.1445e-01, -3.0078e-01],
         [ 2.2583e-02, -2.3682e-02,  1.8463e-03,  ...,  4.5938e+00,
           2.6562e+00,  2.6406e+00],
         [-5.9082e-02, -2.1973e-02, -2.0752e-03,  ...,  1.0400e-01,
           1.5078e+00, -1.3188e+01]],

        [[-3.1250e+00, -1.7422e+00, -3.3594e-01,  ..., -8.9844e-01,
           6.4844e-01,  3.0625e+00],
         [ 7.8906e-01, -9.1797e-01, -6.2500e-01,  ...,  1.8906e+00,
          -2.6719e+00,  3.1250e+00],
         [-1.3359e+00, -3.5547e-01,  7.7344e-01,  ...,  5.5859e-01,
           7.8125e-01,  3.7891e-01],
         ...,
         [-2.3125e+00,  1.0938e-01,  1.2109e+00,  ...,  1.2969e+00,
           6.1328e-01, -1.0703e+00],
         [-7.0703e-01,  1.4688e+00, -5.3516e-01,  ...,  3.5938e+00,
          -2.8125e+00,  2.3594e+00],
         [ 1.1172e+00, -1.0000e+00, -6.8750e-01,  ...,  3.2227e-01,
          -2.4375e+00, -1.9824e-01]],

        [[-1.3281e+00, -2.4062e+00, -1.0859e+00,  ..., -3.6523e-01,
          -2.4219e+00,  1.8125e+00],
         [ 6.3672e-01, -1.0986e-01, -7.1875e-01,  ...,  2.1562e+00,
          -9.6484e-01,  3.8906e+00],
         [-1.3438e+00, -1.6562e+00,  4.1406e-01,  ...,  2.4609e-01,
           2.9688e+00,  1.8750e-01],
         ...,
         [-2.0312e+00,  6.2891e-01,  1.6875e+00,  ...,  6.7188e-01,
           1.8750e-01,  5.4297e-01],
         [-5.0000e-01, -5.2734e-01, -9.6484e-01,  ...,  3.5469e+00,
          -3.1250e+00,  3.0938e+00],
         [ 8.4375e-01, -1.5859e+00, -1.9922e-01,  ...,  4.3945e-01,
          -1.7500e+00,  1.4221e-02]],

        ...,

        [[-2.1406e+00, -2.3438e-01, -6.4062e-01,  ...,  1.1133e-01,
           9.6094e-01,  2.3906e+00],
         [ 1.1797e+00,  5.1172e-01, -1.6172e+00,  ...,  2.8906e+00,
          -1.2656e+00,  4.3125e+00],
         [-2.4062e+00,  1.7969e+00,  7.4609e-01,  ...,  5.7031e-01,
           6.9141e-01, -9.6094e-01],
         ...,
         [-1.7422e+00, -2.6562e+00,  2.4062e+00,  ...,  1.9219e+00,
          -1.7578e-01, -1.8125e+00],
         [-1.7031e+00,  6.1719e-01, -1.2891e+00,  ...,  3.5781e+00,
          -7.5000e-01,  3.7344e+00],
         [ 1.7969e+00,  2.6094e+00, -1.2812e+00,  ...,  3.9648e-01,
          -1.4531e+00, -1.0078e+00]],

        [[-7.4219e-02, -8.9062e-01, -1.8594e+00,  ..., -2.7188e+00,
           1.0859e+00,  5.5078e-01],
         [-5.0000e-01, -4.6680e-01, -1.8047e+00,  ...,  1.6875e+00,
           3.5781e+00,  6.8750e+00],
         [ 9.2969e-01,  1.9922e+00,  2.1250e+00,  ...,  3.6523e-01,
           1.5078e+00, -1.3438e+00],
         ...,
         [ 1.3750e+00, -1.9453e+00,  2.2500e+00,  ..., -1.9375e+00,
           2.5938e+00,  3.1055e-01],
         [ 7.7734e-01,  7.1094e-01, -1.3984e+00,  ...,  5.1875e+00,
          -1.8359e+00,  5.3125e+00],
         [-4.3555e-01, -7.5000e-01, -1.0234e+00,  ...,  8.1641e-01,
          -7.2656e-01, -1.0156e+00]],

        [[ 7.6562e-01, -3.0781e+00, -1.0938e+00,  ...,  3.6328e-01,
           1.0312e+00,  1.1016e+00],
         [-1.5469e+00, -1.2422e+00, -8.6328e-01,  ...,  1.4766e+00,
           7.6172e-01,  7.2500e+00],
         [ 1.0625e+00,  1.3672e-01,  3.6328e-01,  ..., -1.5039e-01,
           1.6406e+00, -6.8359e-01],
         ...,
         [ 1.6719e+00, -1.0781e+00,  9.8047e-01,  ...,  6.6016e-01,
           1.1016e+00, -7.5684e-02],
         [ 9.6875e-01,  2.0000e+00, -4.3164e-01,  ...,  5.1562e+00,
          -1.9609e+00,  6.5000e+00],
         [-9.4531e-01, -8.2812e-01,  4.9023e-01,  ..., -2.1387e-01,
          -1.9453e+00, -6.6016e-01]]], device='cuda:0', dtype=torch.bfloat16)
tensor([[[ 2.3804e-02, -4.3213e-02, -2.0294e-03,  ..., -1.5312e+00,
          -1.4062e+00,  1.3281e+00],
         [ 4.2725e-03, -5.6641e-02,  1.3733e-03,  ...,  2.4219e+00,
           9.3359e-01,  3.6250e+00],
         [ 2.4536e-02, -6.2866e-03,  2.8229e-03,  ..., -1.0010e-01,
          -7.4609e-01, -2.3125e+00],
         ...,
         [ 6.5308e-03,  7.5989e-03,  1.9550e-05,  ..., -5.0000e-01,
          -3.1445e-01, -3.0078e-01],
         [ 2.2583e-02, -2.3682e-02,  1.8463e-03,  ...,  4.5938e+00,
           2.6562e+00,  2.6406e+00],
         [-5.9082e-02, -2.1973e-02, -2.0752e-03,  ...,  1.0400e-01,
           1.5078e+00, -1.3188e+01]],

        [[-3.1250e+00, -1.7422e+00, -3.3594e-01,  ..., -8.9844e-01,
           6.4844e-01,  3.0625e+00],
         [ 7.8906e-01, -9.1797e-01, -6.2500e-01,  ...,  1.8906e+00,
          -2.6719e+00,  3.1250e+00],
         [-1.3359e+00, -3.5547e-01,  7.7344e-01,  ...,  5.5859e-01,
           7.8125e-01,  3.7891e-01],
         ...,
         [-2.3125e+00,  1.0938e-01,  1.2109e+00,  ...,  1.2969e+00,
           6.1328e-01, -1.0703e+00],
         [-7.0703e-01,  1.4688e+00, -5.3516e-01,  ...,  3.5938e+00,
          -2.8125e+00,  2.3594e+00],
         [ 1.1172e+00, -1.0000e+00, -6.8750e-01,  ...,  3.2227e-01,
          -2.4375e+00, -1.9824e-01]],

        [[-1.3281e+00, -2.4062e+00, -1.0859e+00,  ..., -3.6523e-01,
          -2.4219e+00,  1.8125e+00],
         [ 6.3672e-01, -1.0986e-01, -7.1875e-01,  ...,  2.1562e+00,
          -9.6484e-01,  3.8906e+00],
         [-1.3438e+00, -1.6562e+00,  4.1406e-01,  ...,  2.4609e-01,
           2.9688e+00,  1.8750e-01],
         ...,
         [-2.0312e+00,  6.2891e-01,  1.6875e+00,  ...,  6.7188e-01,
           1.8750e-01,  5.4297e-01],
         [-5.0000e-01, -5.2734e-01, -9.6484e-01,  ...,  3.5469e+00,
          -3.1250e+00,  3.0938e+00],
         [ 8.4375e-01, -1.5859e+00, -1.9922e-01,  ...,  4.3945e-01,
          -1.7500e+00,  1.4221e-02]],

        ...,

        [[-2.1406e+00, -2.3438e-01, -6.4062e-01,  ...,  1.1133e-01,
           9.6094e-01,  2.3906e+00],
         [ 1.1797e+00,  5.1172e-01, -1.6172e+00,  ...,  2.8906e+00,
          -1.2656e+00,  4.3125e+00],
         [-2.4062e+00,  1.7969e+00,  7.4609e-01,  ...,  5.7031e-01,
           6.9141e-01, -9.6094e-01],
         ...,
         [-1.7422e+00, -2.6562e+00,  2.4062e+00,  ...,  1.9219e+00,
          -1.7578e-01, -1.8125e+00],
         [-1.7031e+00,  6.1719e-01, -1.2891e+00,  ...,  3.5781e+00,
          -7.5000e-01,  3.7344e+00],
         [ 1.7969e+00,  2.6094e+00, -1.2812e+00,  ...,  3.9648e-01,
          -1.4531e+00, -1.0078e+00]],

        [[-7.4219e-02, -8.9062e-01, -1.8594e+00,  ..., -2.7188e+00,
           1.0859e+00,  5.5078e-01],
         [-5.0000e-01, -4.6680e-01, -1.8047e+00,  ...,  1.6875e+00,
           3.5781e+00,  6.8750e+00],
         [ 9.2969e-01,  1.9922e+00,  2.1250e+00,  ...,  3.6523e-01,
           1.5078e+00, -1.3438e+00],
         ...,
         [ 1.3750e+00, -1.9453e+00,  2.2500e+00,  ..., -1.9375e+00,
           2.5938e+00,  3.1055e-01],
         [ 7.7734e-01,  7.1094e-01, -1.3984e+00,  ...,  5.1875e+00,
          -1.8359e+00,  5.3125e+00],
         [-4.3555e-01, -7.5000e-01, -1.0234e+00,  ...,  8.1641e-01,
          -7.2656e-01, -1.0156e+00]],

        [[ 7.6562e-01, -3.0781e+00, -1.0938e+00,  ...,  3.6328e-01,
           1.0312e+00,  1.1016e+00],
         [-1.5469e+00, -1.2422e+00, -8.6328e-01,  ...,  1.4766e+00,
           7.6172e-01,  7.2500e+00],
         [ 1.0625e+00,  1.3672e-01,  3.6328e-01,  ..., -1.5039e-01,
           1.6406e+00, -6.8359e-01],
         ...,
         [ 1.6719e+00, -1.0781e+00,  9.8047e-01,  ...,  6.6016e-01,
           1.1016e+00, -7.5684e-02],
         [ 9.6875e-01,  2.0000e+00, -4.3164e-01,  ...,  5.1562e+00,
          -1.9609e+00,  6.5000e+00],
         [-9.4531e-01, -8.2812e-01,  4.9023e-01,  ..., -2.1387e-01,
          -1.9453e+00, -6.6016e-01]]], device='cuda:0', dtype=torch.bfloat16)
tensor([[[ 2.3804e-02, -4.3213e-02, -2.0294e-03,  ..., -1.5312e+00,
          -1.4062e+00,  1.3281e+00],
         [ 4.2725e-03, -5.6641e-02,  1.3733e-03,  ...,  2.4219e+00,
           9.3359e-01,  3.6250e+00],
         [ 2.4536e-02, -6.2866e-03,  2.8229e-03,  ..., -1.0010e-01,
          -7.4609e-01, -2.3125e+00],
         ...,
         [ 6.5308e-03,  7.5989e-03,  1.9550e-05,  ..., -5.0000e-01,
          -3.1445e-01, -3.0078e-01],
         [ 2.2583e-02, -2.3682e-02,  1.8463e-03,  ...,  4.5938e+00,
           2.6562e+00,  2.6406e+00],
         [-5.9082e-02, -2.1973e-02, -2.0752e-03,  ...,  1.0400e-01,
           1.5078e+00, -1.3188e+01]],

        [[-3.1250e+00, -1.7422e+00, -3.3594e-01,  ..., -8.9844e-01,
           6.4844e-01,  3.0625e+00],
         [ 7.8906e-01, -9.1797e-01, -6.2500e-01,  ...,  1.8906e+00,
          -2.6719e+00,  3.1250e+00],
         [-1.3359e+00, -3.5547e-01,  7.7344e-01,  ...,  5.5859e-01,
           7.8125e-01,  3.7891e-01],
         ...,
         [-2.3125e+00,  1.0938e-01,  1.2109e+00,  ...,  1.2969e+00,
           6.1328e-01, -1.0703e+00],
         [-7.0703e-01,  1.4688e+00, -5.3516e-01,  ...,  3.5938e+00,
          -2.8125e+00,  2.3594e+00],
         [ 1.1172e+00, -1.0000e+00, -6.8750e-01,  ...,  3.2227e-01,
          -2.4375e+00, -1.9824e-01]],

        [[-1.3281e+00, -2.4062e+00, -1.0859e+00,  ..., -3.6523e-01,
          -2.4219e+00,  1.8125e+00],
         [ 6.3672e-01, -1.0986e-01, -7.1875e-01,  ...,  2.1562e+00,
          -9.6484e-01,  3.8906e+00],
         [-1.3438e+00, -1.6562e+00,  4.1406e-01,  ...,  2.4609e-01,
           2.9688e+00,  1.8750e-01],
         ...,
         [-2.0312e+00,  6.2891e-01,  1.6875e+00,  ...,  6.7188e-01,
           1.8750e-01,  5.4297e-01],
         [-5.0000e-01, -5.2734e-01, -9.6484e-01,  ...,  3.5469e+00,
          -3.1250e+00,  3.0938e+00],
         [ 8.4375e-01, -1.5859e+00, -1.9922e-01,  ...,  4.3945e-01,
          -1.7500e+00,  1.4221e-02]],

        ...,

        [[-2.1406e+00, -2.3438e-01, -6.4062e-01,  ...,  1.1133e-01,
           9.6094e-01,  2.3906e+00],
         [ 1.1797e+00,  5.1172e-01, -1.6172e+00,  ...,  2.8906e+00,
          -1.2656e+00,  4.3125e+00],
         [-2.4062e+00,  1.7969e+00,  7.4609e-01,  ...,  5.7031e-01,
           6.9141e-01, -9.6094e-01],
         ...,
         [-1.7422e+00, -2.6562e+00,  2.4062e+00,  ...,  1.9219e+00,
          -1.7578e-01, -1.8125e+00],
         [-1.7031e+00,  6.1719e-01, -1.2891e+00,  ...,  3.5781e+00,
          -7.5000e-01,  3.7344e+00],
         [ 1.7969e+00,  2.6094e+00, -1.2812e+00,  ...,  3.9648e-01,
          -1.4531e+00, -1.0078e+00]],

        [[-7.4219e-02, -8.9062e-01, -1.8594e+00,  ..., -2.7188e+00,
           1.0859e+00,  5.5078e-01],
         [-5.0000e-01, -4.6680e-01, -1.8047e+00,  ...,  1.6875e+00,
           3.5781e+00,  6.8750e+00],
         [ 9.2969e-01,  1.9922e+00,  2.1250e+00,  ...,  3.6523e-01,
           1.5078e+00, -1.3438e+00],
         ...,
         [ 1.3750e+00, -1.9453e+00,  2.2500e+00,  ..., -1.9375e+00,
           2.5938e+00,  3.1055e-01],
         [ 7.7734e-01,  7.1094e-01, -1.3984e+00,  ...,  5.1875e+00,
          -1.8359e+00,  5.3125e+00],
         [-4.3555e-01, -7.5000e-01, -1.0234e+00,  ...,  8.1641e-01,
          -7.2656e-01, -1.0156e+00]],

        [[ 7.6562e-01, -3.0781e+00, -1.0938e+00,  ...,  3.6328e-01,
           1.0312e+00,  1.1016e+00],
         [-1.5469e+00, -1.2422e+00, -8.6328e-01,  ...,  1.4766e+00,
           7.6172e-01,  7.2500e+00],
         [ 1.0625e+00,  1.3672e-01,  3.6328e-01,  ..., -1.5039e-01,
           1.6406e+00, -6.8359e-01],
         ...,
         [ 1.6719e+00, -1.0781e+00,  9.8047e-01,  ...,  6.6016e-01,
           1.1016e+00, -7.5684e-02],
         [ 9.6875e-01,  2.0000e+00, -4.3164e-01,  ...,  5.1562e+00,
          -1.9609e+00,  6.5000e+00],
         [-9.4531e-01, -8.2812e-01,  4.9023e-01,  ..., -2.1387e-01,
          -1.9453e+00, -6.6016e-01]]], device='cuda:0', dtype=torch.bfloat16)
tensor([[[ 4.2725e-03, -3.4912e-02,  1.6113e-02,  ...,  1.2207e-01,
          -1.7578e+00, -1.7500e+00],
         [-3.5400e-02, -4.9133e-03,  6.2256e-03,  ...,  2.2852e-01,
          -1.9453e+00, -5.8203e-01],
         [ 1.3611e-02, -8.4229e-03, -1.9531e-03,  ..., -2.7344e-01,
          -5.3467e-02,  9.7266e-01],
         ...,
         [ 2.3682e-02, -1.0620e-02, -1.8845e-03,  ...,  6.7500e+00,
           5.8125e+00,  3.7344e+00],
         [ 3.4668e-02, -1.6113e-02, -5.6396e-02,  ..., -2.1125e+01,
          -7.2266e-01, -4.8438e+00],
         [ 3.5400e-02,  4.1504e-02,  5.1270e-02,  ...,  5.8203e-01,
          -5.7031e-01,  1.4551e-01]],

        [[-2.5469e+00, -1.3203e+00, -8.7109e-01,  ..., -2.2500e+00,
          -3.1406e+00,  9.5703e-01],
         [-2.3281e+00,  1.0625e+00, -6.6406e-01,  ...,  4.7656e-01,
          -1.9219e+00,  5.0391e-01],
         [ 6.5234e-01,  3.1250e-01, -1.5625e-02,  ...,  1.1562e+00,
           3.7109e-01, -1.7891e+00],
         ...,
         [ 6.4453e-01,  4.2773e-01,  7.2656e-01,  ...,  4.4375e+00,
           3.6719e+00,  4.7812e+00],
         [-1.1035e-01, -9.6875e-01,  2.2656e-01,  ...,  6.9531e-01,
           7.9688e+00, -4.8125e+00],
         [-5.3906e-01,  4.0527e-02, -3.6523e-01,  ...,  2.9688e+00,
           2.4062e+00,  4.8438e+00]],

        [[-1.1953e+00,  3.9307e-02, -1.9844e+00,  ..., -1.6016e+00,
          -3.5781e+00,  1.4844e+00],
         [-3.7500e-01, -6.6895e-02, -9.0820e-02,  ...,  2.5469e+00,
          -2.7812e+00,  9.2188e-01],
         [ 1.2656e+00, -1.6479e-02,  5.3516e-01,  ...,  3.1406e+00,
           1.3828e+00,  8.0859e-01],
         ...,
         [ 2.4121e-01,  1.1230e-02,  1.1670e-01,  ...,  3.9844e+00,
           3.4219e+00,  5.5000e+00],
         [-1.0391e+00,  2.2461e-02,  8.6328e-01,  ..., -9.6875e-01,
           1.0312e+01,  7.9688e-01],
         [ 6.4453e-01,  2.1240e-02,  8.1055e-02,  ...,  1.0781e+00,
           3.7188e+00,  2.8125e+00]],

        ...,

        [[-1.6953e+00, -1.6562e+00,  9.4922e-01,  ..., -2.0142e-02,
          -2.8281e+00,  4.3945e-01],
         [-2.0312e+00,  8.4375e-01, -1.5625e+00,  ...,  4.7852e-01,
          -1.5000e+00,  1.3984e+00],
         [ 7.8906e-01,  7.3438e-01,  1.1953e+00,  ..., -3.3281e+00,
           6.4844e-01,  6.7812e+00],
         ...,
         [ 1.5312e+00,  1.1094e+00,  6.0156e-01,  ...,  4.2812e+00,
           4.1250e+00,  3.0000e+00],
         [-3.5352e-01, -9.2188e-01,  7.1094e-01,  ..., -5.0781e-01,
           9.8125e+00, -7.3438e+00],
         [-3.9062e-01,  8.7891e-01, -9.4141e-01,  ...,  2.0312e+00,
           1.8945e-01,  5.0625e+00]],

        [[ 8.0469e-01, -2.5312e+00, -2.2852e-01,  ..., -4.6680e-01,
          -3.4219e+00,  5.4688e-01],
         [ 6.2891e-01,  8.8281e-01, -2.2188e+00,  ...,  1.0234e+00,
          -1.6250e+00,  1.7031e+00],
         [-4.7070e-01,  1.5703e+00,  5.0000e-01,  ..., -2.5312e+00,
           9.4604e-03,  2.3125e+00],
         ...,
         [-1.1953e+00,  1.4219e+00, -7.5195e-02,  ...,  6.0625e+00,
           4.2812e+00,  3.8281e+00],
         [-1.0312e+00, -2.2812e+00,  2.5781e-01,  ..., -1.3906e+00,
           6.5625e+00, -6.8750e+00],
         [ 9.2969e-01,  1.3203e+00, -8.2812e-01,  ..., -6.7812e+00,
           2.3633e-01,  3.4062e+00]],

        [[ 6.0547e-01, -1.4062e+00, -1.4688e+00,  ..., -9.3750e-01,
          -3.9844e+00, -5.4688e-01],
         [ 5.8984e-01,  1.0547e+00, -6.2500e-02,  ...,  1.1250e+00,
          -2.6406e+00,  1.4297e+00],
         [-1.4062e+00,  3.2812e-01,  6.2891e-01,  ..., -2.9219e+00,
          -5.0312e+00, -2.4844e+00],
         ...,
         [-5.2490e-02, -1.2598e-01, -2.0020e-01,  ...,  4.0000e+00,
           4.1250e+00,  4.8750e+00],
         [-5.5469e-01, -9.3359e-01,  2.9102e-01,  ..., -2.9219e+00,
           8.5625e+00, -4.0000e+00],
         [ 1.5938e+00,  8.3594e-01, -4.9609e-01,  ..., -3.5156e+00,
          -1.5156e+00,  4.2812e+00]]], device='cuda:0', dtype=torch.bfloat16)
tensor([[[ 4.2725e-03, -3.4912e-02,  1.6113e-02,  ...,  1.2207e-01,
          -1.7578e+00, -1.7500e+00],
         [-3.5400e-02, -4.9133e-03,  6.2256e-03,  ...,  2.2852e-01,
          -1.9453e+00, -5.8203e-01],
         [ 1.3611e-02, -8.4229e-03, -1.9531e-03,  ..., -2.7344e-01,
          -5.3467e-02,  9.7266e-01],
         ...,
         [ 2.3682e-02, -1.0620e-02, -1.8845e-03,  ...,  6.7500e+00,
           5.8125e+00,  3.7344e+00],
         [ 3.4668e-02, -1.6113e-02, -5.6396e-02,  ..., -2.1125e+01,
          -7.2266e-01, -4.8438e+00],
         [ 3.5400e-02,  4.1504e-02,  5.1270e-02,  ...,  5.8203e-01,
          -5.7031e-01,  1.4551e-01]],

        [[-2.5469e+00, -1.3203e+00, -8.7109e-01,  ..., -2.2500e+00,
          -3.1406e+00,  9.5703e-01],
         [-2.3281e+00,  1.0625e+00, -6.6406e-01,  ...,  4.7656e-01,
          -1.9219e+00,  5.0391e-01],
         [ 6.5234e-01,  3.1250e-01, -1.5625e-02,  ...,  1.1562e+00,
           3.7109e-01, -1.7891e+00],
         ...,
         [ 6.4453e-01,  4.2773e-01,  7.2656e-01,  ...,  4.4375e+00,
           3.6719e+00,  4.7812e+00],
         [-1.1035e-01, -9.6875e-01,  2.2656e-01,  ...,  6.9531e-01,
           7.9688e+00, -4.8125e+00],
         [-5.3906e-01,  4.0527e-02, -3.6523e-01,  ...,  2.9688e+00,
           2.4062e+00,  4.8438e+00]],

        [[-1.1953e+00,  3.9307e-02, -1.9844e+00,  ..., -1.6016e+00,
          -3.5781e+00,  1.4844e+00],
         [-3.7500e-01, -6.6895e-02, -9.0820e-02,  ...,  2.5469e+00,
          -2.7812e+00,  9.2188e-01],
         [ 1.2656e+00, -1.6479e-02,  5.3516e-01,  ...,  3.1406e+00,
           1.3828e+00,  8.0859e-01],
         ...,
         [ 2.4121e-01,  1.1230e-02,  1.1670e-01,  ...,  3.9844e+00,
           3.4219e+00,  5.5000e+00],
         [-1.0391e+00,  2.2461e-02,  8.6328e-01,  ..., -9.6875e-01,
           1.0312e+01,  7.9688e-01],
         [ 6.4453e-01,  2.1240e-02,  8.1055e-02,  ...,  1.0781e+00,
           3.7188e+00,  2.8125e+00]],

        ...,

        [[-1.6953e+00, -1.6562e+00,  9.4922e-01,  ..., -2.0142e-02,
          -2.8281e+00,  4.3945e-01],
         [-2.0312e+00,  8.4375e-01, -1.5625e+00,  ...,  4.7852e-01,
          -1.5000e+00,  1.3984e+00],
         [ 7.8906e-01,  7.3438e-01,  1.1953e+00,  ..., -3.3281e+00,
           6.4844e-01,  6.7812e+00],
         ...,
         [ 1.5312e+00,  1.1094e+00,  6.0156e-01,  ...,  4.2812e+00,
           4.1250e+00,  3.0000e+00],
         [-3.5352e-01, -9.2188e-01,  7.1094e-01,  ..., -5.0781e-01,
           9.8125e+00, -7.3438e+00],
         [-3.9062e-01,  8.7891e-01, -9.4141e-01,  ...,  2.0312e+00,
           1.8945e-01,  5.0625e+00]],

        [[ 8.0469e-01, -2.5312e+00, -2.2852e-01,  ..., -4.6680e-01,
          -3.4219e+00,  5.4688e-01],
         [ 6.2891e-01,  8.8281e-01, -2.2188e+00,  ...,  1.0234e+00,
          -1.6250e+00,  1.7031e+00],
         [-4.7070e-01,  1.5703e+00,  5.0000e-01,  ..., -2.5312e+00,
           9.4604e-03,  2.3125e+00],
         ...,
         [-1.1953e+00,  1.4219e+00, -7.5195e-02,  ...,  6.0625e+00,
           4.2812e+00,  3.8281e+00],
         [-1.0312e+00, -2.2812e+00,  2.5781e-01,  ..., -1.3906e+00,
           6.5625e+00, -6.8750e+00],
         [ 9.2969e-01,  1.3203e+00, -8.2812e-01,  ..., -6.7812e+00,
           2.3633e-01,  3.4062e+00]],

        [[ 6.0547e-01, -1.4062e+00, -1.4688e+00,  ..., -9.3750e-01,
          -3.9844e+00, -5.4688e-01],
         [ 5.8984e-01,  1.0547e+00, -6.2500e-02,  ...,  1.1250e+00,
          -2.6406e+00,  1.4297e+00],
         [-1.4062e+00,  3.2812e-01,  6.2891e-01,  ..., -2.9219e+00,
          -5.0312e+00, -2.4844e+00],
         ...,
         [-5.2490e-02, -1.2598e-01, -2.0020e-01,  ...,  4.0000e+00,
           4.1250e+00,  4.8750e+00],
         [-5.5469e-01, -9.3359e-01,  2.9102e-01,  ..., -2.9219e+00,
           8.5625e+00, -4.0000e+00],
         [ 1.5938e+00,  8.3594e-01, -4.9609e-01,  ..., -3.5156e+00,
          -1.5156e+00,  4.2812e+00]]], device='cuda:0', dtype=torch.bfloat16)
tensor([[[ 4.2725e-03, -3.4912e-02,  1.6113e-02,  ...,  1.2207e-01,
          -1.7578e+00, -1.7500e+00],
         [-3.5400e-02, -4.9133e-03,  6.2256e-03,  ...,  2.2852e-01,
          -1.9453e+00, -5.8203e-01],
         [ 1.3611e-02, -8.4229e-03, -1.9531e-03,  ..., -2.7344e-01,
          -5.3467e-02,  9.7266e-01],
         ...,
         [ 2.3682e-02, -1.0620e-02, -1.8845e-03,  ...,  6.7500e+00,
           5.8125e+00,  3.7344e+00],
         [ 3.4668e-02, -1.6113e-02, -5.6396e-02,  ..., -2.1125e+01,
          -7.2266e-01, -4.8438e+00],
         [ 3.5400e-02,  4.1504e-02,  5.1270e-02,  ...,  5.8203e-01,
          -5.7031e-01,  1.4551e-01]],

        [[-2.5469e+00, -1.3203e+00, -8.7109e-01,  ..., -2.2500e+00,
          -3.1406e+00,  9.5703e-01],
         [-2.3281e+00,  1.0625e+00, -6.6406e-01,  ...,  4.7656e-01,
          -1.9219e+00,  5.0391e-01],
         [ 6.5234e-01,  3.1250e-01, -1.5625e-02,  ...,  1.1562e+00,
           3.7109e-01, -1.7891e+00],
         ...,
         [ 6.4453e-01,  4.2773e-01,  7.2656e-01,  ...,  4.4375e+00,
           3.6719e+00,  4.7812e+00],
         [-1.1035e-01, -9.6875e-01,  2.2656e-01,  ...,  6.9531e-01,
           7.9688e+00, -4.8125e+00],
         [-5.3906e-01,  4.0527e-02, -3.6523e-01,  ...,  2.9688e+00,
           2.4062e+00,  4.8438e+00]],

        [[-1.1953e+00,  3.9307e-02, -1.9844e+00,  ..., -1.6016e+00,
          -3.5781e+00,  1.4844e+00],
         [-3.7500e-01, -6.6895e-02, -9.0820e-02,  ...,  2.5469e+00,
          -2.7812e+00,  9.2188e-01],
         [ 1.2656e+00, -1.6479e-02,  5.3516e-01,  ...,  3.1406e+00,
           1.3828e+00,  8.0859e-01],
         ...,
         [ 2.4121e-01,  1.1230e-02,  1.1670e-01,  ...,  3.9844e+00,
           3.4219e+00,  5.5000e+00],
         [-1.0391e+00,  2.2461e-02,  8.6328e-01,  ..., -9.6875e-01,
           1.0312e+01,  7.9688e-01],
         [ 6.4453e-01,  2.1240e-02,  8.1055e-02,  ...,  1.0781e+00,
           3.7188e+00,  2.8125e+00]],

        ...,

        [[-1.6953e+00, -1.6562e+00,  9.4922e-01,  ..., -2.0142e-02,
          -2.8281e+00,  4.3945e-01],
         [-2.0312e+00,  8.4375e-01, -1.5625e+00,  ...,  4.7852e-01,
          -1.5000e+00,  1.3984e+00],
         [ 7.8906e-01,  7.3438e-01,  1.1953e+00,  ..., -3.3281e+00,
           6.4844e-01,  6.7812e+00],
         ...,
         [ 1.5312e+00,  1.1094e+00,  6.0156e-01,  ...,  4.2812e+00,
           4.1250e+00,  3.0000e+00],
         [-3.5352e-01, -9.2188e-01,  7.1094e-01,  ..., -5.0781e-01,
           9.8125e+00, -7.3438e+00],
         [-3.9062e-01,  8.7891e-01, -9.4141e-01,  ...,  2.0312e+00,
           1.8945e-01,  5.0625e+00]],

        [[ 8.0469e-01, -2.5312e+00, -2.2852e-01,  ..., -4.6680e-01,
          -3.4219e+00,  5.4688e-01],
         [ 6.2891e-01,  8.8281e-01, -2.2188e+00,  ...,  1.0234e+00,
          -1.6250e+00,  1.7031e+00],
         [-4.7070e-01,  1.5703e+00,  5.0000e-01,  ..., -2.5312e+00,
           9.4604e-03,  2.3125e+00],
         ...,
         [-1.1953e+00,  1.4219e+00, -7.5195e-02,  ...,  6.0625e+00,
           4.2812e+00,  3.8281e+00],
         [-1.0312e+00, -2.2812e+00,  2.5781e-01,  ..., -1.3906e+00,
           6.5625e+00, -6.8750e+00],
         [ 9.2969e-01,  1.3203e+00, -8.2812e-01,  ..., -6.7812e+00,
           2.3633e-01,  3.4062e+00]],

        [[ 6.0547e-01, -1.4062e+00, -1.4688e+00,  ..., -9.3750e-01,
          -3.9844e+00, -5.4688e-01],
         [ 5.8984e-01,  1.0547e+00, -6.2500e-02,  ...,  1.1250e+00,
          -2.6406e+00,  1.4297e+00],
         [-1.4062e+00,  3.2812e-01,  6.2891e-01,  ..., -2.9219e+00,
          -5.0312e+00, -2.4844e+00],
         ...,
         [-5.2490e-02, -1.2598e-01, -2.0020e-01,  ...,  4.0000e+00,
           4.1250e+00,  4.8750e+00],
         [-5.5469e-01, -9.3359e-01,  2.9102e-01,  ..., -2.9219e+00,
           8.5625e+00, -4.0000e+00],
         [ 1.5938e+00,  8.3594e-01, -4.9609e-01,  ..., -3.5156e+00,
          -1.5156e+00,  4.2812e+00]]], device='cuda:0', dtype=torch.bfloat16)
tensor([[[-3.4180e-03, -1.1108e-02,  2.6611e-02,  ...,  1.3574e-01,
          -5.1562e-01,  9.4922e-01],
         [ 9.2697e-04,  1.5198e-02, -1.1475e-02,  ...,  1.5547e+00,
          -9.3125e+00,  9.5703e-01],
         [-2.7161e-03, -1.7578e-02,  1.6327e-03,  ...,  8.3594e-01,
          -2.8125e+00,  1.5625e+00],
         ...,
         [-7.6904e-03,  1.3504e-03,  6.3477e-03,  ..., -5.5469e-01,
           6.6250e+00, -8.9375e+00],
         [ 3.0762e-02, -1.6113e-02, -2.2217e-02,  ...,  5.2344e-01,
          -5.1562e+00, -1.0312e+00],
         [ 1.0193e-02, -3.3722e-03, -1.1536e-02,  ..., -1.7734e+00,
           1.7250e+01, -3.7842e-02]],

        [[-1.9688e+00,  6.8359e-01,  1.5332e-01,  ..., -7.5000e-01,
           1.5000e+00,  1.4609e+00],
         [-1.4141e+00, -1.1797e+00, -5.0781e-01,  ...,  5.1562e+00,
          -4.8438e-01, -3.3750e+00],
         [-1.0781e+00,  7.6172e-01, -1.0938e+00,  ...,  1.5564e-02,
          -8.9062e-01, -1.9141e+00],
         ...,
         [ 2.3438e-02, -5.2734e-01, -4.1016e-01,  ..., -2.7656e+00,
           3.5312e+00, -5.6250e+00],
         [-6.9922e-01, -7.8125e-01,  8.8281e-01,  ...,  1.6953e+00,
          -2.4219e+00, -4.8125e+00],
         [ 8.8672e-01,  1.7188e+00,  1.6797e+00,  ..., -8.2422e-01,
           3.9531e+00,  1.2344e+00]],

        [[-2.4219e+00,  1.0781e+00,  2.5000e-01,  ...,  1.2500e-01,
           1.0156e+00,  1.4355e-01],
         [-1.3516e+00, -6.2109e-01, -4.6680e-01,  ...,  3.8906e+00,
           5.5176e-02, -2.0938e+00],
         [-4.4141e-01,  2.4512e-01, -1.3965e-01,  ..., -8.0078e-01,
          -1.5000e+00, -3.5000e+00],
         ...,
         [ 4.5117e-01, -1.7871e-01, -1.6309e-01,  ..., -2.9531e+00,
           3.9531e+00, -4.5938e+00],
         [-2.7148e-01,  2.6123e-02,  2.6953e-01,  ...,  2.7812e+00,
          -1.4766e+00, -4.8438e+00],
         [ 1.4941e-01, -4.3164e-01,  4.7852e-02,  ..., -3.8086e-01,
           5.4688e+00,  2.5469e+00]],

        ...,

        [[-2.8125e+00, -8.9453e-01,  2.5391e-01,  ...,  7.5000e-01,
           7.9688e-01,  1.3359e+00],
         [-2.2344e+00,  2.6953e-01, -2.8906e-01,  ...,  3.1406e+00,
          -7.3730e-02, -9.7656e-01],
         [-1.0000e+00,  5.4688e-01, -6.3281e-01,  ..., -2.9102e-01,
          -1.6875e+00, -4.9688e+00],
         ...,
         [-9.8438e-01,  6.1328e-01, -1.3477e-01,  ..., -3.0781e+00,
           5.0625e+00, -5.6250e+00],
         [-1.0156e+00, -8.7500e-01,  7.8906e-01,  ...,  9.1016e-01,
           3.7109e-02, -4.7500e+00],
         [ 1.5312e+00,  1.0938e+00,  6.7969e-01,  ...,  7.3828e-01,
           3.1562e+00,  1.5469e+00]],

        [[ 1.4219e+00, -2.1777e-01,  1.8945e-01,  ..., -1.0791e-01,
          -5.5078e-01,  2.4531e+00],
         [ 3.5156e-01,  1.7676e-01,  4.5703e-01,  ...,  2.8281e+00,
          -2.3438e+00, -1.2422e+00],
         [ 1.1406e+00,  1.1797e+00,  6.6797e-01,  ...,  1.7031e+00,
          -1.8203e+00, -4.9688e+00],
         ...,
         [ 9.6875e-01, -5.9375e-01,  8.3203e-01,  ..., -9.9609e-01,
           2.0469e+00,  3.7500e+00],
         [-5.0781e-02, -1.3984e+00, -5.4688e-01,  ..., -1.7773e-01,
          -2.7812e+00, -2.2344e+00],
         [-1.5234e+00, -4.2383e-01, -9.8438e-01,  ..., -7.2266e-01,
           4.9062e+00, -8.0859e-01]],

        [[ 2.5156e+00,  1.7500e+00,  5.3906e-01,  ..., -1.4297e+00,
          -4.9805e-01,  2.3125e+00],
         [ 1.3594e+00, -2.5312e+00, -7.9297e-01,  ...,  2.7812e+00,
          -3.1055e-01, -6.9141e-01],
         [ 1.0000e+00,  1.5859e+00,  1.2500e+00,  ...,  7.4609e-01,
          -3.1094e+00, -2.8125e+00],
         ...,
         [ 4.1211e-01, -1.3125e+00,  1.1562e+00,  ..., -1.3281e+00,
           5.1875e+00, -3.8594e+00],
         [ 6.1719e-01, -1.3281e-01,  1.8457e-01,  ...,  6.6406e-01,
          -1.5000e+00,  8.1250e-01],
         [-1.3984e+00,  4.5898e-01, -1.7812e+00,  ..., -1.9922e+00,
           6.9375e+00,  1.7734e+00]]], device='cuda:0', dtype=torch.bfloat16)
tensor([[[-3.4180e-03, -1.1108e-02,  2.6611e-02,  ...,  1.3574e-01,
          -5.1562e-01,  9.4922e-01],
         [ 9.2697e-04,  1.5198e-02, -1.1475e-02,  ...,  1.5547e+00,
          -9.3125e+00,  9.5703e-01],
         [-2.7161e-03, -1.7578e-02,  1.6327e-03,  ...,  8.3594e-01,
          -2.8125e+00,  1.5625e+00],
         ...,
         [-7.6904e-03,  1.3504e-03,  6.3477e-03,  ..., -5.5469e-01,
           6.6250e+00, -8.9375e+00],
         [ 3.0762e-02, -1.6113e-02, -2.2217e-02,  ...,  5.2344e-01,
          -5.1562e+00, -1.0312e+00],
         [ 1.0193e-02, -3.3722e-03, -1.1536e-02,  ..., -1.7734e+00,
           1.7250e+01, -3.7842e-02]],

        [[-1.9688e+00,  6.8359e-01,  1.5332e-01,  ..., -7.5000e-01,
           1.5000e+00,  1.4609e+00],
         [-1.4141e+00, -1.1797e+00, -5.0781e-01,  ...,  5.1562e+00,
          -4.8438e-01, -3.3750e+00],
         [-1.0781e+00,  7.6172e-01, -1.0938e+00,  ...,  1.5564e-02,
          -8.9062e-01, -1.9141e+00],
         ...,
         [ 2.3438e-02, -5.2734e-01, -4.1016e-01,  ..., -2.7656e+00,
           3.5312e+00, -5.6250e+00],
         [-6.9922e-01, -7.8125e-01,  8.8281e-01,  ...,  1.6953e+00,
          -2.4219e+00, -4.8125e+00],
         [ 8.8672e-01,  1.7188e+00,  1.6797e+00,  ..., -8.2422e-01,
           3.9531e+00,  1.2344e+00]],

        [[-2.4219e+00,  1.0781e+00,  2.5000e-01,  ...,  1.2500e-01,
           1.0156e+00,  1.4355e-01],
         [-1.3516e+00, -6.2109e-01, -4.6680e-01,  ...,  3.8906e+00,
           5.5176e-02, -2.0938e+00],
         [-4.4141e-01,  2.4512e-01, -1.3965e-01,  ..., -8.0078e-01,
          -1.5000e+00, -3.5000e+00],
         ...,
         [ 4.5117e-01, -1.7871e-01, -1.6309e-01,  ..., -2.9531e+00,
           3.9531e+00, -4.5938e+00],
         [-2.7148e-01,  2.6123e-02,  2.6953e-01,  ...,  2.7812e+00,
          -1.4766e+00, -4.8438e+00],
         [ 1.4941e-01, -4.3164e-01,  4.7852e-02,  ..., -3.8086e-01,
           5.4688e+00,  2.5469e+00]],

        ...,

        [[-2.8125e+00, -8.9453e-01,  2.5391e-01,  ...,  7.5000e-01,
           7.9688e-01,  1.3359e+00],
         [-2.2344e+00,  2.6953e-01, -2.8906e-01,  ...,  3.1406e+00,
          -7.3730e-02, -9.7656e-01],
         [-1.0000e+00,  5.4688e-01, -6.3281e-01,  ..., -2.9102e-01,
          -1.6875e+00, -4.9688e+00],
         ...,
         [-9.8438e-01,  6.1328e-01, -1.3477e-01,  ..., -3.0781e+00,
           5.0625e+00, -5.6250e+00],
         [-1.0156e+00, -8.7500e-01,  7.8906e-01,  ...,  9.1016e-01,
           3.7109e-02, -4.7500e+00],
         [ 1.5312e+00,  1.0938e+00,  6.7969e-01,  ...,  7.3828e-01,
           3.1562e+00,  1.5469e+00]],

        [[ 1.4219e+00, -2.1777e-01,  1.8945e-01,  ..., -1.0791e-01,
          -5.5078e-01,  2.4531e+00],
         [ 3.5156e-01,  1.7676e-01,  4.5703e-01,  ...,  2.8281e+00,
          -2.3438e+00, -1.2422e+00],
         [ 1.1406e+00,  1.1797e+00,  6.6797e-01,  ...,  1.7031e+00,
          -1.8203e+00, -4.9688e+00],
         ...,
         [ 9.6875e-01, -5.9375e-01,  8.3203e-01,  ..., -9.9609e-01,
           2.0469e+00,  3.7500e+00],
         [-5.0781e-02, -1.3984e+00, -5.4688e-01,  ..., -1.7773e-01,
          -2.7812e+00, -2.2344e+00],
         [-1.5234e+00, -4.2383e-01, -9.8438e-01,  ..., -7.2266e-01,
           4.9062e+00, -8.0859e-01]],

        [[ 2.5156e+00,  1.7500e+00,  5.3906e-01,  ..., -1.4297e+00,
          -4.9805e-01,  2.3125e+00],
         [ 1.3594e+00, -2.5312e+00, -7.9297e-01,  ...,  2.7812e+00,
          -3.1055e-01, -6.9141e-01],
         [ 1.0000e+00,  1.5859e+00,  1.2500e+00,  ...,  7.4609e-01,
          -3.1094e+00, -2.8125e+00],
         ...,
         [ 4.1211e-01, -1.3125e+00,  1.1562e+00,  ..., -1.3281e+00,
           5.1875e+00, -3.8594e+00],
         [ 6.1719e-01, -1.3281e-01,  1.8457e-01,  ...,  6.6406e-01,
          -1.5000e+00,  8.1250e-01],
         [-1.3984e+00,  4.5898e-01, -1.7812e+00,  ..., -1.9922e+00,
           6.9375e+00,  1.7734e+00]]], device='cuda:0', dtype=torch.bfloat16)
tensor([[[-3.4180e-03, -1.1108e-02,  2.6611e-02,  ...,  1.3574e-01,
          -5.1562e-01,  9.4922e-01],
         [ 9.2697e-04,  1.5198e-02, -1.1475e-02,  ...,  1.5547e+00,
          -9.3125e+00,  9.5703e-01],
         [-2.7161e-03, -1.7578e-02,  1.6327e-03,  ...,  8.3594e-01,
          -2.8125e+00,  1.5625e+00],
         ...,
         [-7.6904e-03,  1.3504e-03,  6.3477e-03,  ..., -5.5469e-01,
           6.6250e+00, -8.9375e+00],
         [ 3.0762e-02, -1.6113e-02, -2.2217e-02,  ...,  5.2344e-01,
          -5.1562e+00, -1.0312e+00],
         [ 1.0193e-02, -3.3722e-03, -1.1536e-02,  ..., -1.7734e+00,
           1.7250e+01, -3.7842e-02]],

        [[-1.9688e+00,  6.8359e-01,  1.5332e-01,  ..., -7.5000e-01,
           1.5000e+00,  1.4609e+00],
         [-1.4141e+00, -1.1797e+00, -5.0781e-01,  ...,  5.1562e+00,
          -4.8438e-01, -3.3750e+00],
         [-1.0781e+00,  7.6172e-01, -1.0938e+00,  ...,  1.5564e-02,
          -8.9062e-01, -1.9141e+00],
         ...,
         [ 2.3438e-02, -5.2734e-01, -4.1016e-01,  ..., -2.7656e+00,
           3.5312e+00, -5.6250e+00],
         [-6.9922e-01, -7.8125e-01,  8.8281e-01,  ...,  1.6953e+00,
          -2.4219e+00, -4.8125e+00],
         [ 8.8672e-01,  1.7188e+00,  1.6797e+00,  ..., -8.2422e-01,
           3.9531e+00,  1.2344e+00]],

        [[-2.4219e+00,  1.0781e+00,  2.5000e-01,  ...,  1.2500e-01,
           1.0156e+00,  1.4355e-01],
         [-1.3516e+00, -6.2109e-01, -4.6680e-01,  ...,  3.8906e+00,
           5.5176e-02, -2.0938e+00],
         [-4.4141e-01,  2.4512e-01, -1.3965e-01,  ..., -8.0078e-01,
          -1.5000e+00, -3.5000e+00],
         ...,
         [ 4.5117e-01, -1.7871e-01, -1.6309e-01,  ..., -2.9531e+00,
           3.9531e+00, -4.5938e+00],
         [-2.7148e-01,  2.6123e-02,  2.6953e-01,  ...,  2.7812e+00,
          -1.4766e+00, -4.8438e+00],
         [ 1.4941e-01, -4.3164e-01,  4.7852e-02,  ..., -3.8086e-01,
           5.4688e+00,  2.5469e+00]],

        ...,

        [[-2.8125e+00, -8.9453e-01,  2.5391e-01,  ...,  7.5000e-01,
           7.9688e-01,  1.3359e+00],
         [-2.2344e+00,  2.6953e-01, -2.8906e-01,  ...,  3.1406e+00,
          -7.3730e-02, -9.7656e-01],
         [-1.0000e+00,  5.4688e-01, -6.3281e-01,  ..., -2.9102e-01,
          -1.6875e+00, -4.9688e+00],
         ...,
         [-9.8438e-01,  6.1328e-01, -1.3477e-01,  ..., -3.0781e+00,
           5.0625e+00, -5.6250e+00],
         [-1.0156e+00, -8.7500e-01,  7.8906e-01,  ...,  9.1016e-01,
           3.7109e-02, -4.7500e+00],
         [ 1.5312e+00,  1.0938e+00,  6.7969e-01,  ...,  7.3828e-01,
           3.1562e+00,  1.5469e+00]],

        [[ 1.4219e+00, -2.1777e-01,  1.8945e-01,  ..., -1.0791e-01,
          -5.5078e-01,  2.4531e+00],
         [ 3.5156e-01,  1.7676e-01,  4.5703e-01,  ...,  2.8281e+00,
          -2.3438e+00, -1.2422e+00],
         [ 1.1406e+00,  1.1797e+00,  6.6797e-01,  ...,  1.7031e+00,
          -1.8203e+00, -4.9688e+00],
         ...,
         [ 9.6875e-01, -5.9375e-01,  8.3203e-01,  ..., -9.9609e-01,
           2.0469e+00,  3.7500e+00],
         [-5.0781e-02, -1.3984e+00, -5.4688e-01,  ..., -1.7773e-01,
          -2.7812e+00, -2.2344e+00],
         [-1.5234e+00, -4.2383e-01, -9.8438e-01,  ..., -7.2266e-01,
           4.9062e+00, -8.0859e-01]],

        [[ 2.5156e+00,  1.7500e+00,  5.3906e-01,  ..., -1.4297e+00,
          -4.9805e-01,  2.3125e+00],
         [ 1.3594e+00, -2.5312e+00, -7.9297e-01,  ...,  2.7812e+00,
          -3.1055e-01, -6.9141e-01],
         [ 1.0000e+00,  1.5859e+00,  1.2500e+00,  ...,  7.4609e-01,
          -3.1094e+00, -2.8125e+00],
         ...,
         [ 4.1211e-01, -1.3125e+00,  1.1562e+00,  ..., -1.3281e+00,
           5.1875e+00, -3.8594e+00],
         [ 6.1719e-01, -1.3281e-01,  1.8457e-01,  ...,  6.6406e-01,
          -1.5000e+00,  8.1250e-01],
         [-1.3984e+00,  4.5898e-01, -1.7812e+00,  ..., -1.9922e+00,
           6.9375e+00,  1.7734e+00]]], device='cuda:0', dtype=torch.bfloat16)
tensor([[[-1.3184e-02, -2.7588e-02,  4.4556e-03,  ...,  2.9844e+00,
           1.4609e+00, -3.7656e+00],
         [ 3.1006e-02, -1.2024e-02, -3.0670e-03,  ..., -1.4844e+00,
           1.2598e-01, -2.1250e+00],
         [-1.5076e-02,  1.7090e-02, -7.2956e-05,  ...,  6.3281e-01,
          -3.2500e+00, -3.4375e-01],
         ...,
         [ 3.6377e-02,  1.4221e-02,  5.4321e-03,  ..., -2.1719e+00,
          -1.4062e-01,  1.1719e+00],
         [ 1.9775e-02, -2.1240e-02, -5.0354e-03,  ..., -2.2344e+00,
           7.9297e-01,  3.6523e-01],
         [ 1.1597e-02, -3.0518e-02, -2.4872e-03,  ..., -3.2227e-01,
          -1.8457e-01, -1.2266e+00]],

        [[ 1.3672e-01, -1.2266e+00, -4.9609e-01,  ...,  3.1406e+00,
           1.3812e+01, -6.1562e+00],
         [-1.1016e+00,  1.7188e+00,  1.1016e+00,  ..., -1.2031e+00,
          -6.5625e-01, -2.8906e+00],
         [ 5.6250e-01, -3.6719e-01,  5.5078e-01,  ..., -1.3438e+00,
          -6.3672e-01,  8.5938e-01],
         ...,
         [-1.3359e+00,  6.1328e-01, -1.7656e+00,  ..., -1.9375e+00,
          -1.0938e+00,  1.8438e+00],
         [ 1.7422e+00,  1.5859e+00, -2.5938e+00,  ...,  3.8086e-01,
           8.9844e-01,  4.1562e+00],
         [ 6.7188e-01,  6.7969e-01, -1.2891e+00,  ..., -1.2500e+00,
          -1.6406e+00, -3.0781e+00]],

        [[-3.3594e-01,  2.2949e-01, -6.3672e-01,  ...,  2.0469e+00,
           1.3125e+01, -8.5625e+00],
         [-6.2500e-02, -4.8828e-01,  1.4746e-01,  ..., -3.9062e-01,
          -1.9453e+00,  6.7188e-01],
         [ 4.9609e-01, -2.0605e-01,  5.3125e-01,  ...,  1.1484e+00,
           7.1562e+00,  1.6406e+00],
         ...,
         [-2.8516e-01,  8.1250e-01, -1.1719e+00,  ..., -3.3750e+00,
           9.8438e-01,  5.3438e+00],
         [-1.3672e-02, -1.3184e-01, -2.8438e+00,  ...,  2.9883e-01,
          -3.6914e-01,  4.7188e+00],
         [ 1.5039e-01,  1.1953e+00, -4.0234e-01,  ..., -1.2344e+00,
          -3.1719e+00, -4.0625e+00]],

        ...,

        [[-1.0156e+00, -1.7188e+00,  1.4844e+00,  ...,  2.9688e+00,
           5.5312e+00, -8.9375e+00],
         [ 2.4844e+00,  2.3438e-01,  1.9453e+00,  ..., -4.8242e-01,
          -6.6016e-01,  9.4531e-01],
         [-1.6562e+00, -1.0859e+00,  1.5781e+00,  ...,  2.1484e-01,
           6.0156e-01,  5.1953e-01],
         ...,
         [ 1.7578e+00, -6.7188e-01, -3.2188e+00,  ..., -1.3359e+00,
          -5.1953e-01,  4.7188e+00],
         [-1.6094e+00,  7.1875e-01, -4.3750e+00,  ..., -6.9922e-01,
           2.1406e+00,  6.0000e+00],
         [ 1.5625e-02, -6.9531e-01, -3.2188e+00,  ..., -1.1406e+00,
           4.8633e-01, -1.5781e+00]],

        [[-1.5547e+00, -2.8281e+00,  1.4922e+00,  ...,  2.8906e+00,
           1.1625e+01, -6.0000e+00],
         [ 2.7969e+00,  1.6719e+00,  2.2031e+00,  ...,  4.9805e-01,
           1.1172e+00,  1.4297e+00],
         [-1.5938e+00, -8.5156e-01,  1.6562e+00,  ...,  2.9375e+00,
          -4.6250e+00,  9.9375e+00],
         ...,
         [ 1.7969e-01,  7.3438e-01, -2.2188e+00,  ..., -1.4219e+00,
          -1.7031e+00,  3.2188e+00],
         [-2.7031e+00,  1.2031e+00, -3.7188e+00,  ..., -7.8125e-01,
           5.1250e+00, -2.2188e+00],
         [ 1.0742e-01,  1.5312e+00, -2.4375e+00,  ..., -1.3750e+00,
           1.2422e+00, -2.7930e-01]],

        [[ 3.8281e-01,  4.2188e-01, -1.1768e-01,  ...,  1.8125e+00,
           1.0188e+01, -8.6250e+00],
         [ 1.9531e-01,  1.2188e+00,  6.8359e-01,  ...,  5.8984e-01,
           1.1172e+00,  1.5703e+00],
         [-2.5000e-01, -1.6016e-01,  5.2734e-01,  ...,  1.8125e+00,
          -2.8281e+00,  8.9375e+00],
         ...,
         [ 3.5352e-01, -2.8516e-01, -8.2422e-01,  ..., -1.7891e+00,
           2.7031e+00,  5.6641e-01],
         [-6.4453e-02,  8.7109e-01, -1.4453e+00,  ..., -5.0391e-01,
           2.9531e+00,  1.0703e+00],
         [-5.7812e-01,  9.6094e-01, -2.7344e-01,  ..., -4.4336e-01,
           4.2812e+00,  6.8848e-02]]], device='cuda:0', dtype=torch.bfloat16)
tensor([[[-1.3184e-02, -2.7588e-02,  4.4556e-03,  ...,  2.9844e+00,
           1.4609e+00, -3.7656e+00],
         [ 3.1006e-02, -1.2024e-02, -3.0670e-03,  ..., -1.4844e+00,
           1.2598e-01, -2.1250e+00],
         [-1.5076e-02,  1.7090e-02, -7.2956e-05,  ...,  6.3281e-01,
          -3.2500e+00, -3.4375e-01],
         ...,
         [ 3.6377e-02,  1.4221e-02,  5.4321e-03,  ..., -2.1719e+00,
          -1.4062e-01,  1.1719e+00],
         [ 1.9775e-02, -2.1240e-02, -5.0354e-03,  ..., -2.2344e+00,
           7.9297e-01,  3.6523e-01],
         [ 1.1597e-02, -3.0518e-02, -2.4872e-03,  ..., -3.2227e-01,
          -1.8457e-01, -1.2266e+00]],

        [[ 1.3672e-01, -1.2266e+00, -4.9609e-01,  ...,  3.1406e+00,
           1.3812e+01, -6.1562e+00],
         [-1.1016e+00,  1.7188e+00,  1.1016e+00,  ..., -1.2031e+00,
          -6.5625e-01, -2.8906e+00],
         [ 5.6250e-01, -3.6719e-01,  5.5078e-01,  ..., -1.3438e+00,
          -6.3672e-01,  8.5938e-01],
         ...,
         [-1.3359e+00,  6.1328e-01, -1.7656e+00,  ..., -1.9375e+00,
          -1.0938e+00,  1.8438e+00],
         [ 1.7422e+00,  1.5859e+00, -2.5938e+00,  ...,  3.8086e-01,
           8.9844e-01,  4.1562e+00],
         [ 6.7188e-01,  6.7969e-01, -1.2891e+00,  ..., -1.2500e+00,
          -1.6406e+00, -3.0781e+00]],

        [[-3.3594e-01,  2.2949e-01, -6.3672e-01,  ...,  2.0469e+00,
           1.3125e+01, -8.5625e+00],
         [-6.2500e-02, -4.8828e-01,  1.4746e-01,  ..., -3.9062e-01,
          -1.9453e+00,  6.7188e-01],
         [ 4.9609e-01, -2.0605e-01,  5.3125e-01,  ...,  1.1484e+00,
           7.1562e+00,  1.6406e+00],
         ...,
         [-2.8516e-01,  8.1250e-01, -1.1719e+00,  ..., -3.3750e+00,
           9.8438e-01,  5.3438e+00],
         [-1.3672e-02, -1.3184e-01, -2.8438e+00,  ...,  2.9883e-01,
          -3.6914e-01,  4.7188e+00],
         [ 1.5039e-01,  1.1953e+00, -4.0234e-01,  ..., -1.2344e+00,
          -3.1719e+00, -4.0625e+00]],

        ...,

        [[-1.0156e+00, -1.7188e+00,  1.4844e+00,  ...,  2.9688e+00,
           5.5312e+00, -8.9375e+00],
         [ 2.4844e+00,  2.3438e-01,  1.9453e+00,  ..., -4.8242e-01,
          -6.6016e-01,  9.4531e-01],
         [-1.6562e+00, -1.0859e+00,  1.5781e+00,  ...,  2.1484e-01,
           6.0156e-01,  5.1953e-01],
         ...,
         [ 1.7578e+00, -6.7188e-01, -3.2188e+00,  ..., -1.3359e+00,
          -5.1953e-01,  4.7188e+00],
         [-1.6094e+00,  7.1875e-01, -4.3750e+00,  ..., -6.9922e-01,
           2.1406e+00,  6.0000e+00],
         [ 1.5625e-02, -6.9531e-01, -3.2188e+00,  ..., -1.1406e+00,
           4.8633e-01, -1.5781e+00]],

        [[-1.5547e+00, -2.8281e+00,  1.4922e+00,  ...,  2.8906e+00,
           1.1625e+01, -6.0000e+00],
         [ 2.7969e+00,  1.6719e+00,  2.2031e+00,  ...,  4.9805e-01,
           1.1172e+00,  1.4297e+00],
         [-1.5938e+00, -8.5156e-01,  1.6562e+00,  ...,  2.9375e+00,
          -4.6250e+00,  9.9375e+00],
         ...,
         [ 1.7969e-01,  7.3438e-01, -2.2188e+00,  ..., -1.4219e+00,
          -1.7031e+00,  3.2188e+00],
         [-2.7031e+00,  1.2031e+00, -3.7188e+00,  ..., -7.8125e-01,
           5.1250e+00, -2.2188e+00],
         [ 1.0742e-01,  1.5312e+00, -2.4375e+00,  ..., -1.3750e+00,
           1.2422e+00, -2.7930e-01]],

        [[ 3.8281e-01,  4.2188e-01, -1.1768e-01,  ...,  1.8125e+00,
           1.0188e+01, -8.6250e+00],
         [ 1.9531e-01,  1.2188e+00,  6.8359e-01,  ...,  5.8984e-01,
           1.1172e+00,  1.5703e+00],
         [-2.5000e-01, -1.6016e-01,  5.2734e-01,  ...,  1.8125e+00,
          -2.8281e+00,  8.9375e+00],
         ...,
         [ 3.5352e-01, -2.8516e-01, -8.2422e-01,  ..., -1.7891e+00,
           2.7031e+00,  5.6641e-01],
         [-6.4453e-02,  8.7109e-01, -1.4453e+00,  ..., -5.0391e-01,
           2.9531e+00,  1.0703e+00],
         [-5.7812e-01,  9.6094e-01, -2.7344e-01,  ..., -4.4336e-01,
           4.2812e+00,  6.8848e-02]]], device='cuda:0', dtype=torch.bfloat16)
tensor([[[-1.3184e-02, -2.7588e-02,  4.4556e-03,  ...,  2.9844e+00,
           1.4609e+00, -3.7656e+00],
         [ 3.1006e-02, -1.2024e-02, -3.0670e-03,  ..., -1.4844e+00,
           1.2598e-01, -2.1250e+00],
         [-1.5076e-02,  1.7090e-02, -7.2956e-05,  ...,  6.3281e-01,
          -3.2500e+00, -3.4375e-01],
         ...,
         [ 3.6377e-02,  1.4221e-02,  5.4321e-03,  ..., -2.1719e+00,
          -1.4062e-01,  1.1719e+00],
         [ 1.9775e-02, -2.1240e-02, -5.0354e-03,  ..., -2.2344e+00,
           7.9297e-01,  3.6523e-01],
         [ 1.1597e-02, -3.0518e-02, -2.4872e-03,  ..., -3.2227e-01,
          -1.8457e-01, -1.2266e+00]],

        [[ 1.3672e-01, -1.2266e+00, -4.9609e-01,  ...,  3.1406e+00,
           1.3812e+01, -6.1562e+00],
         [-1.1016e+00,  1.7188e+00,  1.1016e+00,  ..., -1.2031e+00,
          -6.5625e-01, -2.8906e+00],
         [ 5.6250e-01, -3.6719e-01,  5.5078e-01,  ..., -1.3438e+00,
          -6.3672e-01,  8.5938e-01],
         ...,
         [-1.3359e+00,  6.1328e-01, -1.7656e+00,  ..., -1.9375e+00,
          -1.0938e+00,  1.8438e+00],
         [ 1.7422e+00,  1.5859e+00, -2.5938e+00,  ...,  3.8086e-01,
           8.9844e-01,  4.1562e+00],
         [ 6.7188e-01,  6.7969e-01, -1.2891e+00,  ..., -1.2500e+00,
          -1.6406e+00, -3.0781e+00]],

        [[-3.3594e-01,  2.2949e-01, -6.3672e-01,  ...,  2.0469e+00,
           1.3125e+01, -8.5625e+00],
         [-6.2500e-02, -4.8828e-01,  1.4746e-01,  ..., -3.9062e-01,
          -1.9453e+00,  6.7188e-01],
         [ 4.9609e-01, -2.0605e-01,  5.3125e-01,  ...,  1.1484e+00,
           7.1562e+00,  1.6406e+00],
         ...,
         [-2.8516e-01,  8.1250e-01, -1.1719e+00,  ..., -3.3750e+00,
           9.8438e-01,  5.3438e+00],
         [-1.3672e-02, -1.3184e-01, -2.8438e+00,  ...,  2.9883e-01,
          -3.6914e-01,  4.7188e+00],
         [ 1.5039e-01,  1.1953e+00, -4.0234e-01,  ..., -1.2344e+00,
          -3.1719e+00, -4.0625e+00]],

        ...,

        [[-1.0156e+00, -1.7188e+00,  1.4844e+00,  ...,  2.9688e+00,
           5.5312e+00, -8.9375e+00],
         [ 2.4844e+00,  2.3438e-01,  1.9453e+00,  ..., -4.8242e-01,
          -6.6016e-01,  9.4531e-01],
         [-1.6562e+00, -1.0859e+00,  1.5781e+00,  ...,  2.1484e-01,
           6.0156e-01,  5.1953e-01],
         ...,
         [ 1.7578e+00, -6.7188e-01, -3.2188e+00,  ..., -1.3359e+00,
          -5.1953e-01,  4.7188e+00],
         [-1.6094e+00,  7.1875e-01, -4.3750e+00,  ..., -6.9922e-01,
           2.1406e+00,  6.0000e+00],
         [ 1.5625e-02, -6.9531e-01, -3.2188e+00,  ..., -1.1406e+00,
           4.8633e-01, -1.5781e+00]],

        [[-1.5547e+00, -2.8281e+00,  1.4922e+00,  ...,  2.8906e+00,
           1.1625e+01, -6.0000e+00],
         [ 2.7969e+00,  1.6719e+00,  2.2031e+00,  ...,  4.9805e-01,
           1.1172e+00,  1.4297e+00],
         [-1.5938e+00, -8.5156e-01,  1.6562e+00,  ...,  2.9375e+00,
          -4.6250e+00,  9.9375e+00],
         ...,
         [ 1.7969e-01,  7.3438e-01, -2.2188e+00,  ..., -1.4219e+00,
          -1.7031e+00,  3.2188e+00],
         [-2.7031e+00,  1.2031e+00, -3.7188e+00,  ..., -7.8125e-01,
           5.1250e+00, -2.2188e+00],
         [ 1.0742e-01,  1.5312e+00, -2.4375e+00,  ..., -1.3750e+00,
           1.2422e+00, -2.7930e-01]],

        [[ 3.8281e-01,  4.2188e-01, -1.1768e-01,  ...,  1.8125e+00,
           1.0188e+01, -8.6250e+00],
         [ 1.9531e-01,  1.2188e+00,  6.8359e-01,  ...,  5.8984e-01,
           1.1172e+00,  1.5703e+00],
         [-2.5000e-01, -1.6016e-01,  5.2734e-01,  ...,  1.8125e+00,
          -2.8281e+00,  8.9375e+00],
         ...,
         [ 3.5352e-01, -2.8516e-01, -8.2422e-01,  ..., -1.7891e+00,
           2.7031e+00,  5.6641e-01],
         [-6.4453e-02,  8.7109e-01, -1.4453e+00,  ..., -5.0391e-01,
           2.9531e+00,  1.0703e+00],
         [-5.7812e-01,  9.6094e-01, -2.7344e-01,  ..., -4.4336e-01,
           4.2812e+00,  6.8848e-02]]], device='cuda:0', dtype=torch.bfloat16)
tensor([[[-1.9287e-02, -1.6602e-02, -1.3123e-02,  ...,  2.4688e+00,
          -1.1094e+00, -1.1172e+00],
         [-4.6631e-02, -1.1414e-02,  1.1414e-02,  ...,  9.7266e-01,
           1.3281e+00, -1.2188e+00],
         [ 2.1820e-03, -5.6763e-03,  3.8330e-02,  ..., -6.6406e-01,
           2.2500e+00,  2.7344e+00],
         ...,
         [-5.6641e-02, -1.6113e-02, -2.1577e-05,  ..., -1.3516e+00,
           2.3906e+00, -4.2578e-01],
         [ 4.5166e-02,  1.5182e-03, -1.2207e-03,  ...,  8.5156e-01,
           9.2969e-01, -7.0703e-01],
         [ 3.1982e-02,  4.1748e-02, -3.3447e-02,  ...,  1.6562e+00,
          -3.9062e-01,  9.5703e-01]],

        [[ 3.2969e+00, -2.8906e+00, -1.7188e+00,  ...,  2.5977e-01,
          -8.3594e-01,  2.6172e-01],
         [-1.1328e+00,  9.6484e-01, -7.7734e-01,  ..., -5.6641e-01,
           2.4375e+00,  1.3125e+00],
         [ 2.6719e+00,  1.5781e+00,  2.1406e+00,  ..., -3.1006e-02,
          -1.2969e+00, -5.9375e+00],
         ...,
         [ 3.3008e-01, -3.3984e-01, -1.2266e+00,  ..., -3.4219e+00,
          -3.6328e-01,  5.5625e+00],
         [ 8.0078e-01, -1.1328e-01, -7.4219e-01,  ...,  5.6562e+00,
           4.1875e+00, -3.3594e+00],
         [-1.6484e+00, -8.4375e-01,  1.0156e+00,  ..., -5.8203e-01,
           3.0312e+00, -3.4219e+00]],

        [[ 8.0000e+00, -1.2422e+00,  2.0410e-01,  ..., -3.2227e-01,
          -2.7656e+00, -2.6250e+00],
         [ 5.2344e-01,  1.2109e+00, -6.7188e-01,  ..., -7.9688e-01,
           1.4219e+00, -5.5790e-05],
         [ 5.0781e-01,  1.4844e+00,  1.7578e+00,  ...,  5.1953e-01,
           7.0703e-01, -3.4531e+00],
         ...,
         [-2.2363e-01, -6.9922e-01, -1.4062e+00,  ..., -2.2656e+00,
          -1.8672e+00,  7.5781e-01],
         [-1.0547e-01, -7.1289e-02,  1.2402e-01,  ...,  8.9375e+00,
           3.6250e+00, -4.3438e+00],
         [-3.7891e-01,  1.0938e+00,  5.0391e-01,  ...,  4.4688e+00,
           4.9062e+00, -2.6406e+00]],

        ...,

        [[ 7.7500e+00, -2.5625e+00, -2.1094e+00,  ...,  1.7344e+00,
          -3.6250e+00, -1.1250e+00],
         [-2.9883e-01, -3.8750e+00, -8.6719e-01,  ...,  1.1641e+00,
           2.7500e+00,  1.8047e+00],
         [ 9.3750e-02, -1.8672e+00,  5.3125e-01,  ..., -1.6172e+00,
          -1.8906e+00, -2.0469e+00],
         ...,
         [ 2.1875e-01, -2.0625e+00, -1.7969e+00,  ...,  2.0000e+00,
          -6.5625e-01,  4.6875e+00],
         [-3.5938e-01, -1.0703e+00, -1.3281e+00,  ...,  5.9062e+00,
           4.2500e+00, -4.4727e-01],
         [-6.8750e-01,  1.6094e+00,  1.0469e+00,  ...,  4.5312e+00,
           4.5938e+00, -1.7500e+00]],

        [[ 9.3750e-01, -3.1094e+00, -1.4844e+00,  ...,  9.0625e-01,
          -2.9844e+00,  8.7500e-01],
         [ 3.4961e-01, -1.2188e+00, -2.9688e-01,  ...,  1.9922e+00,
          -1.9434e-01,  1.7812e+00],
         [-1.2188e+00,  1.6719e+00,  7.3828e-01,  ...,  3.1406e+00,
          -1.6016e+00, -3.9219e+00],
         ...,
         [-1.2812e+00, -8.2031e-01, -1.4453e+00,  ..., -6.3672e-01,
           2.7031e+00,  2.2656e+00],
         [-5.9766e-01, -9.6094e-01, -4.0820e-01,  ...,  2.4688e+00,
           3.4844e+00, -5.1758e-02],
         [ 2.0898e-01,  1.1719e+00, -6.1719e-01,  ...,  4.1875e+00,
           3.9375e+00, -1.0620e-02]],

        [[-5.5000e+00, -4.2188e+00,  2.4048e-02,  ...,  5.7422e-01,
          -3.8906e+00, -1.6875e+00],
         [-1.8359e-01,  1.2656e+00,  7.7344e-01,  ...,  3.5352e-01,
           8.0078e-01, -9.0332e-02],
         [-1.4297e+00,  1.2578e+00, -2.4062e+00,  ...,  1.2734e+00,
           5.5469e-01, -1.5137e-01],
         ...,
         [-6.0547e-01, -3.5645e-02,  7.1094e-01,  ..., -2.2031e+00,
           2.9102e-01, -1.7500e+00],
         [-4.4531e-01,  6.9141e-01,  8.5156e-01,  ...,  8.4375e+00,
           4.0625e+00, -5.2500e+00],
         [ 1.2578e+00, -7.4609e-01, -6.4844e-01,  ...,  4.8438e+00,
           6.7188e+00, -8.9453e-01]]], device='cuda:0', dtype=torch.bfloat16)
tensor([[[-1.9287e-02, -1.6602e-02, -1.3123e-02,  ...,  2.4688e+00,
          -1.1094e+00, -1.1172e+00],
         [-4.6631e-02, -1.1414e-02,  1.1414e-02,  ...,  9.7266e-01,
           1.3281e+00, -1.2188e+00],
         [ 2.1820e-03, -5.6763e-03,  3.8330e-02,  ..., -6.6406e-01,
           2.2500e+00,  2.7344e+00],
         ...,
         [-5.6641e-02, -1.6113e-02, -2.1577e-05,  ..., -1.3516e+00,
           2.3906e+00, -4.2578e-01],
         [ 4.5166e-02,  1.5182e-03, -1.2207e-03,  ...,  8.5156e-01,
           9.2969e-01, -7.0703e-01],
         [ 3.1982e-02,  4.1748e-02, -3.3447e-02,  ...,  1.6562e+00,
          -3.9062e-01,  9.5703e-01]],

        [[ 3.2969e+00, -2.8906e+00, -1.7188e+00,  ...,  2.5977e-01,
          -8.3594e-01,  2.6172e-01],
         [-1.1328e+00,  9.6484e-01, -7.7734e-01,  ..., -5.6641e-01,
           2.4375e+00,  1.3125e+00],
         [ 2.6719e+00,  1.5781e+00,  2.1406e+00,  ..., -3.1006e-02,
          -1.2969e+00, -5.9375e+00],
         ...,
         [ 3.3008e-01, -3.3984e-01, -1.2266e+00,  ..., -3.4219e+00,
          -3.6328e-01,  5.5625e+00],
         [ 8.0078e-01, -1.1328e-01, -7.4219e-01,  ...,  5.6562e+00,
           4.1875e+00, -3.3594e+00],
         [-1.6484e+00, -8.4375e-01,  1.0156e+00,  ..., -5.8203e-01,
           3.0312e+00, -3.4219e+00]],

        [[ 8.0000e+00, -1.2422e+00,  2.0410e-01,  ..., -3.2227e-01,
          -2.7656e+00, -2.6250e+00],
         [ 5.2344e-01,  1.2109e+00, -6.7188e-01,  ..., -7.9688e-01,
           1.4219e+00, -5.5790e-05],
         [ 5.0781e-01,  1.4844e+00,  1.7578e+00,  ...,  5.1953e-01,
           7.0703e-01, -3.4531e+00],
         ...,
         [-2.2363e-01, -6.9922e-01, -1.4062e+00,  ..., -2.2656e+00,
          -1.8672e+00,  7.5781e-01],
         [-1.0547e-01, -7.1289e-02,  1.2402e-01,  ...,  8.9375e+00,
           3.6250e+00, -4.3438e+00],
         [-3.7891e-01,  1.0938e+00,  5.0391e-01,  ...,  4.4688e+00,
           4.9062e+00, -2.6406e+00]],

        ...,

        [[ 7.7500e+00, -2.5625e+00, -2.1094e+00,  ...,  1.7344e+00,
          -3.6250e+00, -1.1250e+00],
         [-2.9883e-01, -3.8750e+00, -8.6719e-01,  ...,  1.1641e+00,
           2.7500e+00,  1.8047e+00],
         [ 9.3750e-02, -1.8672e+00,  5.3125e-01,  ..., -1.6172e+00,
          -1.8906e+00, -2.0469e+00],
         ...,
         [ 2.1875e-01, -2.0625e+00, -1.7969e+00,  ...,  2.0000e+00,
          -6.5625e-01,  4.6875e+00],
         [-3.5938e-01, -1.0703e+00, -1.3281e+00,  ...,  5.9062e+00,
           4.2500e+00, -4.4727e-01],
         [-6.8750e-01,  1.6094e+00,  1.0469e+00,  ...,  4.5312e+00,
           4.5938e+00, -1.7500e+00]],

        [[ 9.3750e-01, -3.1094e+00, -1.4844e+00,  ...,  9.0625e-01,
          -2.9844e+00,  8.7500e-01],
         [ 3.4961e-01, -1.2188e+00, -2.9688e-01,  ...,  1.9922e+00,
          -1.9434e-01,  1.7812e+00],
         [-1.2188e+00,  1.6719e+00,  7.3828e-01,  ...,  3.1406e+00,
          -1.6016e+00, -3.9219e+00],
         ...,
         [-1.2812e+00, -8.2031e-01, -1.4453e+00,  ..., -6.3672e-01,
           2.7031e+00,  2.2656e+00],
         [-5.9766e-01, -9.6094e-01, -4.0820e-01,  ...,  2.4688e+00,
           3.4844e+00, -5.1758e-02],
         [ 2.0898e-01,  1.1719e+00, -6.1719e-01,  ...,  4.1875e+00,
           3.9375e+00, -1.0620e-02]],

        [[-5.5000e+00, -4.2188e+00,  2.4048e-02,  ...,  5.7422e-01,
          -3.8906e+00, -1.6875e+00],
         [-1.8359e-01,  1.2656e+00,  7.7344e-01,  ...,  3.5352e-01,
           8.0078e-01, -9.0332e-02],
         [-1.4297e+00,  1.2578e+00, -2.4062e+00,  ...,  1.2734e+00,
           5.5469e-01, -1.5137e-01],
         ...,
         [-6.0547e-01, -3.5645e-02,  7.1094e-01,  ..., -2.2031e+00,
           2.9102e-01, -1.7500e+00],
         [-4.4531e-01,  6.9141e-01,  8.5156e-01,  ...,  8.4375e+00,
           4.0625e+00, -5.2500e+00],
         [ 1.2578e+00, -7.4609e-01, -6.4844e-01,  ...,  4.8438e+00,
           6.7188e+00, -8.9453e-01]]], device='cuda:0', dtype=torch.bfloat16)
tensor([[[-1.9287e-02, -1.6602e-02, -1.3123e-02,  ...,  2.4688e+00,
          -1.1094e+00, -1.1172e+00],
         [-4.6631e-02, -1.1414e-02,  1.1414e-02,  ...,  9.7266e-01,
           1.3281e+00, -1.2188e+00],
         [ 2.1820e-03, -5.6763e-03,  3.8330e-02,  ..., -6.6406e-01,
           2.2500e+00,  2.7344e+00],
         ...,
         [-5.6641e-02, -1.6113e-02, -2.1577e-05,  ..., -1.3516e+00,
           2.3906e+00, -4.2578e-01],
         [ 4.5166e-02,  1.5182e-03, -1.2207e-03,  ...,  8.5156e-01,
           9.2969e-01, -7.0703e-01],
         [ 3.1982e-02,  4.1748e-02, -3.3447e-02,  ...,  1.6562e+00,
          -3.9062e-01,  9.5703e-01]],

        [[ 3.2969e+00, -2.8906e+00, -1.7188e+00,  ...,  2.5977e-01,
          -8.3594e-01,  2.6172e-01],
         [-1.1328e+00,  9.6484e-01, -7.7734e-01,  ..., -5.6641e-01,
           2.4375e+00,  1.3125e+00],
         [ 2.6719e+00,  1.5781e+00,  2.1406e+00,  ..., -3.1006e-02,
          -1.2969e+00, -5.9375e+00],
         ...,
         [ 3.3008e-01, -3.3984e-01, -1.2266e+00,  ..., -3.4219e+00,
          -3.6328e-01,  5.5625e+00],
         [ 8.0078e-01, -1.1328e-01, -7.4219e-01,  ...,  5.6562e+00,
           4.1875e+00, -3.3594e+00],
         [-1.6484e+00, -8.4375e-01,  1.0156e+00,  ..., -5.8203e-01,
           3.0312e+00, -3.4219e+00]],

        [[ 8.0000e+00, -1.2422e+00,  2.0410e-01,  ..., -3.2227e-01,
          -2.7656e+00, -2.6250e+00],
         [ 5.2344e-01,  1.2109e+00, -6.7188e-01,  ..., -7.9688e-01,
           1.4219e+00, -5.5790e-05],
         [ 5.0781e-01,  1.4844e+00,  1.7578e+00,  ...,  5.1953e-01,
           7.0703e-01, -3.4531e+00],
         ...,
         [-2.2363e-01, -6.9922e-01, -1.4062e+00,  ..., -2.2656e+00,
          -1.8672e+00,  7.5781e-01],
         [-1.0547e-01, -7.1289e-02,  1.2402e-01,  ...,  8.9375e+00,
           3.6250e+00, -4.3438e+00],
         [-3.7891e-01,  1.0938e+00,  5.0391e-01,  ...,  4.4688e+00,
           4.9062e+00, -2.6406e+00]],

        ...,

        [[ 7.7500e+00, -2.5625e+00, -2.1094e+00,  ...,  1.7344e+00,
          -3.6250e+00, -1.1250e+00],
         [-2.9883e-01, -3.8750e+00, -8.6719e-01,  ...,  1.1641e+00,
           2.7500e+00,  1.8047e+00],
         [ 9.3750e-02, -1.8672e+00,  5.3125e-01,  ..., -1.6172e+00,
          -1.8906e+00, -2.0469e+00],
         ...,
         [ 2.1875e-01, -2.0625e+00, -1.7969e+00,  ...,  2.0000e+00,
          -6.5625e-01,  4.6875e+00],
         [-3.5938e-01, -1.0703e+00, -1.3281e+00,  ...,  5.9062e+00,
           4.2500e+00, -4.4727e-01],
         [-6.8750e-01,  1.6094e+00,  1.0469e+00,  ...,  4.5312e+00,
           4.5938e+00, -1.7500e+00]],

        [[ 9.3750e-01, -3.1094e+00, -1.4844e+00,  ...,  9.0625e-01,
          -2.9844e+00,  8.7500e-01],
         [ 3.4961e-01, -1.2188e+00, -2.9688e-01,  ...,  1.9922e+00,
          -1.9434e-01,  1.7812e+00],
         [-1.2188e+00,  1.6719e+00,  7.3828e-01,  ...,  3.1406e+00,
          -1.6016e+00, -3.9219e+00],
         ...,
         [-1.2812e+00, -8.2031e-01, -1.4453e+00,  ..., -6.3672e-01,
           2.7031e+00,  2.2656e+00],
         [-5.9766e-01, -9.6094e-01, -4.0820e-01,  ...,  2.4688e+00,
           3.4844e+00, -5.1758e-02],
         [ 2.0898e-01,  1.1719e+00, -6.1719e-01,  ...,  4.1875e+00,
           3.9375e+00, -1.0620e-02]],

        [[-5.5000e+00, -4.2188e+00,  2.4048e-02,  ...,  5.7422e-01,
          -3.8906e+00, -1.6875e+00],
         [-1.8359e-01,  1.2656e+00,  7.7344e-01,  ...,  3.5352e-01,
           8.0078e-01, -9.0332e-02],
         [-1.4297e+00,  1.2578e+00, -2.4062e+00,  ...,  1.2734e+00,
           5.5469e-01, -1.5137e-01],
         ...,
         [-6.0547e-01, -3.5645e-02,  7.1094e-01,  ..., -2.2031e+00,
           2.9102e-01, -1.7500e+00],
         [-4.4531e-01,  6.9141e-01,  8.5156e-01,  ...,  8.4375e+00,
           4.0625e+00, -5.2500e+00],
         [ 1.2578e+00, -7.4609e-01, -6.4844e-01,  ...,  4.8438e+00,
           6.7188e+00, -8.9453e-01]]], device='cuda:0', dtype=torch.bfloat16)
tensor([[[ 4.0527e-02, -1.6357e-02,  5.9570e-02,  ...,  8.5000e+00,
          -2.0469e+00,  2.9688e-01],
         [ 2.0386e-02, -9.3994e-03,  3.6926e-03,  ..., -3.0156e+00,
           3.1562e+00,  4.3125e+00],
         [ 5.2490e-03, -1.5991e-02,  2.5330e-03,  ..., -3.5000e+00,
          -3.8438e+00,  2.0500e+01],
         ...,
         [-1.0620e-02, -3.0518e-03, -1.7212e-02,  ..., -2.8906e-01,
          -2.1729e-02,  9.4375e+00],
         [ 1.2634e-02,  5.8413e-06,  1.0559e-02,  ..., -3.1875e+00,
           7.4219e-02, -1.2812e+01],
         [-4.5898e-02, -1.0252e-04,  4.4678e-02,  ...,  1.0703e+00,
           2.7750e+01, -3.3125e+00]],

        [[ 1.5938e+00, -1.8750e-01,  8.3203e-01,  ...,  6.8125e+00,
          -2.3125e+00, -3.5781e+00],
         [-2.1406e+00,  1.3906e+00, -1.8047e+00,  ..., -1.6016e+00,
           2.4844e+00,  5.8125e+00],
         [ 9.6094e-01, -4.3555e-01,  1.1641e+00,  ..., -4.3750e+00,
          -1.1953e+00,  9.4141e-01],
         ...,
         [-3.3398e-01,  4.4727e-01,  1.3438e+00,  ...,  5.5469e-01,
           1.0312e+00,  1.0500e+01],
         [-2.0000e+00,  6.1719e-01, -1.2500e+00,  ..., -3.3281e+00,
          -6.4844e-01,  2.0156e+00],
         [ 1.7578e-01, -8.6670e-03, -4.1211e-01,  ..., -2.6094e+00,
           8.2500e+00, -2.5195e-01]],

        [[ 1.6797e-01,  4.9316e-02,  5.5908e-02,  ...,  8.2500e+00,
          -1.7266e+00, -1.3125e+00],
         [-3.2617e-01,  1.6406e+00, -1.9043e-01,  ..., -2.4844e+00,
           2.6406e+00,  6.4688e+00],
         [ 8.4473e-02, -2.9297e-01,  7.4219e-02,  ..., -5.0625e+00,
          -3.8750e+00,  2.5312e+00],
         ...,
         [ 1.1475e-01, -4.3457e-02,  1.0352e-01,  ..., -1.0938e+00,
           1.6562e+00,  1.2375e+01],
         [-4.2383e-01,  2.1484e-01, -1.4453e-01,  ..., -4.7500e+00,
          -7.7637e-02,  5.3906e-01],
         [-3.6719e-01, -6.4453e-02, -6.8848e-02,  ..., -2.1094e+00,
           8.5000e+00, -3.1250e+00]],

        ...,

        [[-6.6406e-01, -2.0996e-02,  2.4707e-01,  ...,  1.0062e+01,
          -3.0000e+00, -7.0312e-01],
         [ 2.2969e+00, -8.1641e-01, -9.5312e-01,  ..., -1.7031e+00,
           2.9844e+00,  4.2500e+00],
         [-1.0859e+00,  5.9082e-02,  5.9766e-01,  ..., -5.5938e+00,
          -5.6562e+00,  2.1094e+00],
         ...,
         [ 1.8203e+00, -3.8281e-01,  9.1406e-01,  ...,  1.3750e+00,
           5.9375e-01,  6.5625e+00],
         [ 1.4219e+00, -2.8906e-01, -1.0234e+00,  ..., -4.3125e+00,
           1.5156e+00,  2.6406e+00],
         [-6.9141e-01, -3.2471e-02, -4.4336e-01,  ..., -7.9062e+00,
           6.6250e+00, -4.9688e+00]],

        [[-2.0312e+00, -1.1670e-01, -4.5508e-01,  ...,  4.4688e+00,
          -1.5938e+00,  5.7812e-01],
         [ 3.0469e+00, -2.9297e-02,  1.2266e+00,  ..., -2.5781e+00,
           2.0938e+00,  2.5625e+00],
         [-1.6953e+00, -1.7871e-01, -7.9297e-01,  ..., -8.2422e-01,
          -1.8359e+00,  1.1641e+00],
         ...,
         [ 8.6719e-01, -1.1865e-01, -6.0938e-01,  ...,  4.5117e-01,
          -1.6250e+00,  8.5000e+00],
         [ 2.9062e+00,  1.2158e-01,  9.4531e-01,  ..., -4.0938e+00,
           2.9883e-01,  2.4844e+00],
         [-6.5234e-01, -1.4160e-01,  6.2891e-01,  ..., -1.2422e+00,
           7.0000e+00, -4.0312e+00]],

        [[-5.8984e-01, -2.6953e-01, -3.2617e-01,  ...,  8.0625e+00,
          -6.5625e-01, -6.0547e-01],
         [ 4.8633e-01,  6.9141e-01,  1.6719e+00,  ..., -3.0938e+00,
           3.0469e+00,  4.7188e+00],
         [-1.8359e-01, -1.1621e-01, -5.8203e-01,  ..., -3.5938e+00,
          -1.5625e+00,  2.5781e+00],
         ...,
         [-4.7266e-01,  4.2383e-01, -1.1328e+00,  ...,  5.9814e-02,
          -5.5469e-01,  1.0125e+01],
         [-1.5234e-01,  5.2734e-01,  1.1719e+00,  ..., -5.0312e+00,
           1.5000e+00,  9.4922e-01],
         [-7.1289e-02, -6.4453e-02,  1.6406e+00,  ..., -1.6797e-01,
           9.6250e+00, -6.8438e+00]]], device='cuda:0', dtype=torch.bfloat16)
tensor([[[ 4.0527e-02, -1.6357e-02,  5.9570e-02,  ...,  8.5000e+00,
          -2.0469e+00,  2.9688e-01],
         [ 2.0386e-02, -9.3994e-03,  3.6926e-03,  ..., -3.0156e+00,
           3.1562e+00,  4.3125e+00],
         [ 5.2490e-03, -1.5991e-02,  2.5330e-03,  ..., -3.5000e+00,
          -3.8438e+00,  2.0500e+01],
         ...,
         [-1.0620e-02, -3.0518e-03, -1.7212e-02,  ..., -2.8906e-01,
          -2.1729e-02,  9.4375e+00],
         [ 1.2634e-02,  5.8413e-06,  1.0559e-02,  ..., -3.1875e+00,
           7.4219e-02, -1.2812e+01],
         [-4.5898e-02, -1.0252e-04,  4.4678e-02,  ...,  1.0703e+00,
           2.7750e+01, -3.3125e+00]],

        [[ 1.5938e+00, -1.8750e-01,  8.3203e-01,  ...,  6.8125e+00,
          -2.3125e+00, -3.5781e+00],
         [-2.1406e+00,  1.3906e+00, -1.8047e+00,  ..., -1.6016e+00,
           2.4844e+00,  5.8125e+00],
         [ 9.6094e-01, -4.3555e-01,  1.1641e+00,  ..., -4.3750e+00,
          -1.1953e+00,  9.4141e-01],
         ...,
         [-3.3398e-01,  4.4727e-01,  1.3438e+00,  ...,  5.5469e-01,
           1.0312e+00,  1.0500e+01],
         [-2.0000e+00,  6.1719e-01, -1.2500e+00,  ..., -3.3281e+00,
          -6.4844e-01,  2.0156e+00],
         [ 1.7578e-01, -8.6670e-03, -4.1211e-01,  ..., -2.6094e+00,
           8.2500e+00, -2.5195e-01]],

        [[ 1.6797e-01,  4.9316e-02,  5.5908e-02,  ...,  8.2500e+00,
          -1.7266e+00, -1.3125e+00],
         [-3.2617e-01,  1.6406e+00, -1.9043e-01,  ..., -2.4844e+00,
           2.6406e+00,  6.4688e+00],
         [ 8.4473e-02, -2.9297e-01,  7.4219e-02,  ..., -5.0625e+00,
          -3.8750e+00,  2.5312e+00],
         ...,
         [ 1.1475e-01, -4.3457e-02,  1.0352e-01,  ..., -1.0938e+00,
           1.6562e+00,  1.2375e+01],
         [-4.2383e-01,  2.1484e-01, -1.4453e-01,  ..., -4.7500e+00,
          -7.7637e-02,  5.3906e-01],
         [-3.6719e-01, -6.4453e-02, -6.8848e-02,  ..., -2.1094e+00,
           8.5000e+00, -3.1250e+00]],

        ...,

        [[-6.6406e-01, -2.0996e-02,  2.4707e-01,  ...,  1.0062e+01,
          -3.0000e+00, -7.0312e-01],
         [ 2.2969e+00, -8.1641e-01, -9.5312e-01,  ..., -1.7031e+00,
           2.9844e+00,  4.2500e+00],
         [-1.0859e+00,  5.9082e-02,  5.9766e-01,  ..., -5.5938e+00,
          -5.6562e+00,  2.1094e+00],
         ...,
         [ 1.8203e+00, -3.8281e-01,  9.1406e-01,  ...,  1.3750e+00,
           5.9375e-01,  6.5625e+00],
         [ 1.4219e+00, -2.8906e-01, -1.0234e+00,  ..., -4.3125e+00,
           1.5156e+00,  2.6406e+00],
         [-6.9141e-01, -3.2471e-02, -4.4336e-01,  ..., -7.9062e+00,
           6.6250e+00, -4.9688e+00]],

        [[-2.0312e+00, -1.1670e-01, -4.5508e-01,  ...,  4.4688e+00,
          -1.5938e+00,  5.7812e-01],
         [ 3.0469e+00, -2.9297e-02,  1.2266e+00,  ..., -2.5781e+00,
           2.0938e+00,  2.5625e+00],
         [-1.6953e+00, -1.7871e-01, -7.9297e-01,  ..., -8.2422e-01,
          -1.8359e+00,  1.1641e+00],
         ...,
         [ 8.6719e-01, -1.1865e-01, -6.0938e-01,  ...,  4.5117e-01,
          -1.6250e+00,  8.5000e+00],
         [ 2.9062e+00,  1.2158e-01,  9.4531e-01,  ..., -4.0938e+00,
           2.9883e-01,  2.4844e+00],
         [-6.5234e-01, -1.4160e-01,  6.2891e-01,  ..., -1.2422e+00,
           7.0000e+00, -4.0312e+00]],

        [[-5.8984e-01, -2.6953e-01, -3.2617e-01,  ...,  8.0625e+00,
          -6.5625e-01, -6.0547e-01],
         [ 4.8633e-01,  6.9141e-01,  1.6719e+00,  ..., -3.0938e+00,
           3.0469e+00,  4.7188e+00],
         [-1.8359e-01, -1.1621e-01, -5.8203e-01,  ..., -3.5938e+00,
          -1.5625e+00,  2.5781e+00],
         ...,
         [-4.7266e-01,  4.2383e-01, -1.1328e+00,  ...,  5.9814e-02,
          -5.5469e-01,  1.0125e+01],
         [-1.5234e-01,  5.2734e-01,  1.1719e+00,  ..., -5.0312e+00,
           1.5000e+00,  9.4922e-01],
         [-7.1289e-02, -6.4453e-02,  1.6406e+00,  ..., -1.6797e-01,
           9.6250e+00, -6.8438e+00]]], device='cuda:0', dtype=torch.bfloat16)
tensor([[[ 4.0527e-02, -1.6357e-02,  5.9570e-02,  ...,  8.5000e+00,
          -2.0469e+00,  2.9688e-01],
         [ 2.0386e-02, -9.3994e-03,  3.6926e-03,  ..., -3.0156e+00,
           3.1562e+00,  4.3125e+00],
         [ 5.2490e-03, -1.5991e-02,  2.5330e-03,  ..., -3.5000e+00,
          -3.8438e+00,  2.0500e+01],
         ...,
         [-1.0620e-02, -3.0518e-03, -1.7212e-02,  ..., -2.8906e-01,
          -2.1729e-02,  9.4375e+00],
         [ 1.2634e-02,  5.8413e-06,  1.0559e-02,  ..., -3.1875e+00,
           7.4219e-02, -1.2812e+01],
         [-4.5898e-02, -1.0252e-04,  4.4678e-02,  ...,  1.0703e+00,
           2.7750e+01, -3.3125e+00]],

        [[ 1.5938e+00, -1.8750e-01,  8.3203e-01,  ...,  6.8125e+00,
          -2.3125e+00, -3.5781e+00],
         [-2.1406e+00,  1.3906e+00, -1.8047e+00,  ..., -1.6016e+00,
           2.4844e+00,  5.8125e+00],
         [ 9.6094e-01, -4.3555e-01,  1.1641e+00,  ..., -4.3750e+00,
          -1.1953e+00,  9.4141e-01],
         ...,
         [-3.3398e-01,  4.4727e-01,  1.3438e+00,  ...,  5.5469e-01,
           1.0312e+00,  1.0500e+01],
         [-2.0000e+00,  6.1719e-01, -1.2500e+00,  ..., -3.3281e+00,
          -6.4844e-01,  2.0156e+00],
         [ 1.7578e-01, -8.6670e-03, -4.1211e-01,  ..., -2.6094e+00,
           8.2500e+00, -2.5195e-01]],

        [[ 1.6797e-01,  4.9316e-02,  5.5908e-02,  ...,  8.2500e+00,
          -1.7266e+00, -1.3125e+00],
         [-3.2617e-01,  1.6406e+00, -1.9043e-01,  ..., -2.4844e+00,
           2.6406e+00,  6.4688e+00],
         [ 8.4473e-02, -2.9297e-01,  7.4219e-02,  ..., -5.0625e+00,
          -3.8750e+00,  2.5312e+00],
         ...,
         [ 1.1475e-01, -4.3457e-02,  1.0352e-01,  ..., -1.0938e+00,
           1.6562e+00,  1.2375e+01],
         [-4.2383e-01,  2.1484e-01, -1.4453e-01,  ..., -4.7500e+00,
          -7.7637e-02,  5.3906e-01],
         [-3.6719e-01, -6.4453e-02, -6.8848e-02,  ..., -2.1094e+00,
           8.5000e+00, -3.1250e+00]],

        ...,

        [[-6.6406e-01, -2.0996e-02,  2.4707e-01,  ...,  1.0062e+01,
          -3.0000e+00, -7.0312e-01],
         [ 2.2969e+00, -8.1641e-01, -9.5312e-01,  ..., -1.7031e+00,
           2.9844e+00,  4.2500e+00],
         [-1.0859e+00,  5.9082e-02,  5.9766e-01,  ..., -5.5938e+00,
          -5.6562e+00,  2.1094e+00],
         ...,
         [ 1.8203e+00, -3.8281e-01,  9.1406e-01,  ...,  1.3750e+00,
           5.9375e-01,  6.5625e+00],
         [ 1.4219e+00, -2.8906e-01, -1.0234e+00,  ..., -4.3125e+00,
           1.5156e+00,  2.6406e+00],
         [-6.9141e-01, -3.2471e-02, -4.4336e-01,  ..., -7.9062e+00,
           6.6250e+00, -4.9688e+00]],

        [[-2.0312e+00, -1.1670e-01, -4.5508e-01,  ...,  4.4688e+00,
          -1.5938e+00,  5.7812e-01],
         [ 3.0469e+00, -2.9297e-02,  1.2266e+00,  ..., -2.5781e+00,
           2.0938e+00,  2.5625e+00],
         [-1.6953e+00, -1.7871e-01, -7.9297e-01,  ..., -8.2422e-01,
          -1.8359e+00,  1.1641e+00],
         ...,
         [ 8.6719e-01, -1.1865e-01, -6.0938e-01,  ...,  4.5117e-01,
          -1.6250e+00,  8.5000e+00],
         [ 2.9062e+00,  1.2158e-01,  9.4531e-01,  ..., -4.0938e+00,
           2.9883e-01,  2.4844e+00],
         [-6.5234e-01, -1.4160e-01,  6.2891e-01,  ..., -1.2422e+00,
           7.0000e+00, -4.0312e+00]],

        [[-5.8984e-01, -2.6953e-01, -3.2617e-01,  ...,  8.0625e+00,
          -6.5625e-01, -6.0547e-01],
         [ 4.8633e-01,  6.9141e-01,  1.6719e+00,  ..., -3.0938e+00,
           3.0469e+00,  4.7188e+00],
         [-1.8359e-01, -1.1621e-01, -5.8203e-01,  ..., -3.5938e+00,
          -1.5625e+00,  2.5781e+00],
         ...,
         [-4.7266e-01,  4.2383e-01, -1.1328e+00,  ...,  5.9814e-02,
          -5.5469e-01,  1.0125e+01],
         [-1.5234e-01,  5.2734e-01,  1.1719e+00,  ..., -5.0312e+00,
           1.5000e+00,  9.4922e-01],
         [-7.1289e-02, -6.4453e-02,  1.6406e+00,  ..., -1.6797e-01,
           9.6250e+00, -6.8438e+00]]], device='cuda:0', dtype=torch.bfloat16)
tensor([[[-1.3828e-04,  5.1880e-03, -9.1553e-03,  ..., -1.1172e+00,
           1.8516e+00,  2.4844e+00],
         [ 2.7771e-03,  7.6294e-03,  1.9379e-03,  ..., -4.9062e+00,
           3.8281e+00, -7.1250e+00],
         [-5.8594e-03, -8.4839e-03,  1.1841e-02,  ..., -2.5469e+00,
          -1.9219e+00, -1.1328e+00],
         ...,
         [ 8.1177e-03,  2.6398e-03, -5.6763e-03,  ..., -3.6133e-01,
          -5.6250e-01,  5.3516e-01],
         [-4.8340e-02, -8.8501e-03, -3.0365e-03,  ..., -1.7676e-01,
          -6.5000e+00,  4.6250e+00],
         [-2.8442e-02, -3.0975e-03, -1.3306e-02,  ..., -3.2812e+00,
           2.4062e+00, -6.5000e+00]],

        [[-3.7500e+00,  1.1641e+00,  1.5938e+00,  ..., -2.0156e+00,
           2.4375e+00,  3.2656e+00],
         [ 5.3906e-01, -4.1797e-01,  3.6719e-01,  ..., -3.6094e+00,
           4.4375e+00, -1.5000e+00],
         [-3.1055e-01, -1.0156e+00,  1.4648e-01,  ..., -1.6484e+00,
           9.6875e-01, -1.5703e+00],
         ...,
         [-1.6406e+00,  1.1328e+00,  2.9688e+00,  ...,  5.0391e-01,
          -1.1875e+00,  1.1953e+00],
         [-1.2500e+00, -1.9062e+00, -3.5547e-01,  ...,  5.6875e+00,
          -1.0688e+01,  2.4062e+00],
         [ 5.1562e-01,  7.8125e-01, -1.2734e+00,  ..., -5.2188e+00,
           3.6719e-01, -5.3438e+00]],

        [[ 3.5156e-01,  1.3203e+00,  2.6875e+00,  ..., -1.5547e+00,
           3.1094e+00,  3.2969e+00],
         [ 2.9883e-01,  2.9688e-01, -3.8672e-01,  ..., -6.2500e+00,
           6.8750e+00, -1.2969e+00],
         [ 1.3672e-01,  6.3281e-01,  1.2012e-01,  ..., -7.2656e-01,
           2.4844e+00, -1.9141e+00],
         ...,
         [-6.4062e-01,  6.2500e-02,  1.2266e+00,  ...,  1.4941e-01,
          -9.9609e-01,  1.3750e+00],
         [-1.9336e-01, -7.2656e-01, -9.4531e-01,  ...,  6.0938e+00,
          -1.2938e+01,  2.0000e+00],
         [ 1.3047e+00,  3.4570e-01, -3.8086e-01,  ..., -6.7500e+00,
           6.5625e-01, -6.8125e+00]],

        ...,

        [[ 3.9062e+00, -2.9375e+00,  4.7852e-01,  ..., -2.7031e+00,
           1.7031e+00,  2.2500e+00],
         [-1.5234e+00, -1.6094e+00, -6.0059e-02,  ..., -4.6250e+00,
           4.6562e+00, -2.4688e+00],
         [ 2.0312e+00, -1.7969e+00,  7.6953e-01,  ..., -2.4219e+00,
           1.0781e+00, -5.9766e-01],
         ...,
         [ 6.0547e-01,  1.8281e+00,  1.2969e+00,  ...,  8.6328e-01,
          -5.1953e-01,  5.1562e-01],
         [ 1.5156e+00,  1.2500e+00, -1.5469e+00,  ...,  4.4688e+00,
          -7.7188e+00,  1.7188e+00],
         [ 2.9375e+00,  4.0039e-01, -6.7188e-01,  ..., -6.0938e+00,
           1.8555e-01, -5.0938e+00]],

        [[ 5.8125e+00, -2.0156e+00, -1.2500e-01,  ..., -1.7109e+00,
           4.2383e-01,  2.6719e+00],
         [-1.9844e+00, -1.2031e+00,  1.1562e+00,  ...,  4.2188e-01,
           1.1484e+00,  7.7734e-01],
         [ 2.1562e+00, -1.8984e+00, -1.0781e+00,  ..., -2.2754e-01,
          -6.2109e-01, -2.1406e+00],
         ...,
         [ 2.5000e+00,  1.6641e+00,  1.6602e-01,  ...,  2.2754e-01,
           1.4922e+00, -1.9629e-01],
         [ 1.9141e+00,  1.3906e+00,  1.6250e+00,  ...,  2.9531e+00,
          -5.8750e+00, -5.0781e-01],
         [ 8.1250e-01,  3.3906e+00, -1.0156e+00,  ..., -4.1562e+00,
           1.3516e+00, -6.2188e+00]],

        [[ 2.1094e+00,  1.5938e+00, -9.0625e-01,  ..., -1.9688e+00,
           2.4375e+00,  3.2344e+00],
         [ 4.5117e-01, -4.0625e-01, -8.9453e-01,  ..., -6.1875e+00,
           6.2188e+00, -2.0469e+00],
         [-1.1641e+00,  1.0938e-01, -8.0859e-01,  ..., -1.2188e+00,
           1.3359e+00, -1.9453e+00],
         ...,
         [ 1.0547e+00,  1.4609e+00, -1.2422e+00,  ...,  1.0000e+00,
          -6.6406e-01,  4.5312e-01],
         [-1.3086e-01, -1.1484e+00, -8.5156e-01,  ...,  5.6250e+00,
          -1.3688e+01,  1.5234e+00],
         [-1.8516e+00,  2.5000e+00, -3.4766e-01,  ..., -5.6250e+00,
           1.3906e+00, -6.6875e+00]]], device='cuda:0', dtype=torch.bfloat16)
tensor([[[-1.3828e-04,  5.1880e-03, -9.1553e-03,  ..., -1.1172e+00,
           1.8516e+00,  2.4844e+00],
         [ 2.7771e-03,  7.6294e-03,  1.9379e-03,  ..., -4.9062e+00,
           3.8281e+00, -7.1250e+00],
         [-5.8594e-03, -8.4839e-03,  1.1841e-02,  ..., -2.5469e+00,
          -1.9219e+00, -1.1328e+00],
         ...,
         [ 8.1177e-03,  2.6398e-03, -5.6763e-03,  ..., -3.6133e-01,
          -5.6250e-01,  5.3516e-01],
         [-4.8340e-02, -8.8501e-03, -3.0365e-03,  ..., -1.7676e-01,
          -6.5000e+00,  4.6250e+00],
         [-2.8442e-02, -3.0975e-03, -1.3306e-02,  ..., -3.2812e+00,
           2.4062e+00, -6.5000e+00]],

        [[-3.7500e+00,  1.1641e+00,  1.5938e+00,  ..., -2.0156e+00,
           2.4375e+00,  3.2656e+00],
         [ 5.3906e-01, -4.1797e-01,  3.6719e-01,  ..., -3.6094e+00,
           4.4375e+00, -1.5000e+00],
         [-3.1055e-01, -1.0156e+00,  1.4648e-01,  ..., -1.6484e+00,
           9.6875e-01, -1.5703e+00],
         ...,
         [-1.6406e+00,  1.1328e+00,  2.9688e+00,  ...,  5.0391e-01,
          -1.1875e+00,  1.1953e+00],
         [-1.2500e+00, -1.9062e+00, -3.5547e-01,  ...,  5.6875e+00,
          -1.0688e+01,  2.4062e+00],
         [ 5.1562e-01,  7.8125e-01, -1.2734e+00,  ..., -5.2188e+00,
           3.6719e-01, -5.3438e+00]],

        [[ 3.5156e-01,  1.3203e+00,  2.6875e+00,  ..., -1.5547e+00,
           3.1094e+00,  3.2969e+00],
         [ 2.9883e-01,  2.9688e-01, -3.8672e-01,  ..., -6.2500e+00,
           6.8750e+00, -1.2969e+00],
         [ 1.3672e-01,  6.3281e-01,  1.2012e-01,  ..., -7.2656e-01,
           2.4844e+00, -1.9141e+00],
         ...,
         [-6.4062e-01,  6.2500e-02,  1.2266e+00,  ...,  1.4941e-01,
          -9.9609e-01,  1.3750e+00],
         [-1.9336e-01, -7.2656e-01, -9.4531e-01,  ...,  6.0938e+00,
          -1.2938e+01,  2.0000e+00],
         [ 1.3047e+00,  3.4570e-01, -3.8086e-01,  ..., -6.7500e+00,
           6.5625e-01, -6.8125e+00]],

        ...,

        [[ 3.9062e+00, -2.9375e+00,  4.7852e-01,  ..., -2.7031e+00,
           1.7031e+00,  2.2500e+00],
         [-1.5234e+00, -1.6094e+00, -6.0059e-02,  ..., -4.6250e+00,
           4.6562e+00, -2.4688e+00],
         [ 2.0312e+00, -1.7969e+00,  7.6953e-01,  ..., -2.4219e+00,
           1.0781e+00, -5.9766e-01],
         ...,
         [ 6.0547e-01,  1.8281e+00,  1.2969e+00,  ...,  8.6328e-01,
          -5.1953e-01,  5.1562e-01],
         [ 1.5156e+00,  1.2500e+00, -1.5469e+00,  ...,  4.4688e+00,
          -7.7188e+00,  1.7188e+00],
         [ 2.9375e+00,  4.0039e-01, -6.7188e-01,  ..., -6.0938e+00,
           1.8555e-01, -5.0938e+00]],

        [[ 5.8125e+00, -2.0156e+00, -1.2500e-01,  ..., -1.7109e+00,
           4.2383e-01,  2.6719e+00],
         [-1.9844e+00, -1.2031e+00,  1.1562e+00,  ...,  4.2188e-01,
           1.1484e+00,  7.7734e-01],
         [ 2.1562e+00, -1.8984e+00, -1.0781e+00,  ..., -2.2754e-01,
          -6.2109e-01, -2.1406e+00],
         ...,
         [ 2.5000e+00,  1.6641e+00,  1.6602e-01,  ...,  2.2754e-01,
           1.4922e+00, -1.9629e-01],
         [ 1.9141e+00,  1.3906e+00,  1.6250e+00,  ...,  2.9531e+00,
          -5.8750e+00, -5.0781e-01],
         [ 8.1250e-01,  3.3906e+00, -1.0156e+00,  ..., -4.1562e+00,
           1.3516e+00, -6.2188e+00]],

        [[ 2.1094e+00,  1.5938e+00, -9.0625e-01,  ..., -1.9688e+00,
           2.4375e+00,  3.2344e+00],
         [ 4.5117e-01, -4.0625e-01, -8.9453e-01,  ..., -6.1875e+00,
           6.2188e+00, -2.0469e+00],
         [-1.1641e+00,  1.0938e-01, -8.0859e-01,  ..., -1.2188e+00,
           1.3359e+00, -1.9453e+00],
         ...,
         [ 1.0547e+00,  1.4609e+00, -1.2422e+00,  ...,  1.0000e+00,
          -6.6406e-01,  4.5312e-01],
         [-1.3086e-01, -1.1484e+00, -8.5156e-01,  ...,  5.6250e+00,
          -1.3688e+01,  1.5234e+00],
         [-1.8516e+00,  2.5000e+00, -3.4766e-01,  ..., -5.6250e+00,
           1.3906e+00, -6.6875e+00]]], device='cuda:0', dtype=torch.bfloat16)
tensor([[[-1.3828e-04,  5.1880e-03, -9.1553e-03,  ..., -1.1172e+00,
           1.8516e+00,  2.4844e+00],
         [ 2.7771e-03,  7.6294e-03,  1.9379e-03,  ..., -4.9062e+00,
           3.8281e+00, -7.1250e+00],
         [-5.8594e-03, -8.4839e-03,  1.1841e-02,  ..., -2.5469e+00,
          -1.9219e+00, -1.1328e+00],
         ...,
         [ 8.1177e-03,  2.6398e-03, -5.6763e-03,  ..., -3.6133e-01,
          -5.6250e-01,  5.3516e-01],
         [-4.8340e-02, -8.8501e-03, -3.0365e-03,  ..., -1.7676e-01,
          -6.5000e+00,  4.6250e+00],
         [-2.8442e-02, -3.0975e-03, -1.3306e-02,  ..., -3.2812e+00,
           2.4062e+00, -6.5000e+00]],

        [[-3.7500e+00,  1.1641e+00,  1.5938e+00,  ..., -2.0156e+00,
           2.4375e+00,  3.2656e+00],
         [ 5.3906e-01, -4.1797e-01,  3.6719e-01,  ..., -3.6094e+00,
           4.4375e+00, -1.5000e+00],
         [-3.1055e-01, -1.0156e+00,  1.4648e-01,  ..., -1.6484e+00,
           9.6875e-01, -1.5703e+00],
         ...,
         [-1.6406e+00,  1.1328e+00,  2.9688e+00,  ...,  5.0391e-01,
          -1.1875e+00,  1.1953e+00],
         [-1.2500e+00, -1.9062e+00, -3.5547e-01,  ...,  5.6875e+00,
          -1.0688e+01,  2.4062e+00],
         [ 5.1562e-01,  7.8125e-01, -1.2734e+00,  ..., -5.2188e+00,
           3.6719e-01, -5.3438e+00]],

        [[ 3.5156e-01,  1.3203e+00,  2.6875e+00,  ..., -1.5547e+00,
           3.1094e+00,  3.2969e+00],
         [ 2.9883e-01,  2.9688e-01, -3.8672e-01,  ..., -6.2500e+00,
           6.8750e+00, -1.2969e+00],
         [ 1.3672e-01,  6.3281e-01,  1.2012e-01,  ..., -7.2656e-01,
           2.4844e+00, -1.9141e+00],
         ...,
         [-6.4062e-01,  6.2500e-02,  1.2266e+00,  ...,  1.4941e-01,
          -9.9609e-01,  1.3750e+00],
         [-1.9336e-01, -7.2656e-01, -9.4531e-01,  ...,  6.0938e+00,
          -1.2938e+01,  2.0000e+00],
         [ 1.3047e+00,  3.4570e-01, -3.8086e-01,  ..., -6.7500e+00,
           6.5625e-01, -6.8125e+00]],

        ...,

        [[ 3.9062e+00, -2.9375e+00,  4.7852e-01,  ..., -2.7031e+00,
           1.7031e+00,  2.2500e+00],
         [-1.5234e+00, -1.6094e+00, -6.0059e-02,  ..., -4.6250e+00,
           4.6562e+00, -2.4688e+00],
         [ 2.0312e+00, -1.7969e+00,  7.6953e-01,  ..., -2.4219e+00,
           1.0781e+00, -5.9766e-01],
         ...,
         [ 6.0547e-01,  1.8281e+00,  1.2969e+00,  ...,  8.6328e-01,
          -5.1953e-01,  5.1562e-01],
         [ 1.5156e+00,  1.2500e+00, -1.5469e+00,  ...,  4.4688e+00,
          -7.7188e+00,  1.7188e+00],
         [ 2.9375e+00,  4.0039e-01, -6.7188e-01,  ..., -6.0938e+00,
           1.8555e-01, -5.0938e+00]],

        [[ 5.8125e+00, -2.0156e+00, -1.2500e-01,  ..., -1.7109e+00,
           4.2383e-01,  2.6719e+00],
         [-1.9844e+00, -1.2031e+00,  1.1562e+00,  ...,  4.2188e-01,
           1.1484e+00,  7.7734e-01],
         [ 2.1562e+00, -1.8984e+00, -1.0781e+00,  ..., -2.2754e-01,
          -6.2109e-01, -2.1406e+00],
         ...,
         [ 2.5000e+00,  1.6641e+00,  1.6602e-01,  ...,  2.2754e-01,
           1.4922e+00, -1.9629e-01],
         [ 1.9141e+00,  1.3906e+00,  1.6250e+00,  ...,  2.9531e+00,
          -5.8750e+00, -5.0781e-01],
         [ 8.1250e-01,  3.3906e+00, -1.0156e+00,  ..., -4.1562e+00,
           1.3516e+00, -6.2188e+00]],

        [[ 2.1094e+00,  1.5938e+00, -9.0625e-01,  ..., -1.9688e+00,
           2.4375e+00,  3.2344e+00],
         [ 4.5117e-01, -4.0625e-01, -8.9453e-01,  ..., -6.1875e+00,
           6.2188e+00, -2.0469e+00],
         [-1.1641e+00,  1.0938e-01, -8.0859e-01,  ..., -1.2188e+00,
           1.3359e+00, -1.9453e+00],
         ...,
         [ 1.0547e+00,  1.4609e+00, -1.2422e+00,  ...,  1.0000e+00,
          -6.6406e-01,  4.5312e-01],
         [-1.3086e-01, -1.1484e+00, -8.5156e-01,  ...,  5.6250e+00,
          -1.3688e+01,  1.5234e+00],
         [-1.8516e+00,  2.5000e+00, -3.4766e-01,  ..., -5.6250e+00,
           1.3906e+00, -6.6875e+00]]], device='cuda:0', dtype=torch.bfloat16)
tensor([[[ 1.2283e-03, -2.7930e-01,  1.2085e-02,  ..., -4.5117e-01,
           1.6484e+00,  2.1406e+00],
         [ 3.6049e-04, -6.0425e-03,  4.1580e-04,  ..., -4.4688e+00,
           1.1250e+00,  4.0625e+00],
         [ 3.1738e-02,  7.9346e-04,  2.2292e-05,  ...,  8.0625e+00,
           2.0500e+01, -1.6211e-01],
         ...,
         [ 2.0874e-02,  7.9102e-02,  8.9722e-03,  ..., -1.1406e+00,
           4.3945e-01, -3.6328e-01],
         [ 1.1719e-02,  9.9182e-04, -4.0817e-04,  ..., -8.1641e-01,
          -9.9219e-01, -5.4688e-02],
         [ 1.3550e-02, -6.8359e-02, -8.1787e-03,  ...,  5.5000e+00,
           8.3594e-01,  1.7875e+01]],

        [[-2.7148e-01, -3.9258e-01, -6.1646e-03,  ...,  3.8086e-01,
           2.0000e+00,  1.4531e+00],
         [ 6.7969e-01, -4.1260e-02,  9.8047e-01,  ..., -1.0078e+00,
           1.2109e+00,  1.7266e+00],
         [-7.3047e-01,  3.2031e-01,  3.4180e-02,  ...,  1.2422e+00,
           1.4625e+01, -1.0938e+00],
         ...,
         [ 1.0469e+00,  1.2305e-01, -1.1797e+00,  ..., -4.2969e-01,
           6.2891e-01, -1.1719e+00],
         [-9.2969e-01, -1.5625e-01, -7.7734e-01,  ..., -3.0781e+00,
          -2.9688e-01,  1.3770e-01],
         [ 7.3438e-01, -3.7891e-01, -8.7109e-01,  ...,  6.7812e+00,
          -2.8320e-01, -9.1797e-01]],

        [[-2.0312e-01, -1.1328e-01,  2.2949e-02,  ...,  1.4355e-01,
           1.4844e+00,  1.8672e+00],
         [ 1.0547e+00,  1.2500e-01,  1.7812e+00,  ..., -1.3750e+00,
           3.4180e-01,  2.4375e+00],
         [-2.9297e-01,  2.2070e-01,  6.3965e-02,  ...,  1.3281e+00,
           1.6500e+01, -1.4531e+00],
         ...,
         [ 1.3281e+00, -6.1523e-02, -1.3594e+00,  ..., -1.6094e+00,
           1.2344e+00, -3.1836e-01],
         [-6.5234e-01, -1.0205e-01, -9.3750e-01,  ..., -2.2188e+00,
          -7.7734e-01, -9.8047e-01],
         [ 5.6641e-01, -1.0693e-01, -5.3906e-01,  ...,  8.5000e+00,
          -4.2383e-01,  4.3555e-01]],

        ...,

        [[ 8.3594e-01, -1.1475e-01, -9.6680e-02,  ...,  2.7812e+00,
           3.4961e-01,  2.0938e+00],
         [ 2.2812e+00, -2.1094e-01,  2.1406e+00,  ..., -4.3125e+00,
          -9.6680e-02,  4.1562e+00],
         [-4.8633e-01, -2.2461e-02,  2.2583e-02,  ..., -5.7812e-01,
           1.2562e+01, -1.4062e-01],
         ...,
         [ 3.1250e+00,  3.2031e-01, -1.4688e+00,  ..., -1.5391e+00,
          -7.6172e-01, -1.6172e+00],
         [-1.3828e+00, -6.0303e-02, -1.5625e+00,  ..., -8.5156e-01,
          -1.1328e+00, -5.0391e-01],
         [ 1.5938e+00, -2.8320e-01, -1.4375e+00,  ...,  8.0000e+00,
           7.4219e-02, -1.5156e+00]],

        [[-3.8477e-01, -2.7148e-01, -1.6113e-01,  ...,  3.8867e-01,
           2.9883e-01,  2.5156e+00],
         [ 9.7656e-01, -1.2256e-01,  1.4531e+00,  ..., -5.6875e+00,
           1.0234e+00,  2.8125e+00],
         [ 1.4688e+00,  1.7773e-01, -1.5527e-01,  ...,  6.0312e+00,
           1.5000e+01, -2.8281e+00],
         ...,
         [ 3.1250e-02,  6.5918e-02, -2.2812e+00,  ..., -1.7500e+00,
           7.4219e-01, -1.8594e+00],
         [ 2.1562e+00, -2.4023e-01, -1.0000e+00,  ..., -9.3359e-01,
          -3.1094e+00,  7.3438e-01],
         [-1.3750e+00, -4.8438e-01, -1.5078e+00,  ...,  5.1875e+00,
          -1.1406e+00, -7.1094e-01]],

        [[-7.2656e-01, -4.6094e-01, -9.6191e-02,  ...,  2.3594e+00,
           1.1562e+00,  2.5312e+00],
         [-1.7891e+00, -1.0254e-01,  5.9766e-01,  ..., -5.2188e+00,
           1.0781e+00,  3.0625e+00],
         [ 6.5234e-01,  1.9922e-01, -6.0791e-02,  ...,  2.5000e+00,
           1.4688e+01, -1.0156e+00],
         ...,
         [-2.6562e+00,  6.2500e-02, -4.3750e-01,  ..., -1.1719e+00,
          -3.6133e-01, -7.2656e-01],
         [ 1.8281e+00, -1.1719e-01, -4.5117e-01,  ...,  6.6797e-01,
          -1.9766e+00, -9.0625e-01],
         [-1.7188e+00, -4.5508e-01, -7.5000e-01,  ...,  9.5625e+00,
           3.7500e-01, -8.5938e-01]]], device='cuda:0', dtype=torch.bfloat16)
tensor([[[ 1.2283e-03, -2.7930e-01,  1.2085e-02,  ..., -4.5117e-01,
           1.6484e+00,  2.1406e+00],
         [ 3.6049e-04, -6.0425e-03,  4.1580e-04,  ..., -4.4688e+00,
           1.1250e+00,  4.0625e+00],
         [ 3.1738e-02,  7.9346e-04,  2.2292e-05,  ...,  8.0625e+00,
           2.0500e+01, -1.6211e-01],
         ...,
         [ 2.0874e-02,  7.9102e-02,  8.9722e-03,  ..., -1.1406e+00,
           4.3945e-01, -3.6328e-01],
         [ 1.1719e-02,  9.9182e-04, -4.0817e-04,  ..., -8.1641e-01,
          -9.9219e-01, -5.4688e-02],
         [ 1.3550e-02, -6.8359e-02, -8.1787e-03,  ...,  5.5000e+00,
           8.3594e-01,  1.7875e+01]],

        [[-2.7148e-01, -3.9258e-01, -6.1646e-03,  ...,  3.8086e-01,
           2.0000e+00,  1.4531e+00],
         [ 6.7969e-01, -4.1260e-02,  9.8047e-01,  ..., -1.0078e+00,
           1.2109e+00,  1.7266e+00],
         [-7.3047e-01,  3.2031e-01,  3.4180e-02,  ...,  1.2422e+00,
           1.4625e+01, -1.0938e+00],
         ...,
         [ 1.0469e+00,  1.2305e-01, -1.1797e+00,  ..., -4.2969e-01,
           6.2891e-01, -1.1719e+00],
         [-9.2969e-01, -1.5625e-01, -7.7734e-01,  ..., -3.0781e+00,
          -2.9688e-01,  1.3770e-01],
         [ 7.3438e-01, -3.7891e-01, -8.7109e-01,  ...,  6.7812e+00,
          -2.8320e-01, -9.1797e-01]],

        [[-2.0312e-01, -1.1328e-01,  2.2949e-02,  ...,  1.4355e-01,
           1.4844e+00,  1.8672e+00],
         [ 1.0547e+00,  1.2500e-01,  1.7812e+00,  ..., -1.3750e+00,
           3.4180e-01,  2.4375e+00],
         [-2.9297e-01,  2.2070e-01,  6.3965e-02,  ...,  1.3281e+00,
           1.6500e+01, -1.4531e+00],
         ...,
         [ 1.3281e+00, -6.1523e-02, -1.3594e+00,  ..., -1.6094e+00,
           1.2344e+00, -3.1836e-01],
         [-6.5234e-01, -1.0205e-01, -9.3750e-01,  ..., -2.2188e+00,
          -7.7734e-01, -9.8047e-01],
         [ 5.6641e-01, -1.0693e-01, -5.3906e-01,  ...,  8.5000e+00,
          -4.2383e-01,  4.3555e-01]],

        ...,

        [[ 8.3594e-01, -1.1475e-01, -9.6680e-02,  ...,  2.7812e+00,
           3.4961e-01,  2.0938e+00],
         [ 2.2812e+00, -2.1094e-01,  2.1406e+00,  ..., -4.3125e+00,
          -9.6680e-02,  4.1562e+00],
         [-4.8633e-01, -2.2461e-02,  2.2583e-02,  ..., -5.7812e-01,
           1.2562e+01, -1.4062e-01],
         ...,
         [ 3.1250e+00,  3.2031e-01, -1.4688e+00,  ..., -1.5391e+00,
          -7.6172e-01, -1.6172e+00],
         [-1.3828e+00, -6.0303e-02, -1.5625e+00,  ..., -8.5156e-01,
          -1.1328e+00, -5.0391e-01],
         [ 1.5938e+00, -2.8320e-01, -1.4375e+00,  ...,  8.0000e+00,
           7.4219e-02, -1.5156e+00]],

        [[-3.8477e-01, -2.7148e-01, -1.6113e-01,  ...,  3.8867e-01,
           2.9883e-01,  2.5156e+00],
         [ 9.7656e-01, -1.2256e-01,  1.4531e+00,  ..., -5.6875e+00,
           1.0234e+00,  2.8125e+00],
         [ 1.4688e+00,  1.7773e-01, -1.5527e-01,  ...,  6.0312e+00,
           1.5000e+01, -2.8281e+00],
         ...,
         [ 3.1250e-02,  6.5918e-02, -2.2812e+00,  ..., -1.7500e+00,
           7.4219e-01, -1.8594e+00],
         [ 2.1562e+00, -2.4023e-01, -1.0000e+00,  ..., -9.3359e-01,
          -3.1094e+00,  7.3438e-01],
         [-1.3750e+00, -4.8438e-01, -1.5078e+00,  ...,  5.1875e+00,
          -1.1406e+00, -7.1094e-01]],

        [[-7.2656e-01, -4.6094e-01, -9.6191e-02,  ...,  2.3594e+00,
           1.1562e+00,  2.5312e+00],
         [-1.7891e+00, -1.0254e-01,  5.9766e-01,  ..., -5.2188e+00,
           1.0781e+00,  3.0625e+00],
         [ 6.5234e-01,  1.9922e-01, -6.0791e-02,  ...,  2.5000e+00,
           1.4688e+01, -1.0156e+00],
         ...,
         [-2.6562e+00,  6.2500e-02, -4.3750e-01,  ..., -1.1719e+00,
          -3.6133e-01, -7.2656e-01],
         [ 1.8281e+00, -1.1719e-01, -4.5117e-01,  ...,  6.6797e-01,
          -1.9766e+00, -9.0625e-01],
         [-1.7188e+00, -4.5508e-01, -7.5000e-01,  ...,  9.5625e+00,
           3.7500e-01, -8.5938e-01]]], device='cuda:0', dtype=torch.bfloat16)
tensor([[[ 1.2283e-03, -2.7930e-01,  1.2085e-02,  ..., -4.5117e-01,
           1.6484e+00,  2.1406e+00],
         [ 3.6049e-04, -6.0425e-03,  4.1580e-04,  ..., -4.4688e+00,
           1.1250e+00,  4.0625e+00],
         [ 3.1738e-02,  7.9346e-04,  2.2292e-05,  ...,  8.0625e+00,
           2.0500e+01, -1.6211e-01],
         ...,
         [ 2.0874e-02,  7.9102e-02,  8.9722e-03,  ..., -1.1406e+00,
           4.3945e-01, -3.6328e-01],
         [ 1.1719e-02,  9.9182e-04, -4.0817e-04,  ..., -8.1641e-01,
          -9.9219e-01, -5.4688e-02],
         [ 1.3550e-02, -6.8359e-02, -8.1787e-03,  ...,  5.5000e+00,
           8.3594e-01,  1.7875e+01]],

        [[-2.7148e-01, -3.9258e-01, -6.1646e-03,  ...,  3.8086e-01,
           2.0000e+00,  1.4531e+00],
         [ 6.7969e-01, -4.1260e-02,  9.8047e-01,  ..., -1.0078e+00,
           1.2109e+00,  1.7266e+00],
         [-7.3047e-01,  3.2031e-01,  3.4180e-02,  ...,  1.2422e+00,
           1.4625e+01, -1.0938e+00],
         ...,
         [ 1.0469e+00,  1.2305e-01, -1.1797e+00,  ..., -4.2969e-01,
           6.2891e-01, -1.1719e+00],
         [-9.2969e-01, -1.5625e-01, -7.7734e-01,  ..., -3.0781e+00,
          -2.9688e-01,  1.3770e-01],
         [ 7.3438e-01, -3.7891e-01, -8.7109e-01,  ...,  6.7812e+00,
          -2.8320e-01, -9.1797e-01]],

        [[-2.0312e-01, -1.1328e-01,  2.2949e-02,  ...,  1.4355e-01,
           1.4844e+00,  1.8672e+00],
         [ 1.0547e+00,  1.2500e-01,  1.7812e+00,  ..., -1.3750e+00,
           3.4180e-01,  2.4375e+00],
         [-2.9297e-01,  2.2070e-01,  6.3965e-02,  ...,  1.3281e+00,
           1.6500e+01, -1.4531e+00],
         ...,
         [ 1.3281e+00, -6.1523e-02, -1.3594e+00,  ..., -1.6094e+00,
           1.2344e+00, -3.1836e-01],
         [-6.5234e-01, -1.0205e-01, -9.3750e-01,  ..., -2.2188e+00,
          -7.7734e-01, -9.8047e-01],
         [ 5.6641e-01, -1.0693e-01, -5.3906e-01,  ...,  8.5000e+00,
          -4.2383e-01,  4.3555e-01]],

        ...,

        [[ 8.3594e-01, -1.1475e-01, -9.6680e-02,  ...,  2.7812e+00,
           3.4961e-01,  2.0938e+00],
         [ 2.2812e+00, -2.1094e-01,  2.1406e+00,  ..., -4.3125e+00,
          -9.6680e-02,  4.1562e+00],
         [-4.8633e-01, -2.2461e-02,  2.2583e-02,  ..., -5.7812e-01,
           1.2562e+01, -1.4062e-01],
         ...,
         [ 3.1250e+00,  3.2031e-01, -1.4688e+00,  ..., -1.5391e+00,
          -7.6172e-01, -1.6172e+00],
         [-1.3828e+00, -6.0303e-02, -1.5625e+00,  ..., -8.5156e-01,
          -1.1328e+00, -5.0391e-01],
         [ 1.5938e+00, -2.8320e-01, -1.4375e+00,  ...,  8.0000e+00,
           7.4219e-02, -1.5156e+00]],

        [[-3.8477e-01, -2.7148e-01, -1.6113e-01,  ...,  3.8867e-01,
           2.9883e-01,  2.5156e+00],
         [ 9.7656e-01, -1.2256e-01,  1.4531e+00,  ..., -5.6875e+00,
           1.0234e+00,  2.8125e+00],
         [ 1.4688e+00,  1.7773e-01, -1.5527e-01,  ...,  6.0312e+00,
           1.5000e+01, -2.8281e+00],
         ...,
         [ 3.1250e-02,  6.5918e-02, -2.2812e+00,  ..., -1.7500e+00,
           7.4219e-01, -1.8594e+00],
         [ 2.1562e+00, -2.4023e-01, -1.0000e+00,  ..., -9.3359e-01,
          -3.1094e+00,  7.3438e-01],
         [-1.3750e+00, -4.8438e-01, -1.5078e+00,  ...,  5.1875e+00,
          -1.1406e+00, -7.1094e-01]],

        [[-7.2656e-01, -4.6094e-01, -9.6191e-02,  ...,  2.3594e+00,
           1.1562e+00,  2.5312e+00],
         [-1.7891e+00, -1.0254e-01,  5.9766e-01,  ..., -5.2188e+00,
           1.0781e+00,  3.0625e+00],
         [ 6.5234e-01,  1.9922e-01, -6.0791e-02,  ...,  2.5000e+00,
           1.4688e+01, -1.0156e+00],
         ...,
         [-2.6562e+00,  6.2500e-02, -4.3750e-01,  ..., -1.1719e+00,
          -3.6133e-01, -7.2656e-01],
         [ 1.8281e+00, -1.1719e-01, -4.5117e-01,  ...,  6.6797e-01,
          -1.9766e+00, -9.0625e-01],
         [-1.7188e+00, -4.5508e-01, -7.5000e-01,  ...,  9.5625e+00,
           3.7500e-01, -8.5938e-01]]], device='cuda:0', dtype=torch.bfloat16)
tensor([[[-1.0620e-02, -1.8555e-02, -3.1250e-02,  ...,  2.3281e+00,
           4.1875e+00, -4.2500e+00],
         [ 7.4387e-04, -3.0518e-02,  1.0010e-02,  ..., -8.6328e-01,
          -2.5977e-01, -2.8125e+00],
         [ 1.2085e-02, -2.9541e-02,  2.2339e-02,  ...,  1.8047e+00,
          -1.0938e+00, -3.7031e+00],
         ...,
         [-3.8574e-02,  1.2512e-03,  4.2236e-02,  ..., -9.3359e-01,
           6.3672e-01, -1.1562e+00],
         [-1.6602e-02,  3.3447e-02,  5.0537e-02,  ...,  4.5117e-01,
           2.6172e-01,  2.4062e+00],
         [-2.4902e-02,  2.6489e-02, -3.8818e-02,  ...,  1.5625e+00,
          -2.1387e-01, -8.6719e-01]],

        [[ 5.3125e-01,  7.9102e-02, -1.4375e+00,  ...,  3.5000e+00,
          -1.1016e+00, -2.7031e+00],
         [-1.0078e+00, -1.7578e-01,  1.0391e+00,  ..., -3.4375e+00,
          -4.6875e-01, -1.4375e+00],
         [-1.0469e+00, -4.5410e-02, -1.6250e+00,  ...,  4.7070e-01,
          -7.5391e-01, -1.9844e+00],
         ...,
         [-1.6992e-01, -1.1572e-01, -3.9453e-01,  ...,  2.9062e+00,
          -4.7812e+00, -5.9062e+00],
         [ 7.3047e-01,  1.1670e-01,  1.0625e+00,  ...,  5.7812e+00,
           8.6719e-01,  9.7656e-01],
         [-2.6758e-01,  1.3281e-01, -7.7344e-01,  ...,  2.2969e+00,
          -3.9062e+00, -1.2812e+00]],

        [[ 4.1992e-01,  1.3379e-01,  3.2422e-01,  ...,  6.1250e+00,
           2.3438e+00, -3.2812e+00],
         [-2.4316e-01, -3.6523e-01, -3.0664e-01,  ..., -2.5625e+00,
          -9.2969e-01, -2.6250e+00],
         [-8.3984e-02, -4.4434e-02, -4.2969e-01,  ...,  9.0625e-01,
          -1.6309e-01, -1.9453e+00],
         ...,
         [ 6.0156e-01, -1.6895e-01, -7.4219e-01,  ...,  2.3281e+00,
          -5.3750e+00, -6.6875e+00],
         [-9.2773e-02,  9.5215e-02, -7.5391e-01,  ...,  2.3438e+00,
           1.4531e+00,  1.9766e+00],
         [-2.9492e-01,  1.9629e-01, -3.8818e-02,  ...,  1.1484e+00,
          -2.2656e+00, -8.5938e-01]],

        ...,

        [[ 8.2031e-02, -1.2756e-02,  6.3672e-01,  ...,  4.0312e+00,
           4.0938e+00, -1.5547e+00],
         [-1.1172e+00,  1.8188e-02, -9.5703e-02,  ..., -2.4688e+00,
           2.3125e+00, -1.5469e+00],
         [ 1.4219e+00,  6.4453e-02, -1.4141e+00,  ...,  2.5938e+00,
           3.3750e+00, -2.4062e+00],
         ...,
         [-7.8125e-01,  1.4551e-01,  4.2969e-02,  ...,  1.6250e+00,
          -2.6406e+00, -5.0000e+00],
         [ 1.2031e+00, -8.6426e-02, -4.2188e-01,  ...,  2.4844e+00,
           1.8125e+00,  1.4062e-01],
         [-1.3438e+00, -1.2817e-03, -4.0625e-01,  ...,  1.2344e+00,
          -3.9688e+00, -1.9434e-01]],

        [[-9.5703e-01, -2.7832e-02,  5.8594e-01,  ...,  3.5156e+00,
          -3.6562e+00, -3.5938e+00],
         [ 4.0234e-01, -5.5542e-03,  1.1172e+00,  ...,  3.2500e+00,
          -4.4531e-01,  1.7188e+00],
         [ 2.4219e+00, -8.8501e-03,  1.9531e-01,  ...,  1.5547e+00,
           7.9297e-01, -2.5000e+00],
         ...,
         [ 5.0781e-01, -9.3079e-04, -1.1797e+00,  ...,  6.2188e+00,
          -3.5000e+00, -9.8125e+00],
         [-1.6250e+00, -8.5449e-03, -2.0000e+00,  ...,  3.9531e+00,
           7.8125e-01,  3.2422e-01],
         [-3.0078e-01, -1.5381e-02,  5.7031e-01,  ..., -1.6211e-01,
          -1.8750e+00, -2.9531e+00]],

        [[-8.3594e-01,  1.2451e-02,  9.2969e-01,  ...,  7.7500e+00,
           7.5391e-01, -1.4688e+00],
         [ 8.4375e-01, -1.1475e-01, -1.4922e+00,  ..., -1.9453e+00,
           3.7188e+00, -1.9629e-01],
         [ 4.0039e-01, -3.2959e-03,  1.4062e+00,  ...,  2.3594e+00,
           1.2578e+00, -2.6406e+00],
         ...,
         [-3.1006e-02, -7.4219e-02, -1.2891e+00,  ...,  2.2812e+00,
          -1.3906e+00, -5.8438e+00],
         [-1.2891e+00,  1.6504e-01, -1.4062e+00,  ...,  8.2422e-01,
          -5.6250e-01,  7.7344e-01],
         [ 9.6484e-01,  1.3965e-01,  9.8438e-01,  ..., -1.6953e+00,
           1.8555e-01, -1.1562e+00]]], device='cuda:0', dtype=torch.bfloat16)
tensor([[[-1.0620e-02, -1.8555e-02, -3.1250e-02,  ...,  2.3281e+00,
           4.1875e+00, -4.2500e+00],
         [ 7.4387e-04, -3.0518e-02,  1.0010e-02,  ..., -8.6328e-01,
          -2.5977e-01, -2.8125e+00],
         [ 1.2085e-02, -2.9541e-02,  2.2339e-02,  ...,  1.8047e+00,
          -1.0938e+00, -3.7031e+00],
         ...,
         [-3.8574e-02,  1.2512e-03,  4.2236e-02,  ..., -9.3359e-01,
           6.3672e-01, -1.1562e+00],
         [-1.6602e-02,  3.3447e-02,  5.0537e-02,  ...,  4.5117e-01,
           2.6172e-01,  2.4062e+00],
         [-2.4902e-02,  2.6489e-02, -3.8818e-02,  ...,  1.5625e+00,
          -2.1387e-01, -8.6719e-01]],

        [[ 5.3125e-01,  7.9102e-02, -1.4375e+00,  ...,  3.5000e+00,
          -1.1016e+00, -2.7031e+00],
         [-1.0078e+00, -1.7578e-01,  1.0391e+00,  ..., -3.4375e+00,
          -4.6875e-01, -1.4375e+00],
         [-1.0469e+00, -4.5410e-02, -1.6250e+00,  ...,  4.7070e-01,
          -7.5391e-01, -1.9844e+00],
         ...,
         [-1.6992e-01, -1.1572e-01, -3.9453e-01,  ...,  2.9062e+00,
          -4.7812e+00, -5.9062e+00],
         [ 7.3047e-01,  1.1670e-01,  1.0625e+00,  ...,  5.7812e+00,
           8.6719e-01,  9.7656e-01],
         [-2.6758e-01,  1.3281e-01, -7.7344e-01,  ...,  2.2969e+00,
          -3.9062e+00, -1.2812e+00]],

        [[ 4.1992e-01,  1.3379e-01,  3.2422e-01,  ...,  6.1250e+00,
           2.3438e+00, -3.2812e+00],
         [-2.4316e-01, -3.6523e-01, -3.0664e-01,  ..., -2.5625e+00,
          -9.2969e-01, -2.6250e+00],
         [-8.3984e-02, -4.4434e-02, -4.2969e-01,  ...,  9.0625e-01,
          -1.6309e-01, -1.9453e+00],
         ...,
         [ 6.0156e-01, -1.6895e-01, -7.4219e-01,  ...,  2.3281e+00,
          -5.3750e+00, -6.6875e+00],
         [-9.2773e-02,  9.5215e-02, -7.5391e-01,  ...,  2.3438e+00,
           1.4531e+00,  1.9766e+00],
         [-2.9492e-01,  1.9629e-01, -3.8818e-02,  ...,  1.1484e+00,
          -2.2656e+00, -8.5938e-01]],

        ...,

        [[ 8.2031e-02, -1.2756e-02,  6.3672e-01,  ...,  4.0312e+00,
           4.0938e+00, -1.5547e+00],
         [-1.1172e+00,  1.8188e-02, -9.5703e-02,  ..., -2.4688e+00,
           2.3125e+00, -1.5469e+00],
         [ 1.4219e+00,  6.4453e-02, -1.4141e+00,  ...,  2.5938e+00,
           3.3750e+00, -2.4062e+00],
         ...,
         [-7.8125e-01,  1.4551e-01,  4.2969e-02,  ...,  1.6250e+00,
          -2.6406e+00, -5.0000e+00],
         [ 1.2031e+00, -8.6426e-02, -4.2188e-01,  ...,  2.4844e+00,
           1.8125e+00,  1.4062e-01],
         [-1.3438e+00, -1.2817e-03, -4.0625e-01,  ...,  1.2344e+00,
          -3.9688e+00, -1.9434e-01]],

        [[-9.5703e-01, -2.7832e-02,  5.8594e-01,  ...,  3.5156e+00,
          -3.6562e+00, -3.5938e+00],
         [ 4.0234e-01, -5.5542e-03,  1.1172e+00,  ...,  3.2500e+00,
          -4.4531e-01,  1.7188e+00],
         [ 2.4219e+00, -8.8501e-03,  1.9531e-01,  ...,  1.5547e+00,
           7.9297e-01, -2.5000e+00],
         ...,
         [ 5.0781e-01, -9.3079e-04, -1.1797e+00,  ...,  6.2188e+00,
          -3.5000e+00, -9.8125e+00],
         [-1.6250e+00, -8.5449e-03, -2.0000e+00,  ...,  3.9531e+00,
           7.8125e-01,  3.2422e-01],
         [-3.0078e-01, -1.5381e-02,  5.7031e-01,  ..., -1.6211e-01,
          -1.8750e+00, -2.9531e+00]],

        [[-8.3594e-01,  1.2451e-02,  9.2969e-01,  ...,  7.7500e+00,
           7.5391e-01, -1.4688e+00],
         [ 8.4375e-01, -1.1475e-01, -1.4922e+00,  ..., -1.9453e+00,
           3.7188e+00, -1.9629e-01],
         [ 4.0039e-01, -3.2959e-03,  1.4062e+00,  ...,  2.3594e+00,
           1.2578e+00, -2.6406e+00],
         ...,
         [-3.1006e-02, -7.4219e-02, -1.2891e+00,  ...,  2.2812e+00,
          -1.3906e+00, -5.8438e+00],
         [-1.2891e+00,  1.6504e-01, -1.4062e+00,  ...,  8.2422e-01,
          -5.6250e-01,  7.7344e-01],
         [ 9.6484e-01,  1.3965e-01,  9.8438e-01,  ..., -1.6953e+00,
           1.8555e-01, -1.1562e+00]]], device='cuda:0', dtype=torch.bfloat16)
tensor([[[-1.0620e-02, -1.8555e-02, -3.1250e-02,  ...,  2.3281e+00,
           4.1875e+00, -4.2500e+00],
         [ 7.4387e-04, -3.0518e-02,  1.0010e-02,  ..., -8.6328e-01,
          -2.5977e-01, -2.8125e+00],
         [ 1.2085e-02, -2.9541e-02,  2.2339e-02,  ...,  1.8047e+00,
          -1.0938e+00, -3.7031e+00],
         ...,
         [-3.8574e-02,  1.2512e-03,  4.2236e-02,  ..., -9.3359e-01,
           6.3672e-01, -1.1562e+00],
         [-1.6602e-02,  3.3447e-02,  5.0537e-02,  ...,  4.5117e-01,
           2.6172e-01,  2.4062e+00],
         [-2.4902e-02,  2.6489e-02, -3.8818e-02,  ...,  1.5625e+00,
          -2.1387e-01, -8.6719e-01]],

        [[ 5.3125e-01,  7.9102e-02, -1.4375e+00,  ...,  3.5000e+00,
          -1.1016e+00, -2.7031e+00],
         [-1.0078e+00, -1.7578e-01,  1.0391e+00,  ..., -3.4375e+00,
          -4.6875e-01, -1.4375e+00],
         [-1.0469e+00, -4.5410e-02, -1.6250e+00,  ...,  4.7070e-01,
          -7.5391e-01, -1.9844e+00],
         ...,
         [-1.6992e-01, -1.1572e-01, -3.9453e-01,  ...,  2.9062e+00,
          -4.7812e+00, -5.9062e+00],
         [ 7.3047e-01,  1.1670e-01,  1.0625e+00,  ...,  5.7812e+00,
           8.6719e-01,  9.7656e-01],
         [-2.6758e-01,  1.3281e-01, -7.7344e-01,  ...,  2.2969e+00,
          -3.9062e+00, -1.2812e+00]],

        [[ 4.1992e-01,  1.3379e-01,  3.2422e-01,  ...,  6.1250e+00,
           2.3438e+00, -3.2812e+00],
         [-2.4316e-01, -3.6523e-01, -3.0664e-01,  ..., -2.5625e+00,
          -9.2969e-01, -2.6250e+00],
         [-8.3984e-02, -4.4434e-02, -4.2969e-01,  ...,  9.0625e-01,
          -1.6309e-01, -1.9453e+00],
         ...,
         [ 6.0156e-01, -1.6895e-01, -7.4219e-01,  ...,  2.3281e+00,
          -5.3750e+00, -6.6875e+00],
         [-9.2773e-02,  9.5215e-02, -7.5391e-01,  ...,  2.3438e+00,
           1.4531e+00,  1.9766e+00],
         [-2.9492e-01,  1.9629e-01, -3.8818e-02,  ...,  1.1484e+00,
          -2.2656e+00, -8.5938e-01]],

        ...,

        [[ 8.2031e-02, -1.2756e-02,  6.3672e-01,  ...,  4.0312e+00,
           4.0938e+00, -1.5547e+00],
         [-1.1172e+00,  1.8188e-02, -9.5703e-02,  ..., -2.4688e+00,
           2.3125e+00, -1.5469e+00],
         [ 1.4219e+00,  6.4453e-02, -1.4141e+00,  ...,  2.5938e+00,
           3.3750e+00, -2.4062e+00],
         ...,
         [-7.8125e-01,  1.4551e-01,  4.2969e-02,  ...,  1.6250e+00,
          -2.6406e+00, -5.0000e+00],
         [ 1.2031e+00, -8.6426e-02, -4.2188e-01,  ...,  2.4844e+00,
           1.8125e+00,  1.4062e-01],
         [-1.3438e+00, -1.2817e-03, -4.0625e-01,  ...,  1.2344e+00,
          -3.9688e+00, -1.9434e-01]],

        [[-9.5703e-01, -2.7832e-02,  5.8594e-01,  ...,  3.5156e+00,
          -3.6562e+00, -3.5938e+00],
         [ 4.0234e-01, -5.5542e-03,  1.1172e+00,  ...,  3.2500e+00,
          -4.4531e-01,  1.7188e+00],
         [ 2.4219e+00, -8.8501e-03,  1.9531e-01,  ...,  1.5547e+00,
           7.9297e-01, -2.5000e+00],
         ...,
         [ 5.0781e-01, -9.3079e-04, -1.1797e+00,  ...,  6.2188e+00,
          -3.5000e+00, -9.8125e+00],
         [-1.6250e+00, -8.5449e-03, -2.0000e+00,  ...,  3.9531e+00,
           7.8125e-01,  3.2422e-01],
         [-3.0078e-01, -1.5381e-02,  5.7031e-01,  ..., -1.6211e-01,
          -1.8750e+00, -2.9531e+00]],

        [[-8.3594e-01,  1.2451e-02,  9.2969e-01,  ...,  7.7500e+00,
           7.5391e-01, -1.4688e+00],
         [ 8.4375e-01, -1.1475e-01, -1.4922e+00,  ..., -1.9453e+00,
           3.7188e+00, -1.9629e-01],
         [ 4.0039e-01, -3.2959e-03,  1.4062e+00,  ...,  2.3594e+00,
           1.2578e+00, -2.6406e+00],
         ...,
         [-3.1006e-02, -7.4219e-02, -1.2891e+00,  ...,  2.2812e+00,
          -1.3906e+00, -5.8438e+00],
         [-1.2891e+00,  1.6504e-01, -1.4062e+00,  ...,  8.2422e-01,
          -5.6250e-01,  7.7344e-01],
         [ 9.6484e-01,  1.3965e-01,  9.8438e-01,  ..., -1.6953e+00,
           1.8555e-01, -1.1562e+00]]], device='cuda:0', dtype=torch.bfloat16)
tensor([[[ 4.6631e-02,  1.2634e-02,  4.2480e-02,  ..., -6.8750e+00,
           1.8750e+01, -7.8750e+00],
         [ 1.5793e-03,  5.7678e-03, -1.1902e-03,  ..., -3.6406e+00,
          -1.6797e+00,  5.1562e+00],
         [ 3.0029e-02,  2.2339e-02, -4.1504e-02,  ...,  1.2625e+01,
           5.9766e-01, -2.6406e+00],
         ...,
         [-2.7222e-02,  2.0508e-02,  2.9449e-03,  ...,  2.2250e+01,
          -2.2031e+00, -1.8828e+00],
         [ 3.5400e-02,  4.0283e-02, -6.1035e-03,  ..., -2.2188e+00,
          -3.4844e+00, -4.4375e+00],
         [ 9.8267e-03, -1.9287e-02, -3.6865e-02,  ..., -2.6953e-01,
           3.3594e-01,  2.0215e-01]],

        [[-1.7383e-01, -5.8594e-03,  1.0938e-01,  ..., -4.0625e+00,
           1.9141e+00, -6.6875e+00],
         [-7.8125e-02, -2.6367e-01, -1.4355e-01,  ..., -3.4062e+00,
          -1.6172e+00,  2.7500e+00],
         [-1.2793e-01, -2.1875e-01, -5.8838e-02,  ...,  1.2812e+01,
          -1.2812e+00, -2.6562e+00],
         ...,
         [-1.9629e-01,  5.8203e-01,  4.2236e-02,  ...,  4.4062e+00,
          -4.8750e+00, -7.4375e+00],
         [-7.3730e-02, -3.5547e-01, -1.7188e-01,  ..., -3.9062e-01,
          -1.0312e+01, -2.2812e+00],
         [ 5.2734e-01,  1.2891e-01, -5.4321e-03,  ..., -1.1875e+00,
           3.0469e-01, -2.0469e+00]],

        [[-7.0801e-02, -1.4941e-01,  6.7871e-02,  ..., -4.9062e+00,
           2.6406e+00, -7.1875e+00],
         [-4.4141e-01,  9.5215e-03,  9.2773e-03,  ..., -3.4531e+00,
          -2.2344e+00,  5.5938e+00],
         [ 3.1836e-01, -4.5166e-02, -3.3447e-02,  ...,  1.3562e+01,
          -1.3203e+00, -2.1875e+00],
         ...,
         [-3.3594e-01,  1.2695e-02,  5.7617e-02,  ...,  5.5312e+00,
          -4.3438e+00, -9.1250e+00],
         [-1.1230e-02, -2.3633e-01, -6.3477e-02,  ..., -1.9219e+00,
          -1.0000e+01, -1.9297e+00],
         [-1.4258e-01,  7.5195e-02,  9.5215e-03,  ..., -1.2793e-01,
           2.4316e-01, -2.9844e+00]],

        ...,

        [[-9.2578e-01,  3.2812e-01,  5.5176e-02,  ..., -4.8750e+00,
           1.0234e+00, -4.8438e+00],
         [-6.4453e-01, -1.5137e-01, -4.8096e-02,  ..., -2.8906e+00,
          -2.8750e+00,  5.6250e+00],
         [-9.9219e-01,  6.3477e-02, -3.6621e-02,  ...,  1.0312e+01,
          -1.4648e-01, -2.8125e+00],
         ...,
         [ 9.8633e-02,  3.0664e-01,  7.7148e-02,  ...,  1.9297e+00,
          -6.7812e+00, -9.1875e+00],
         [ 7.5781e-01,  5.1758e-02, -8.1543e-02,  ..., -2.1406e+00,
          -1.3188e+01, -7.7734e-01],
         [-1.6641e+00,  1.7090e-01,  1.8555e-02,  ..., -4.6289e-01,
           2.9492e-01, -7.4609e-01]],

        [[-7.2266e-01,  1.9141e-01,  6.4697e-03,  ..., -3.9062e+00,
           5.7422e-01, -8.0625e+00],
         [-1.0312e+00, -1.4648e-01,  1.0889e-01,  ..., -1.9141e+00,
          -8.3594e-01,  2.6562e+00],
         [-1.1406e+00,  3.5547e-01,  9.8633e-02,  ...,  8.3125e+00,
           1.6797e+00, -1.8359e+00],
         ...,
         [ 1.1172e+00,  4.6484e-01, -7.4158e-03,  ...,  4.8750e+00,
          -5.2188e+00, -8.5000e+00],
         [ 2.0156e+00, -2.5586e-01,  5.2979e-02,  ...,  1.6953e+00,
          -1.3500e+01, -6.7578e-01],
         [-2.0312e+00, -2.0020e-01, -6.4392e-03,  ..., -3.5352e-01,
          -4.2188e-01, -1.4141e+00]],

        [[ 1.1719e-01,  8.2031e-02, -8.9355e-02,  ..., -3.2344e+00,
           2.0938e+00, -6.5938e+00],
         [ 5.3711e-02, -3.9648e-01,  1.9336e-01,  ..., -1.7656e+00,
          -5.5078e-01,  4.9688e+00],
         [-3.0859e-01, -4.3213e-02,  1.4160e-01,  ...,  1.1562e+01,
          -1.0469e+00, -3.4375e+00],
         ...,
         [ 3.4375e-01,  6.0938e-01, -5.4688e-02,  ...,  5.5938e+00,
          -5.6875e+00, -8.9375e+00],
         [ 1.7480e-01, -4.1406e-01,  1.1426e-01,  ..., -1.7109e+00,
          -1.1500e+01,  1.2656e+00],
         [-4.0039e-01,  1.7676e-01,  6.1035e-04,  ...,  1.0234e+00,
           9.1797e-01, -1.1797e+00]]], device='cuda:0', dtype=torch.bfloat16)
tensor([[[ 4.6631e-02,  1.2634e-02,  4.2480e-02,  ..., -6.8750e+00,
           1.8750e+01, -7.8750e+00],
         [ 1.5793e-03,  5.7678e-03, -1.1902e-03,  ..., -3.6406e+00,
          -1.6797e+00,  5.1562e+00],
         [ 3.0029e-02,  2.2339e-02, -4.1504e-02,  ...,  1.2625e+01,
           5.9766e-01, -2.6406e+00],
         ...,
         [-2.7222e-02,  2.0508e-02,  2.9449e-03,  ...,  2.2250e+01,
          -2.2031e+00, -1.8828e+00],
         [ 3.5400e-02,  4.0283e-02, -6.1035e-03,  ..., -2.2188e+00,
          -3.4844e+00, -4.4375e+00],
         [ 9.8267e-03, -1.9287e-02, -3.6865e-02,  ..., -2.6953e-01,
           3.3594e-01,  2.0215e-01]],

        [[-1.7383e-01, -5.8594e-03,  1.0938e-01,  ..., -4.0625e+00,
           1.9141e+00, -6.6875e+00],
         [-7.8125e-02, -2.6367e-01, -1.4355e-01,  ..., -3.4062e+00,
          -1.6172e+00,  2.7500e+00],
         [-1.2793e-01, -2.1875e-01, -5.8838e-02,  ...,  1.2812e+01,
          -1.2812e+00, -2.6562e+00],
         ...,
         [-1.9629e-01,  5.8203e-01,  4.2236e-02,  ...,  4.4062e+00,
          -4.8750e+00, -7.4375e+00],
         [-7.3730e-02, -3.5547e-01, -1.7188e-01,  ..., -3.9062e-01,
          -1.0312e+01, -2.2812e+00],
         [ 5.2734e-01,  1.2891e-01, -5.4321e-03,  ..., -1.1875e+00,
           3.0469e-01, -2.0469e+00]],

        [[-7.0801e-02, -1.4941e-01,  6.7871e-02,  ..., -4.9062e+00,
           2.6406e+00, -7.1875e+00],
         [-4.4141e-01,  9.5215e-03,  9.2773e-03,  ..., -3.4531e+00,
          -2.2344e+00,  5.5938e+00],
         [ 3.1836e-01, -4.5166e-02, -3.3447e-02,  ...,  1.3562e+01,
          -1.3203e+00, -2.1875e+00],
         ...,
         [-3.3594e-01,  1.2695e-02,  5.7617e-02,  ...,  5.5312e+00,
          -4.3438e+00, -9.1250e+00],
         [-1.1230e-02, -2.3633e-01, -6.3477e-02,  ..., -1.9219e+00,
          -1.0000e+01, -1.9297e+00],
         [-1.4258e-01,  7.5195e-02,  9.5215e-03,  ..., -1.2793e-01,
           2.4316e-01, -2.9844e+00]],

        ...,

        [[-9.2578e-01,  3.2812e-01,  5.5176e-02,  ..., -4.8750e+00,
           1.0234e+00, -4.8438e+00],
         [-6.4453e-01, -1.5137e-01, -4.8096e-02,  ..., -2.8906e+00,
          -2.8750e+00,  5.6250e+00],
         [-9.9219e-01,  6.3477e-02, -3.6621e-02,  ...,  1.0312e+01,
          -1.4648e-01, -2.8125e+00],
         ...,
         [ 9.8633e-02,  3.0664e-01,  7.7148e-02,  ...,  1.9297e+00,
          -6.7812e+00, -9.1875e+00],
         [ 7.5781e-01,  5.1758e-02, -8.1543e-02,  ..., -2.1406e+00,
          -1.3188e+01, -7.7734e-01],
         [-1.6641e+00,  1.7090e-01,  1.8555e-02,  ..., -4.6289e-01,
           2.9492e-01, -7.4609e-01]],

        [[-7.2266e-01,  1.9141e-01,  6.4697e-03,  ..., -3.9062e+00,
           5.7422e-01, -8.0625e+00],
         [-1.0312e+00, -1.4648e-01,  1.0889e-01,  ..., -1.9141e+00,
          -8.3594e-01,  2.6562e+00],
         [-1.1406e+00,  3.5547e-01,  9.8633e-02,  ...,  8.3125e+00,
           1.6797e+00, -1.8359e+00],
         ...,
         [ 1.1172e+00,  4.6484e-01, -7.4158e-03,  ...,  4.8750e+00,
          -5.2188e+00, -8.5000e+00],
         [ 2.0156e+00, -2.5586e-01,  5.2979e-02,  ...,  1.6953e+00,
          -1.3500e+01, -6.7578e-01],
         [-2.0312e+00, -2.0020e-01, -6.4392e-03,  ..., -3.5352e-01,
          -4.2188e-01, -1.4141e+00]],

        [[ 1.1719e-01,  8.2031e-02, -8.9355e-02,  ..., -3.2344e+00,
           2.0938e+00, -6.5938e+00],
         [ 5.3711e-02, -3.9648e-01,  1.9336e-01,  ..., -1.7656e+00,
          -5.5078e-01,  4.9688e+00],
         [-3.0859e-01, -4.3213e-02,  1.4160e-01,  ...,  1.1562e+01,
          -1.0469e+00, -3.4375e+00],
         ...,
         [ 3.4375e-01,  6.0938e-01, -5.4688e-02,  ...,  5.5938e+00,
          -5.6875e+00, -8.9375e+00],
         [ 1.7480e-01, -4.1406e-01,  1.1426e-01,  ..., -1.7109e+00,
          -1.1500e+01,  1.2656e+00],
         [-4.0039e-01,  1.7676e-01,  6.1035e-04,  ...,  1.0234e+00,
           9.1797e-01, -1.1797e+00]]], device='cuda:0', dtype=torch.bfloat16)
tensor([[[ 4.6631e-02,  1.2634e-02,  4.2480e-02,  ..., -6.8750e+00,
           1.8750e+01, -7.8750e+00],
         [ 1.5793e-03,  5.7678e-03, -1.1902e-03,  ..., -3.6406e+00,
          -1.6797e+00,  5.1562e+00],
         [ 3.0029e-02,  2.2339e-02, -4.1504e-02,  ...,  1.2625e+01,
           5.9766e-01, -2.6406e+00],
         ...,
         [-2.7222e-02,  2.0508e-02,  2.9449e-03,  ...,  2.2250e+01,
          -2.2031e+00, -1.8828e+00],
         [ 3.5400e-02,  4.0283e-02, -6.1035e-03,  ..., -2.2188e+00,
          -3.4844e+00, -4.4375e+00],
         [ 9.8267e-03, -1.9287e-02, -3.6865e-02,  ..., -2.6953e-01,
           3.3594e-01,  2.0215e-01]],

        [[-1.7383e-01, -5.8594e-03,  1.0938e-01,  ..., -4.0625e+00,
           1.9141e+00, -6.6875e+00],
         [-7.8125e-02, -2.6367e-01, -1.4355e-01,  ..., -3.4062e+00,
          -1.6172e+00,  2.7500e+00],
         [-1.2793e-01, -2.1875e-01, -5.8838e-02,  ...,  1.2812e+01,
          -1.2812e+00, -2.6562e+00],
         ...,
         [-1.9629e-01,  5.8203e-01,  4.2236e-02,  ...,  4.4062e+00,
          -4.8750e+00, -7.4375e+00],
         [-7.3730e-02, -3.5547e-01, -1.7188e-01,  ..., -3.9062e-01,
          -1.0312e+01, -2.2812e+00],
         [ 5.2734e-01,  1.2891e-01, -5.4321e-03,  ..., -1.1875e+00,
           3.0469e-01, -2.0469e+00]],

        [[-7.0801e-02, -1.4941e-01,  6.7871e-02,  ..., -4.9062e+00,
           2.6406e+00, -7.1875e+00],
         [-4.4141e-01,  9.5215e-03,  9.2773e-03,  ..., -3.4531e+00,
          -2.2344e+00,  5.5938e+00],
         [ 3.1836e-01, -4.5166e-02, -3.3447e-02,  ...,  1.3562e+01,
          -1.3203e+00, -2.1875e+00],
         ...,
         [-3.3594e-01,  1.2695e-02,  5.7617e-02,  ...,  5.5312e+00,
          -4.3438e+00, -9.1250e+00],
         [-1.1230e-02, -2.3633e-01, -6.3477e-02,  ..., -1.9219e+00,
          -1.0000e+01, -1.9297e+00],
         [-1.4258e-01,  7.5195e-02,  9.5215e-03,  ..., -1.2793e-01,
           2.4316e-01, -2.9844e+00]],

        ...,

        [[-9.2578e-01,  3.2812e-01,  5.5176e-02,  ..., -4.8750e+00,
           1.0234e+00, -4.8438e+00],
         [-6.4453e-01, -1.5137e-01, -4.8096e-02,  ..., -2.8906e+00,
          -2.8750e+00,  5.6250e+00],
         [-9.9219e-01,  6.3477e-02, -3.6621e-02,  ...,  1.0312e+01,
          -1.4648e-01, -2.8125e+00],
         ...,
         [ 9.8633e-02,  3.0664e-01,  7.7148e-02,  ...,  1.9297e+00,
          -6.7812e+00, -9.1875e+00],
         [ 7.5781e-01,  5.1758e-02, -8.1543e-02,  ..., -2.1406e+00,
          -1.3188e+01, -7.7734e-01],
         [-1.6641e+00,  1.7090e-01,  1.8555e-02,  ..., -4.6289e-01,
           2.9492e-01, -7.4609e-01]],

        [[-7.2266e-01,  1.9141e-01,  6.4697e-03,  ..., -3.9062e+00,
           5.7422e-01, -8.0625e+00],
         [-1.0312e+00, -1.4648e-01,  1.0889e-01,  ..., -1.9141e+00,
          -8.3594e-01,  2.6562e+00],
         [-1.1406e+00,  3.5547e-01,  9.8633e-02,  ...,  8.3125e+00,
           1.6797e+00, -1.8359e+00],
         ...,
         [ 1.1172e+00,  4.6484e-01, -7.4158e-03,  ...,  4.8750e+00,
          -5.2188e+00, -8.5000e+00],
         [ 2.0156e+00, -2.5586e-01,  5.2979e-02,  ...,  1.6953e+00,
          -1.3500e+01, -6.7578e-01],
         [-2.0312e+00, -2.0020e-01, -6.4392e-03,  ..., -3.5352e-01,
          -4.2188e-01, -1.4141e+00]],

        [[ 1.1719e-01,  8.2031e-02, -8.9355e-02,  ..., -3.2344e+00,
           2.0938e+00, -6.5938e+00],
         [ 5.3711e-02, -3.9648e-01,  1.9336e-01,  ..., -1.7656e+00,
          -5.5078e-01,  4.9688e+00],
         [-3.0859e-01, -4.3213e-02,  1.4160e-01,  ...,  1.1562e+01,
          -1.0469e+00, -3.4375e+00],
         ...,
         [ 3.4375e-01,  6.0938e-01, -5.4688e-02,  ...,  5.5938e+00,
          -5.6875e+00, -8.9375e+00],
         [ 1.7480e-01, -4.1406e-01,  1.1426e-01,  ..., -1.7109e+00,
          -1.1500e+01,  1.2656e+00],
         [-4.0039e-01,  1.7676e-01,  6.1035e-04,  ...,  1.0234e+00,
           9.1797e-01, -1.1797e+00]]], device='cuda:0', dtype=torch.bfloat16)
tensor([[[-1.6357e-02,  2.3804e-03, -7.6294e-03,  ...,  1.1719e+00,
          -3.0781e+00, -3.6523e-01],
         [-2.0508e-02, -7.4463e-03, -2.8809e-02,  ...,  4.6562e+00,
          -1.7500e+01,  2.9219e+00],
         [ 2.8564e-02, -1.6479e-02, -5.9204e-03,  ...,  1.4282e-02,
          -3.8594e+00,  4.6484e-01],
         ...,
         [-4.9805e-02, -1.0681e-02, -1.0437e-02,  ...,  1.0469e+00,
           1.7734e+00, -5.5469e-01],
         [ 3.7354e-02,  4.3457e-02,  2.0264e-02,  ..., -4.2812e+00,
          -4.7188e+00,  4.9062e+00],
         [ 1.3184e-02,  1.3916e-02, -3.7598e-02,  ..., -5.5938e+00,
          -4.5508e-01,  5.4297e-01]],

        [[ 2.2812e+00, -1.5312e+00, -1.5469e+00,  ..., -7.2656e-01,
          -1.3125e+00,  4.5166e-02],
         [ 1.0938e+00, -3.0518e-02,  1.1562e+00,  ...,  2.2812e+00,
          -2.0156e+00,  2.6875e+00],
         [ 2.1289e-01, -3.0762e-02,  6.7578e-01,  ..., -7.9688e-01,
          -3.2969e+00, -5.5469e-01],
         ...,
         [ 6.8359e-01, -2.0898e-01, -1.8359e-01,  ...,  6.2500e-01,
          -2.2656e-01, -5.4297e-01],
         [ 1.0889e-01, -5.7812e-01,  1.3281e-01,  ..., -7.1875e-01,
           4.3359e-01,  4.9062e+00],
         [ 1.0742e-01,  7.8906e-01,  4.9316e-02,  ..., -2.0469e+00,
          -1.0500e+01,  1.8125e+00]],

        [[ 2.7148e-01,  5.0781e-02, -3.9453e-01,  ...,  7.1484e-01,
          -1.9375e+00, -4.8633e-01],
         [-1.7090e-01,  1.4587e-02,  8.0859e-01,  ...,  5.0625e+00,
          -3.6094e+00,  4.0312e+00],
         [ 1.9775e-02,  2.3682e-02,  1.0254e-01,  ...,  6.4453e-01,
          -3.1250e+00, -8.7500e-01],
         ...,
         [ 5.1953e-01, -3.6621e-03, -6.2988e-02,  ...,  1.5547e+00,
           1.8516e+00,  4.7266e-01],
         [-4.3555e-01,  2.9541e-02,  4.5898e-01,  ..., -3.2188e+00,
          -3.5469e+00,  4.8125e+00],
         [-1.0938e-01, -5.8594e-03,  6.8359e-02,  ..., -2.8281e+00,
          -9.3750e+00,  1.4688e+00]],

        ...,

        [[-1.7891e+00, -1.2500e+00, -1.4531e+00,  ...,  4.0039e-01,
          -2.0781e+00, -7.2266e-01],
         [-1.0156e+00, -7.1484e-01, -9.6680e-02,  ...,  3.4688e+00,
          -2.2812e+00,  3.9844e+00],
         [ 1.5918e-01, -4.3359e-01, -3.0859e-01,  ...,  9.6484e-01,
          -2.1250e+00,  9.4922e-01],
         ...,
         [-1.5625e-01, -1.8164e-01,  3.0859e-01,  ..., -1.3281e+00,
           5.0391e-01, -1.0781e+00],
         [ 7.8125e-02, -3.3594e-01, -2.2461e-02,  ..., -8.2422e-01,
          -1.2109e+00,  3.9844e+00],
         [-2.6953e-01,  4.3945e-01,  1.1250e+00,  ..., -2.2812e+00,
          -1.1938e+01,  1.4922e+00]],

        [[-2.8750e+00, -2.2812e+00, -1.3906e+00,  ..., -3.7109e-01,
          -7.8906e-01, -3.7109e-01],
         [-1.1172e+00, -2.1719e+00, -1.5547e+00,  ...,  8.5938e-01,
          -2.5938e+00,  4.2812e+00],
         [-9.2969e-01, -1.2266e+00, -1.7109e+00,  ...,  1.8750e+00,
          -9.1016e-01,  1.9609e+00],
         ...,
         [-1.6328e+00, -1.7422e+00,  1.6797e+00,  ...,  1.6016e-01,
           9.3359e-01, -1.6016e-01],
         [-3.9062e-01, -1.5312e+00, -1.2969e+00,  ..., -1.4219e+00,
          -1.5703e+00,  3.1875e+00],
         [ 8.3594e-01,  7.6562e-01,  7.3438e-01,  ..., -4.8750e+00,
          -1.0875e+01,  6.2109e-01]],

        [[ 5.6641e-02, -1.0391e+00,  3.5938e-01,  ...,  6.8750e-01,
          -2.1094e+00, -8.7500e-01],
         [ 4.4922e-01, -8.1250e-01, -1.1094e+00,  ...,  9.4922e-01,
          -2.7031e+00,  6.1250e+00],
         [-4.5312e-01, -5.8203e-01, -6.2500e-01,  ...,  5.2344e-01,
           8.3203e-01,  9.7656e-01],
         ...,
         [-1.2109e-01, -4.5703e-01,  4.1016e-01,  ...,  7.5391e-01,
           3.2656e+00,  2.4688e+00],
         [-1.1426e-01, -5.0391e-01, -8.3008e-03,  ..., -1.0312e+00,
          -3.2188e+00,  1.3906e+00],
         [-2.3633e-01,  7.0312e-01,  1.0547e-01,  ..., -2.8906e+00,
          -1.2750e+01,  2.7734e-01]]], device='cuda:0', dtype=torch.bfloat16)
tensor([[[-1.6357e-02,  2.3804e-03, -7.6294e-03,  ...,  1.1719e+00,
          -3.0781e+00, -3.6523e-01],
         [-2.0508e-02, -7.4463e-03, -2.8809e-02,  ...,  4.6562e+00,
          -1.7500e+01,  2.9219e+00],
         [ 2.8564e-02, -1.6479e-02, -5.9204e-03,  ...,  1.4282e-02,
          -3.8594e+00,  4.6484e-01],
         ...,
         [-4.9805e-02, -1.0681e-02, -1.0437e-02,  ...,  1.0469e+00,
           1.7734e+00, -5.5469e-01],
         [ 3.7354e-02,  4.3457e-02,  2.0264e-02,  ..., -4.2812e+00,
          -4.7188e+00,  4.9062e+00],
         [ 1.3184e-02,  1.3916e-02, -3.7598e-02,  ..., -5.5938e+00,
          -4.5508e-01,  5.4297e-01]],

        [[ 2.2812e+00, -1.5312e+00, -1.5469e+00,  ..., -7.2656e-01,
          -1.3125e+00,  4.5166e-02],
         [ 1.0938e+00, -3.0518e-02,  1.1562e+00,  ...,  2.2812e+00,
          -2.0156e+00,  2.6875e+00],
         [ 2.1289e-01, -3.0762e-02,  6.7578e-01,  ..., -7.9688e-01,
          -3.2969e+00, -5.5469e-01],
         ...,
         [ 6.8359e-01, -2.0898e-01, -1.8359e-01,  ...,  6.2500e-01,
          -2.2656e-01, -5.4297e-01],
         [ 1.0889e-01, -5.7812e-01,  1.3281e-01,  ..., -7.1875e-01,
           4.3359e-01,  4.9062e+00],
         [ 1.0742e-01,  7.8906e-01,  4.9316e-02,  ..., -2.0469e+00,
          -1.0500e+01,  1.8125e+00]],

        [[ 2.7148e-01,  5.0781e-02, -3.9453e-01,  ...,  7.1484e-01,
          -1.9375e+00, -4.8633e-01],
         [-1.7090e-01,  1.4587e-02,  8.0859e-01,  ...,  5.0625e+00,
          -3.6094e+00,  4.0312e+00],
         [ 1.9775e-02,  2.3682e-02,  1.0254e-01,  ...,  6.4453e-01,
          -3.1250e+00, -8.7500e-01],
         ...,
         [ 5.1953e-01, -3.6621e-03, -6.2988e-02,  ...,  1.5547e+00,
           1.8516e+00,  4.7266e-01],
         [-4.3555e-01,  2.9541e-02,  4.5898e-01,  ..., -3.2188e+00,
          -3.5469e+00,  4.8125e+00],
         [-1.0938e-01, -5.8594e-03,  6.8359e-02,  ..., -2.8281e+00,
          -9.3750e+00,  1.4688e+00]],

        ...,

        [[-1.7891e+00, -1.2500e+00, -1.4531e+00,  ...,  4.0039e-01,
          -2.0781e+00, -7.2266e-01],
         [-1.0156e+00, -7.1484e-01, -9.6680e-02,  ...,  3.4688e+00,
          -2.2812e+00,  3.9844e+00],
         [ 1.5918e-01, -4.3359e-01, -3.0859e-01,  ...,  9.6484e-01,
          -2.1250e+00,  9.4922e-01],
         ...,
         [-1.5625e-01, -1.8164e-01,  3.0859e-01,  ..., -1.3281e+00,
           5.0391e-01, -1.0781e+00],
         [ 7.8125e-02, -3.3594e-01, -2.2461e-02,  ..., -8.2422e-01,
          -1.2109e+00,  3.9844e+00],
         [-2.6953e-01,  4.3945e-01,  1.1250e+00,  ..., -2.2812e+00,
          -1.1938e+01,  1.4922e+00]],

        [[-2.8750e+00, -2.2812e+00, -1.3906e+00,  ..., -3.7109e-01,
          -7.8906e-01, -3.7109e-01],
         [-1.1172e+00, -2.1719e+00, -1.5547e+00,  ...,  8.5938e-01,
          -2.5938e+00,  4.2812e+00],
         [-9.2969e-01, -1.2266e+00, -1.7109e+00,  ...,  1.8750e+00,
          -9.1016e-01,  1.9609e+00],
         ...,
         [-1.6328e+00, -1.7422e+00,  1.6797e+00,  ...,  1.6016e-01,
           9.3359e-01, -1.6016e-01],
         [-3.9062e-01, -1.5312e+00, -1.2969e+00,  ..., -1.4219e+00,
          -1.5703e+00,  3.1875e+00],
         [ 8.3594e-01,  7.6562e-01,  7.3438e-01,  ..., -4.8750e+00,
          -1.0875e+01,  6.2109e-01]],

        [[ 5.6641e-02, -1.0391e+00,  3.5938e-01,  ...,  6.8750e-01,
          -2.1094e+00, -8.7500e-01],
         [ 4.4922e-01, -8.1250e-01, -1.1094e+00,  ...,  9.4922e-01,
          -2.7031e+00,  6.1250e+00],
         [-4.5312e-01, -5.8203e-01, -6.2500e-01,  ...,  5.2344e-01,
           8.3203e-01,  9.7656e-01],
         ...,
         [-1.2109e-01, -4.5703e-01,  4.1016e-01,  ...,  7.5391e-01,
           3.2656e+00,  2.4688e+00],
         [-1.1426e-01, -5.0391e-01, -8.3008e-03,  ..., -1.0312e+00,
          -3.2188e+00,  1.3906e+00],
         [-2.3633e-01,  7.0312e-01,  1.0547e-01,  ..., -2.8906e+00,
          -1.2750e+01,  2.7734e-01]]], device='cuda:0', dtype=torch.bfloat16)
tensor([[[-1.6357e-02,  2.3804e-03, -7.6294e-03,  ...,  1.1719e+00,
          -3.0781e+00, -3.6523e-01],
         [-2.0508e-02, -7.4463e-03, -2.8809e-02,  ...,  4.6562e+00,
          -1.7500e+01,  2.9219e+00],
         [ 2.8564e-02, -1.6479e-02, -5.9204e-03,  ...,  1.4282e-02,
          -3.8594e+00,  4.6484e-01],
         ...,
         [-4.9805e-02, -1.0681e-02, -1.0437e-02,  ...,  1.0469e+00,
           1.7734e+00, -5.5469e-01],
         [ 3.7354e-02,  4.3457e-02,  2.0264e-02,  ..., -4.2812e+00,
          -4.7188e+00,  4.9062e+00],
         [ 1.3184e-02,  1.3916e-02, -3.7598e-02,  ..., -5.5938e+00,
          -4.5508e-01,  5.4297e-01]],

        [[ 2.2812e+00, -1.5312e+00, -1.5469e+00,  ..., -7.2656e-01,
          -1.3125e+00,  4.5166e-02],
         [ 1.0938e+00, -3.0518e-02,  1.1562e+00,  ...,  2.2812e+00,
          -2.0156e+00,  2.6875e+00],
         [ 2.1289e-01, -3.0762e-02,  6.7578e-01,  ..., -7.9688e-01,
          -3.2969e+00, -5.5469e-01],
         ...,
         [ 6.8359e-01, -2.0898e-01, -1.8359e-01,  ...,  6.2500e-01,
          -2.2656e-01, -5.4297e-01],
         [ 1.0889e-01, -5.7812e-01,  1.3281e-01,  ..., -7.1875e-01,
           4.3359e-01,  4.9062e+00],
         [ 1.0742e-01,  7.8906e-01,  4.9316e-02,  ..., -2.0469e+00,
          -1.0500e+01,  1.8125e+00]],

        [[ 2.7148e-01,  5.0781e-02, -3.9453e-01,  ...,  7.1484e-01,
          -1.9375e+00, -4.8633e-01],
         [-1.7090e-01,  1.4587e-02,  8.0859e-01,  ...,  5.0625e+00,
          -3.6094e+00,  4.0312e+00],
         [ 1.9775e-02,  2.3682e-02,  1.0254e-01,  ...,  6.4453e-01,
          -3.1250e+00, -8.7500e-01],
         ...,
         [ 5.1953e-01, -3.6621e-03, -6.2988e-02,  ...,  1.5547e+00,
           1.8516e+00,  4.7266e-01],
         [-4.3555e-01,  2.9541e-02,  4.5898e-01,  ..., -3.2188e+00,
          -3.5469e+00,  4.8125e+00],
         [-1.0938e-01, -5.8594e-03,  6.8359e-02,  ..., -2.8281e+00,
          -9.3750e+00,  1.4688e+00]],

        ...,

        [[-1.7891e+00, -1.2500e+00, -1.4531e+00,  ...,  4.0039e-01,
          -2.0781e+00, -7.2266e-01],
         [-1.0156e+00, -7.1484e-01, -9.6680e-02,  ...,  3.4688e+00,
          -2.2812e+00,  3.9844e+00],
         [ 1.5918e-01, -4.3359e-01, -3.0859e-01,  ...,  9.6484e-01,
          -2.1250e+00,  9.4922e-01],
         ...,
         [-1.5625e-01, -1.8164e-01,  3.0859e-01,  ..., -1.3281e+00,
           5.0391e-01, -1.0781e+00],
         [ 7.8125e-02, -3.3594e-01, -2.2461e-02,  ..., -8.2422e-01,
          -1.2109e+00,  3.9844e+00],
         [-2.6953e-01,  4.3945e-01,  1.1250e+00,  ..., -2.2812e+00,
          -1.1938e+01,  1.4922e+00]],

        [[-2.8750e+00, -2.2812e+00, -1.3906e+00,  ..., -3.7109e-01,
          -7.8906e-01, -3.7109e-01],
         [-1.1172e+00, -2.1719e+00, -1.5547e+00,  ...,  8.5938e-01,
          -2.5938e+00,  4.2812e+00],
         [-9.2969e-01, -1.2266e+00, -1.7109e+00,  ...,  1.8750e+00,
          -9.1016e-01,  1.9609e+00],
         ...,
         [-1.6328e+00, -1.7422e+00,  1.6797e+00,  ...,  1.6016e-01,
           9.3359e-01, -1.6016e-01],
         [-3.9062e-01, -1.5312e+00, -1.2969e+00,  ..., -1.4219e+00,
          -1.5703e+00,  3.1875e+00],
         [ 8.3594e-01,  7.6562e-01,  7.3438e-01,  ..., -4.8750e+00,
          -1.0875e+01,  6.2109e-01]],

        [[ 5.6641e-02, -1.0391e+00,  3.5938e-01,  ...,  6.8750e-01,
          -2.1094e+00, -8.7500e-01],
         [ 4.4922e-01, -8.1250e-01, -1.1094e+00,  ...,  9.4922e-01,
          -2.7031e+00,  6.1250e+00],
         [-4.5312e-01, -5.8203e-01, -6.2500e-01,  ...,  5.2344e-01,
           8.3203e-01,  9.7656e-01],
         ...,
         [-1.2109e-01, -4.5703e-01,  4.1016e-01,  ...,  7.5391e-01,
           3.2656e+00,  2.4688e+00],
         [-1.1426e-01, -5.0391e-01, -8.3008e-03,  ..., -1.0312e+00,
          -3.2188e+00,  1.3906e+00],
         [-2.3633e-01,  7.0312e-01,  1.0547e-01,  ..., -2.8906e+00,
          -1.2750e+01,  2.7734e-01]]], device='cuda:0', dtype=torch.bfloat16)
tensor([[[ 2.6367e-02,  1.9043e-02, -2.8442e-02,  ..., -2.6094e+00,
           1.5312e+00, -2.4844e+00],
         [-1.8158e-03, -3.2227e-02,  3.6011e-03,  ...,  1.3938e+01,
          -3.9307e-02,  1.9453e+00],
         [ 2.2888e-03, -1.0010e-02,  3.0365e-03,  ..., -3.7656e+00,
           3.0781e+00, -2.3125e+00],
         ...,
         [ 1.8921e-02, -2.8076e-02, -6.5613e-03,  ...,  8.4375e-01,
           1.4766e+00,  4.8047e-01],
         [-5.6396e-02,  4.9744e-03,  3.9307e-02,  ...,  1.6250e+00,
          -6.5234e-01, -2.7875e+01],
         [ 2.3438e-02, -8.7280e-03,  1.0071e-02,  ...,  3.2031e+00,
           1.0469e+00, -6.1328e-01]],

        [[-6.4844e-01,  8.3594e-01,  5.0781e-01,  ..., -2.4062e+00,
          -1.3733e-02, -2.9688e+00],
         [-1.8066e-01,  1.8594e+00, -5.5859e-01,  ...,  1.3750e+00,
          -4.6094e-01,  4.1875e+00],
         [-6.0547e-01, -1.0938e+00, -1.8984e+00,  ...,  1.8672e+00,
           3.7188e+00, -6.8359e-01],
         ...,
         [-2.2188e+00, -1.9375e+00, -3.5938e+00,  ..., -7.5781e-01,
           1.0391e+00,  1.0547e+00],
         [ 2.2500e+00,  2.3047e-01,  7.8125e-03,  ..., -8.4375e-01,
          -5.4375e+00, -1.0312e+01],
         [ 4.9609e-01,  7.3828e-01, -6.1719e-01,  ...,  2.1406e+00,
          -5.7422e-01, -8.0078e-02]],

        [[ 5.9766e-01, -2.0020e-02, -1.1016e+00,  ..., -3.3125e+00,
          -3.1836e-01, -2.1719e+00],
         [-8.4766e-01,  1.6094e+00, -7.9297e-01,  ...,  2.2188e+00,
           1.3125e+00,  2.8281e+00],
         [ 6.6797e-01,  6.2500e-01, -1.6406e-01,  ...,  7.8906e-01,
           5.5312e+00, -9.6094e-01],
         ...,
         [-7.9062e+00, -5.1172e-01, -2.3125e+00,  ...,  2.2070e-01,
           1.3984e+00,  4.1211e-01],
         [ 4.0625e-01,  1.0703e+00,  1.5391e+00,  ..., -3.1250e+00,
          -4.4062e+00, -1.2000e+01],
         [-5.1562e-01,  4.2773e-01,  1.2500e+00,  ...,  2.7656e+00,
          -1.0391e+00, -1.7676e-01]],

        ...,

        [[ 7.1094e-01,  1.2031e+00, -1.1953e+00,  ..., -2.4219e+00,
          -1.7422e+00, -1.6484e+00],
         [ 6.9922e-01, -1.3359e+00, -1.4766e+00,  ...,  5.0000e-01,
           1.4609e+00,  4.3438e+00],
         [ 1.6562e+00, -5.6250e-01, -4.5117e-01,  ...,  1.7109e+00,
           3.3125e+00, -2.4375e+00],
         ...,
         [-8.2500e+00, -1.1328e+00, -2.2500e+00,  ...,  4.8633e-01,
           3.6328e-01,  3.7891e-01],
         [-7.5781e-01, -1.9062e+00,  1.2031e+00,  ..., -1.5781e+00,
          -4.8438e+00, -1.1312e+01],
         [-1.4531e+00,  1.1719e+00,  6.6016e-01,  ...,  2.5156e+00,
          -1.1328e+00, -1.8906e+00]],

        [[ 1.0938e-01,  1.9297e+00, -1.6562e+00,  ..., -3.6719e+00,
          -3.1094e+00, -1.8828e+00],
         [-7.5781e-01, -1.8828e+00, -9.4141e-01,  ...,  2.5156e+00,
          -4.6680e-01,  2.6562e+00],
         [ 2.3438e+00, -1.8047e+00,  5.5078e-01,  ..., -1.0449e-01,
           2.3438e+00, -1.9297e+00],
         ...,
         [-2.2656e+00, -2.0156e+00,  7.5000e-01,  ...,  4.7461e-01,
           6.9141e-01,  1.0078e+00],
         [-6.8750e-01, -8.7500e-01,  2.1250e+00,  ..., -2.9375e+00,
          -7.1562e+00, -9.1875e+00],
         [-6.4062e-01,  1.3984e+00,  1.4219e+00,  ...,  3.4531e+00,
           2.0996e-01,  3.7891e-01]],

        [[ 5.5469e-01,  2.5391e-02, -7.2656e-01,  ..., -2.5781e+00,
          -3.9062e+00, -1.8984e+00],
         [-8.0469e-01,  2.2852e-01, -1.4219e+00,  ...,  1.9219e+00,
           6.2500e-01,  1.4531e+00],
         [-1.2188e+00, -3.1836e-01,  1.4531e+00,  ..., -8.3203e-01,
           3.2969e+00, -2.3906e+00],
         ...,
         [ 4.8438e+00, -1.4375e+00,  1.4609e+00,  ...,  1.0703e+00,
           2.1875e+00,  1.7285e-01],
         [-1.0547e+00,  4.0820e-01,  2.4375e+00,  ...,  1.5820e-01,
          -8.7500e+00, -1.2688e+01],
         [ 8.0469e-01, -3.2227e-01,  1.0469e+00,  ...,  3.3750e+00,
          -9.0625e-01, -5.4297e-01]]], device='cuda:0', dtype=torch.bfloat16)
tensor([[[ 2.6367e-02,  1.9043e-02, -2.8442e-02,  ..., -2.6094e+00,
           1.5312e+00, -2.4844e+00],
         [-1.8158e-03, -3.2227e-02,  3.6011e-03,  ...,  1.3938e+01,
          -3.9307e-02,  1.9453e+00],
         [ 2.2888e-03, -1.0010e-02,  3.0365e-03,  ..., -3.7656e+00,
           3.0781e+00, -2.3125e+00],
         ...,
         [ 1.8921e-02, -2.8076e-02, -6.5613e-03,  ...,  8.4375e-01,
           1.4766e+00,  4.8047e-01],
         [-5.6396e-02,  4.9744e-03,  3.9307e-02,  ...,  1.6250e+00,
          -6.5234e-01, -2.7875e+01],
         [ 2.3438e-02, -8.7280e-03,  1.0071e-02,  ...,  3.2031e+00,
           1.0469e+00, -6.1328e-01]],

        [[-6.4844e-01,  8.3594e-01,  5.0781e-01,  ..., -2.4062e+00,
          -1.3733e-02, -2.9688e+00],
         [-1.8066e-01,  1.8594e+00, -5.5859e-01,  ...,  1.3750e+00,
          -4.6094e-01,  4.1875e+00],
         [-6.0547e-01, -1.0938e+00, -1.8984e+00,  ...,  1.8672e+00,
           3.7188e+00, -6.8359e-01],
         ...,
         [-2.2188e+00, -1.9375e+00, -3.5938e+00,  ..., -7.5781e-01,
           1.0391e+00,  1.0547e+00],
         [ 2.2500e+00,  2.3047e-01,  7.8125e-03,  ..., -8.4375e-01,
          -5.4375e+00, -1.0312e+01],
         [ 4.9609e-01,  7.3828e-01, -6.1719e-01,  ...,  2.1406e+00,
          -5.7422e-01, -8.0078e-02]],

        [[ 5.9766e-01, -2.0020e-02, -1.1016e+00,  ..., -3.3125e+00,
          -3.1836e-01, -2.1719e+00],
         [-8.4766e-01,  1.6094e+00, -7.9297e-01,  ...,  2.2188e+00,
           1.3125e+00,  2.8281e+00],
         [ 6.6797e-01,  6.2500e-01, -1.6406e-01,  ...,  7.8906e-01,
           5.5312e+00, -9.6094e-01],
         ...,
         [-7.9062e+00, -5.1172e-01, -2.3125e+00,  ...,  2.2070e-01,
           1.3984e+00,  4.1211e-01],
         [ 4.0625e-01,  1.0703e+00,  1.5391e+00,  ..., -3.1250e+00,
          -4.4062e+00, -1.2000e+01],
         [-5.1562e-01,  4.2773e-01,  1.2500e+00,  ...,  2.7656e+00,
          -1.0391e+00, -1.7676e-01]],

        ...,

        [[ 7.1094e-01,  1.2031e+00, -1.1953e+00,  ..., -2.4219e+00,
          -1.7422e+00, -1.6484e+00],
         [ 6.9922e-01, -1.3359e+00, -1.4766e+00,  ...,  5.0000e-01,
           1.4609e+00,  4.3438e+00],
         [ 1.6562e+00, -5.6250e-01, -4.5117e-01,  ...,  1.7109e+00,
           3.3125e+00, -2.4375e+00],
         ...,
         [-8.2500e+00, -1.1328e+00, -2.2500e+00,  ...,  4.8633e-01,
           3.6328e-01,  3.7891e-01],
         [-7.5781e-01, -1.9062e+00,  1.2031e+00,  ..., -1.5781e+00,
          -4.8438e+00, -1.1312e+01],
         [-1.4531e+00,  1.1719e+00,  6.6016e-01,  ...,  2.5156e+00,
          -1.1328e+00, -1.8906e+00]],

        [[ 1.0938e-01,  1.9297e+00, -1.6562e+00,  ..., -3.6719e+00,
          -3.1094e+00, -1.8828e+00],
         [-7.5781e-01, -1.8828e+00, -9.4141e-01,  ...,  2.5156e+00,
          -4.6680e-01,  2.6562e+00],
         [ 2.3438e+00, -1.8047e+00,  5.5078e-01,  ..., -1.0449e-01,
           2.3438e+00, -1.9297e+00],
         ...,
         [-2.2656e+00, -2.0156e+00,  7.5000e-01,  ...,  4.7461e-01,
           6.9141e-01,  1.0078e+00],
         [-6.8750e-01, -8.7500e-01,  2.1250e+00,  ..., -2.9375e+00,
          -7.1562e+00, -9.1875e+00],
         [-6.4062e-01,  1.3984e+00,  1.4219e+00,  ...,  3.4531e+00,
           2.0996e-01,  3.7891e-01]],

        [[ 5.5469e-01,  2.5391e-02, -7.2656e-01,  ..., -2.5781e+00,
          -3.9062e+00, -1.8984e+00],
         [-8.0469e-01,  2.2852e-01, -1.4219e+00,  ...,  1.9219e+00,
           6.2500e-01,  1.4531e+00],
         [-1.2188e+00, -3.1836e-01,  1.4531e+00,  ..., -8.3203e-01,
           3.2969e+00, -2.3906e+00],
         ...,
         [ 4.8438e+00, -1.4375e+00,  1.4609e+00,  ...,  1.0703e+00,
           2.1875e+00,  1.7285e-01],
         [-1.0547e+00,  4.0820e-01,  2.4375e+00,  ...,  1.5820e-01,
          -8.7500e+00, -1.2688e+01],
         [ 8.0469e-01, -3.2227e-01,  1.0469e+00,  ...,  3.3750e+00,
          -9.0625e-01, -5.4297e-01]]], device='cuda:0', dtype=torch.bfloat16)
tensor([[[ 2.6367e-02,  1.9043e-02, -2.8442e-02,  ..., -2.6094e+00,
           1.5312e+00, -2.4844e+00],
         [-1.8158e-03, -3.2227e-02,  3.6011e-03,  ...,  1.3938e+01,
          -3.9307e-02,  1.9453e+00],
         [ 2.2888e-03, -1.0010e-02,  3.0365e-03,  ..., -3.7656e+00,
           3.0781e+00, -2.3125e+00],
         ...,
         [ 1.8921e-02, -2.8076e-02, -6.5613e-03,  ...,  8.4375e-01,
           1.4766e+00,  4.8047e-01],
         [-5.6396e-02,  4.9744e-03,  3.9307e-02,  ...,  1.6250e+00,
          -6.5234e-01, -2.7875e+01],
         [ 2.3438e-02, -8.7280e-03,  1.0071e-02,  ...,  3.2031e+00,
           1.0469e+00, -6.1328e-01]],

        [[-6.4844e-01,  8.3594e-01,  5.0781e-01,  ..., -2.4062e+00,
          -1.3733e-02, -2.9688e+00],
         [-1.8066e-01,  1.8594e+00, -5.5859e-01,  ...,  1.3750e+00,
          -4.6094e-01,  4.1875e+00],
         [-6.0547e-01, -1.0938e+00, -1.8984e+00,  ...,  1.8672e+00,
           3.7188e+00, -6.8359e-01],
         ...,
         [-2.2188e+00, -1.9375e+00, -3.5938e+00,  ..., -7.5781e-01,
           1.0391e+00,  1.0547e+00],
         [ 2.2500e+00,  2.3047e-01,  7.8125e-03,  ..., -8.4375e-01,
          -5.4375e+00, -1.0312e+01],
         [ 4.9609e-01,  7.3828e-01, -6.1719e-01,  ...,  2.1406e+00,
          -5.7422e-01, -8.0078e-02]],

        [[ 5.9766e-01, -2.0020e-02, -1.1016e+00,  ..., -3.3125e+00,
          -3.1836e-01, -2.1719e+00],
         [-8.4766e-01,  1.6094e+00, -7.9297e-01,  ...,  2.2188e+00,
           1.3125e+00,  2.8281e+00],
         [ 6.6797e-01,  6.2500e-01, -1.6406e-01,  ...,  7.8906e-01,
           5.5312e+00, -9.6094e-01],
         ...,
         [-7.9062e+00, -5.1172e-01, -2.3125e+00,  ...,  2.2070e-01,
           1.3984e+00,  4.1211e-01],
         [ 4.0625e-01,  1.0703e+00,  1.5391e+00,  ..., -3.1250e+00,
          -4.4062e+00, -1.2000e+01],
         [-5.1562e-01,  4.2773e-01,  1.2500e+00,  ...,  2.7656e+00,
          -1.0391e+00, -1.7676e-01]],

        ...,

        [[ 7.1094e-01,  1.2031e+00, -1.1953e+00,  ..., -2.4219e+00,
          -1.7422e+00, -1.6484e+00],
         [ 6.9922e-01, -1.3359e+00, -1.4766e+00,  ...,  5.0000e-01,
           1.4609e+00,  4.3438e+00],
         [ 1.6562e+00, -5.6250e-01, -4.5117e-01,  ...,  1.7109e+00,
           3.3125e+00, -2.4375e+00],
         ...,
         [-8.2500e+00, -1.1328e+00, -2.2500e+00,  ...,  4.8633e-01,
           3.6328e-01,  3.7891e-01],
         [-7.5781e-01, -1.9062e+00,  1.2031e+00,  ..., -1.5781e+00,
          -4.8438e+00, -1.1312e+01],
         [-1.4531e+00,  1.1719e+00,  6.6016e-01,  ...,  2.5156e+00,
          -1.1328e+00, -1.8906e+00]],

        [[ 1.0938e-01,  1.9297e+00, -1.6562e+00,  ..., -3.6719e+00,
          -3.1094e+00, -1.8828e+00],
         [-7.5781e-01, -1.8828e+00, -9.4141e-01,  ...,  2.5156e+00,
          -4.6680e-01,  2.6562e+00],
         [ 2.3438e+00, -1.8047e+00,  5.5078e-01,  ..., -1.0449e-01,
           2.3438e+00, -1.9297e+00],
         ...,
         [-2.2656e+00, -2.0156e+00,  7.5000e-01,  ...,  4.7461e-01,
           6.9141e-01,  1.0078e+00],
         [-6.8750e-01, -8.7500e-01,  2.1250e+00,  ..., -2.9375e+00,
          -7.1562e+00, -9.1875e+00],
         [-6.4062e-01,  1.3984e+00,  1.4219e+00,  ...,  3.4531e+00,
           2.0996e-01,  3.7891e-01]],

        [[ 5.5469e-01,  2.5391e-02, -7.2656e-01,  ..., -2.5781e+00,
          -3.9062e+00, -1.8984e+00],
         [-8.0469e-01,  2.2852e-01, -1.4219e+00,  ...,  1.9219e+00,
           6.2500e-01,  1.4531e+00],
         [-1.2188e+00, -3.1836e-01,  1.4531e+00,  ..., -8.3203e-01,
           3.2969e+00, -2.3906e+00],
         ...,
         [ 4.8438e+00, -1.4375e+00,  1.4609e+00,  ...,  1.0703e+00,
           2.1875e+00,  1.7285e-01],
         [-1.0547e+00,  4.0820e-01,  2.4375e+00,  ...,  1.5820e-01,
          -8.7500e+00, -1.2688e+01],
         [ 8.0469e-01, -3.2227e-01,  1.0469e+00,  ...,  3.3750e+00,
          -9.0625e-01, -5.4297e-01]]], device='cuda:0', dtype=torch.bfloat16)
tensor([[[-1.4496e-03, -1.6113e-02, -3.7109e-02,  ...,  1.4453e+00,
          -3.9648e-01, -1.7000e+01],
         [ 1.6937e-03, -5.8594e-03, -6.3477e-03,  ...,  3.0859e-01,
          -3.0781e+00,  1.2344e+00],
         [ 9.7046e-03,  3.9368e-03, -2.5787e-03,  ...,  7.9688e-01,
           9.8438e-01, -1.0625e+00],
         ...,
         [ 3.5400e-02,  4.3297e-04,  1.1780e-02,  ...,  7.0312e-01,
           5.5312e+00,  1.0000e+00],
         [ 7.2754e-02, -5.8289e-03,  1.2305e-01,  ...,  9.8438e-01,
           2.3594e+00, -9.1875e+00],
         [-8.2397e-03, -2.0294e-03,  5.7617e-02,  ...,  3.3750e+00,
           2.3250e+01, -3.1250e+00]],

        [[-8.7891e-01,  2.2559e-01,  1.0781e+00,  ...,  2.3125e+00,
          -1.3359e+00, -2.2500e+00],
         [ 1.9766e+00,  7.2266e-02, -2.4062e+00,  ..., -2.2656e+00,
          -1.3438e+00, -3.0000e+00],
         [ 1.0078e+00, -3.1982e-02,  1.5156e+00,  ...,  5.6875e+00,
           2.1973e-01, -3.8594e+00],
         ...,
         [-7.4609e-01, -1.6797e-01, -2.0469e+00,  ...,  6.9062e+00,
          -8.5938e-01,  1.6250e+00],
         [ 1.0703e+00, -1.1084e-01,  1.6250e+00,  ...,  1.0391e+00,
          -5.5000e+00, -3.0781e+00],
         [ 6.2500e-01, -2.6245e-02,  1.5703e+00,  ...,  1.9287e-02,
           8.2500e+00, -3.5625e+00]],

        [[ 6.2500e-02,  3.1641e-01,  8.5938e-02,  ..., -7.8516e-01,
          -7.5781e-01, -4.2188e+00],
         [-3.5352e-01,  1.6504e-01, -1.5625e+00,  ..., -2.7812e+00,
           5.5664e-02, -2.5938e+00],
         [-5.0781e-01,  1.2878e-02, -3.8281e-01,  ...,  6.3125e+00,
           3.3594e-01, -1.2188e+00],
         ...,
         [ 7.2656e-01, -2.0410e-01, -3.0273e-01,  ...,  1.1062e+01,
           4.8438e-01,  2.9688e+00],
         [ 1.4609e+00, -1.9336e-01,  7.6953e-01,  ...,  1.6875e+00,
          -6.0938e+00, -7.9062e+00],
         [ 3.1250e-02, -5.3955e-02,  7.5000e-01,  ...,  8.5156e-01,
           9.4375e+00, -1.9766e+00]],

        ...,

        [[ 7.3438e-01, -1.9922e-01, -1.9297e+00,  ...,  6.6016e-01,
          -4.1992e-01, -2.8750e+00],
         [-2.6250e+00, -8.1543e-02, -1.7891e+00,  ..., -2.0469e+00,
          -1.6094e+00, -4.0938e+00],
         [-1.0938e+00,  7.3242e-02, -6.9531e-01,  ...,  7.8438e+00,
           1.1797e+00, -5.0000e+00],
         ...,
         [ 9.7656e-01,  1.5918e-01, -1.4844e+00,  ...,  1.3062e+01,
          -3.7344e+00, -1.4844e+00],
         [ 1.5391e+00,  1.8945e-01,  4.3359e-01,  ...,  7.8125e+00,
          -3.7500e+00, -2.5156e+00],
         [-1.2695e-01,  7.2266e-02,  3.9453e-01,  ..., -9.1406e-01,
           8.5000e+00,  7.6562e-01]],

        [[ 8.5156e-01, -1.8677e-02, -4.1602e-01,  ..., -1.7734e+00,
           1.3047e+00, -8.4766e-01],
         [-1.7578e-01, -6.1523e-02, -1.0547e+00,  ..., -1.4688e+00,
           3.2812e-01, -4.7188e+00],
         [-1.5859e+00, -1.2024e-02, -1.2969e+00,  ...,  1.7812e+00,
           2.1094e+00, -8.9375e+00],
         ...,
         [ 1.0156e+00,  1.5869e-02, -8.5156e-01,  ...,  1.2250e+01,
          -4.4688e+00,  1.5469e+00],
         [ 2.3047e-01,  2.2339e-02,  4.2383e-01,  ...,  4.0000e+00,
          -4.9688e+00, -1.8125e+00],
         [-8.8281e-01,  3.5889e-02, -8.7891e-01,  ..., -3.2656e+00,
           6.5312e+00, -1.1562e+00]],

        [[-1.4551e-01,  1.6211e-01, -1.8750e+00,  ...,  5.1953e-01,
          -2.7344e-01, -3.4219e+00],
         [-4.2578e-01,  1.2500e-01,  1.2891e-01,  ..., -3.6328e-01,
          -1.8984e+00, -3.9844e+00],
         [-2.7539e-01, -6.8359e-02, -8.5547e-01,  ...,  4.9375e+00,
           2.3125e+00, -5.0000e+00],
         ...,
         [-6.2891e-01, -1.2891e-01,  1.3672e+00,  ...,  8.5625e+00,
          -5.4688e-01,  2.7656e+00],
         [-6.0547e-01, -1.2305e-01,  9.2969e-01,  ...,  2.5625e+00,
          -6.1562e+00, -1.1000e+01],
         [-5.7422e-01,  1.6968e-02, -9.6484e-01,  ..., -5.8750e+00,
           1.0000e+01, -2.1406e+00]]], device='cuda:0', dtype=torch.bfloat16)
tensor([[[-1.4496e-03, -1.6113e-02, -3.7109e-02,  ...,  1.4453e+00,
          -3.9648e-01, -1.7000e+01],
         [ 1.6937e-03, -5.8594e-03, -6.3477e-03,  ...,  3.0859e-01,
          -3.0781e+00,  1.2344e+00],
         [ 9.7046e-03,  3.9368e-03, -2.5787e-03,  ...,  7.9688e-01,
           9.8438e-01, -1.0625e+00],
         ...,
         [ 3.5400e-02,  4.3297e-04,  1.1780e-02,  ...,  7.0312e-01,
           5.5312e+00,  1.0000e+00],
         [ 7.2754e-02, -5.8289e-03,  1.2305e-01,  ...,  9.8438e-01,
           2.3594e+00, -9.1875e+00],
         [-8.2397e-03, -2.0294e-03,  5.7617e-02,  ...,  3.3750e+00,
           2.3250e+01, -3.1250e+00]],

        [[-8.7891e-01,  2.2559e-01,  1.0781e+00,  ...,  2.3125e+00,
          -1.3359e+00, -2.2500e+00],
         [ 1.9766e+00,  7.2266e-02, -2.4062e+00,  ..., -2.2656e+00,
          -1.3438e+00, -3.0000e+00],
         [ 1.0078e+00, -3.1982e-02,  1.5156e+00,  ...,  5.6875e+00,
           2.1973e-01, -3.8594e+00],
         ...,
         [-7.4609e-01, -1.6797e-01, -2.0469e+00,  ...,  6.9062e+00,
          -8.5938e-01,  1.6250e+00],
         [ 1.0703e+00, -1.1084e-01,  1.6250e+00,  ...,  1.0391e+00,
          -5.5000e+00, -3.0781e+00],
         [ 6.2500e-01, -2.6245e-02,  1.5703e+00,  ...,  1.9287e-02,
           8.2500e+00, -3.5625e+00]],

        [[ 6.2500e-02,  3.1641e-01,  8.5938e-02,  ..., -7.8516e-01,
          -7.5781e-01, -4.2188e+00],
         [-3.5352e-01,  1.6504e-01, -1.5625e+00,  ..., -2.7812e+00,
           5.5664e-02, -2.5938e+00],
         [-5.0781e-01,  1.2878e-02, -3.8281e-01,  ...,  6.3125e+00,
           3.3594e-01, -1.2188e+00],
         ...,
         [ 7.2656e-01, -2.0410e-01, -3.0273e-01,  ...,  1.1062e+01,
           4.8438e-01,  2.9688e+00],
         [ 1.4609e+00, -1.9336e-01,  7.6953e-01,  ...,  1.6875e+00,
          -6.0938e+00, -7.9062e+00],
         [ 3.1250e-02, -5.3955e-02,  7.5000e-01,  ...,  8.5156e-01,
           9.4375e+00, -1.9766e+00]],

        ...,

        [[ 7.3438e-01, -1.9922e-01, -1.9297e+00,  ...,  6.6016e-01,
          -4.1992e-01, -2.8750e+00],
         [-2.6250e+00, -8.1543e-02, -1.7891e+00,  ..., -2.0469e+00,
          -1.6094e+00, -4.0938e+00],
         [-1.0938e+00,  7.3242e-02, -6.9531e-01,  ...,  7.8438e+00,
           1.1797e+00, -5.0000e+00],
         ...,
         [ 9.7656e-01,  1.5918e-01, -1.4844e+00,  ...,  1.3062e+01,
          -3.7344e+00, -1.4844e+00],
         [ 1.5391e+00,  1.8945e-01,  4.3359e-01,  ...,  7.8125e+00,
          -3.7500e+00, -2.5156e+00],
         [-1.2695e-01,  7.2266e-02,  3.9453e-01,  ..., -9.1406e-01,
           8.5000e+00,  7.6562e-01]],

        [[ 8.5156e-01, -1.8677e-02, -4.1602e-01,  ..., -1.7734e+00,
           1.3047e+00, -8.4766e-01],
         [-1.7578e-01, -6.1523e-02, -1.0547e+00,  ..., -1.4688e+00,
           3.2812e-01, -4.7188e+00],
         [-1.5859e+00, -1.2024e-02, -1.2969e+00,  ...,  1.7812e+00,
           2.1094e+00, -8.9375e+00],
         ...,
         [ 1.0156e+00,  1.5869e-02, -8.5156e-01,  ...,  1.2250e+01,
          -4.4688e+00,  1.5469e+00],
         [ 2.3047e-01,  2.2339e-02,  4.2383e-01,  ...,  4.0000e+00,
          -4.9688e+00, -1.8125e+00],
         [-8.8281e-01,  3.5889e-02, -8.7891e-01,  ..., -3.2656e+00,
           6.5312e+00, -1.1562e+00]],

        [[-1.4551e-01,  1.6211e-01, -1.8750e+00,  ...,  5.1953e-01,
          -2.7344e-01, -3.4219e+00],
         [-4.2578e-01,  1.2500e-01,  1.2891e-01,  ..., -3.6328e-01,
          -1.8984e+00, -3.9844e+00],
         [-2.7539e-01, -6.8359e-02, -8.5547e-01,  ...,  4.9375e+00,
           2.3125e+00, -5.0000e+00],
         ...,
         [-6.2891e-01, -1.2891e-01,  1.3672e+00,  ...,  8.5625e+00,
          -5.4688e-01,  2.7656e+00],
         [-6.0547e-01, -1.2305e-01,  9.2969e-01,  ...,  2.5625e+00,
          -6.1562e+00, -1.1000e+01],
         [-5.7422e-01,  1.6968e-02, -9.6484e-01,  ..., -5.8750e+00,
           1.0000e+01, -2.1406e+00]]], device='cuda:0', dtype=torch.bfloat16)
tensor([[[-1.4496e-03, -1.6113e-02, -3.7109e-02,  ...,  1.4453e+00,
          -3.9648e-01, -1.7000e+01],
         [ 1.6937e-03, -5.8594e-03, -6.3477e-03,  ...,  3.0859e-01,
          -3.0781e+00,  1.2344e+00],
         [ 9.7046e-03,  3.9368e-03, -2.5787e-03,  ...,  7.9688e-01,
           9.8438e-01, -1.0625e+00],
         ...,
         [ 3.5400e-02,  4.3297e-04,  1.1780e-02,  ...,  7.0312e-01,
           5.5312e+00,  1.0000e+00],
         [ 7.2754e-02, -5.8289e-03,  1.2305e-01,  ...,  9.8438e-01,
           2.3594e+00, -9.1875e+00],
         [-8.2397e-03, -2.0294e-03,  5.7617e-02,  ...,  3.3750e+00,
           2.3250e+01, -3.1250e+00]],

        [[-8.7891e-01,  2.2559e-01,  1.0781e+00,  ...,  2.3125e+00,
          -1.3359e+00, -2.2500e+00],
         [ 1.9766e+00,  7.2266e-02, -2.4062e+00,  ..., -2.2656e+00,
          -1.3438e+00, -3.0000e+00],
         [ 1.0078e+00, -3.1982e-02,  1.5156e+00,  ...,  5.6875e+00,
           2.1973e-01, -3.8594e+00],
         ...,
         [-7.4609e-01, -1.6797e-01, -2.0469e+00,  ...,  6.9062e+00,
          -8.5938e-01,  1.6250e+00],
         [ 1.0703e+00, -1.1084e-01,  1.6250e+00,  ...,  1.0391e+00,
          -5.5000e+00, -3.0781e+00],
         [ 6.2500e-01, -2.6245e-02,  1.5703e+00,  ...,  1.9287e-02,
           8.2500e+00, -3.5625e+00]],

        [[ 6.2500e-02,  3.1641e-01,  8.5938e-02,  ..., -7.8516e-01,
          -7.5781e-01, -4.2188e+00],
         [-3.5352e-01,  1.6504e-01, -1.5625e+00,  ..., -2.7812e+00,
           5.5664e-02, -2.5938e+00],
         [-5.0781e-01,  1.2878e-02, -3.8281e-01,  ...,  6.3125e+00,
           3.3594e-01, -1.2188e+00],
         ...,
         [ 7.2656e-01, -2.0410e-01, -3.0273e-01,  ...,  1.1062e+01,
           4.8438e-01,  2.9688e+00],
         [ 1.4609e+00, -1.9336e-01,  7.6953e-01,  ...,  1.6875e+00,
          -6.0938e+00, -7.9062e+00],
         [ 3.1250e-02, -5.3955e-02,  7.5000e-01,  ...,  8.5156e-01,
           9.4375e+00, -1.9766e+00]],

        ...,

        [[ 7.3438e-01, -1.9922e-01, -1.9297e+00,  ...,  6.6016e-01,
          -4.1992e-01, -2.8750e+00],
         [-2.6250e+00, -8.1543e-02, -1.7891e+00,  ..., -2.0469e+00,
          -1.6094e+00, -4.0938e+00],
         [-1.0938e+00,  7.3242e-02, -6.9531e-01,  ...,  7.8438e+00,
           1.1797e+00, -5.0000e+00],
         ...,
         [ 9.7656e-01,  1.5918e-01, -1.4844e+00,  ...,  1.3062e+01,
          -3.7344e+00, -1.4844e+00],
         [ 1.5391e+00,  1.8945e-01,  4.3359e-01,  ...,  7.8125e+00,
          -3.7500e+00, -2.5156e+00],
         [-1.2695e-01,  7.2266e-02,  3.9453e-01,  ..., -9.1406e-01,
           8.5000e+00,  7.6562e-01]],

        [[ 8.5156e-01, -1.8677e-02, -4.1602e-01,  ..., -1.7734e+00,
           1.3047e+00, -8.4766e-01],
         [-1.7578e-01, -6.1523e-02, -1.0547e+00,  ..., -1.4688e+00,
           3.2812e-01, -4.7188e+00],
         [-1.5859e+00, -1.2024e-02, -1.2969e+00,  ...,  1.7812e+00,
           2.1094e+00, -8.9375e+00],
         ...,
         [ 1.0156e+00,  1.5869e-02, -8.5156e-01,  ...,  1.2250e+01,
          -4.4688e+00,  1.5469e+00],
         [ 2.3047e-01,  2.2339e-02,  4.2383e-01,  ...,  4.0000e+00,
          -4.9688e+00, -1.8125e+00],
         [-8.8281e-01,  3.5889e-02, -8.7891e-01,  ..., -3.2656e+00,
           6.5312e+00, -1.1562e+00]],

        [[-1.4551e-01,  1.6211e-01, -1.8750e+00,  ...,  5.1953e-01,
          -2.7344e-01, -3.4219e+00],
         [-4.2578e-01,  1.2500e-01,  1.2891e-01,  ..., -3.6328e-01,
          -1.8984e+00, -3.9844e+00],
         [-2.7539e-01, -6.8359e-02, -8.5547e-01,  ...,  4.9375e+00,
           2.3125e+00, -5.0000e+00],
         ...,
         [-6.2891e-01, -1.2891e-01,  1.3672e+00,  ...,  8.5625e+00,
          -5.4688e-01,  2.7656e+00],
         [-6.0547e-01, -1.2305e-01,  9.2969e-01,  ...,  2.5625e+00,
          -6.1562e+00, -1.1000e+01],
         [-5.7422e-01,  1.6968e-02, -9.6484e-01,  ..., -5.8750e+00,
           1.0000e+01, -2.1406e+00]]], device='cuda:0', dtype=torch.bfloat16)
tensor([[[-1.0010e-02,  7.4768e-03, -1.2268e-02,  ...,  2.9297e-01,
          -1.0547e+00, -1.1084e-01],
         [-1.4465e-02, -3.9551e-02,  3.9368e-03,  ...,  3.4375e+00,
          -7.2188e+00, -2.0625e+00],
         [ 2.6245e-02, -8.9111e-03, -1.6724e-02,  ...,  5.9375e+00,
           8.4375e+00,  3.1719e+00],
         ...,
         [-6.2500e-02, -1.9531e-02,  4.0283e-02,  ...,  4.8750e+00,
          -4.1562e+00,  1.2688e+01],
         [ 2.5513e-02, -3.2959e-02,  8.4839e-03,  ..., -5.5000e+00,
           1.3906e+00, -5.8125e+00],
         [ 3.4180e-03,  1.0376e-02,  3.7079e-03,  ..., -3.1445e-01,
           6.2188e+00,  1.7734e+00]],

        [[ 2.6875e+00, -2.3906e+00, -3.0938e+00,  ..., -6.4062e-01,
          -9.4531e-01,  1.1328e+00],
         [-2.2188e+00, -8.0859e-01, -1.8594e+00,  ..., -2.4062e+00,
          -1.2250e+01, -2.2852e-01],
         [-2.1484e-02,  9.6484e-01, -2.9297e-03,  ...,  2.3438e+00,
           5.8750e+00,  7.1875e-01],
         ...,
         [-3.6523e-01, -1.1328e+00, -8.2520e-02,  ..., -2.0312e-01,
           6.3281e-01,  2.3125e+00],
         [-3.8867e-01, -6.6406e-02, -7.8906e-01,  ..., -1.5938e+00,
           2.3594e+00, -2.8438e+00],
         [-1.4141e+00, -1.0938e-01,  4.0820e-01,  ..., -3.1875e+00,
           5.0938e+00,  3.2656e+00]],

        [[ 2.9375e+00, -1.3438e+00, -5.1953e-01,  ..., -5.8594e-01,
          -1.6113e-01,  1.2109e+00],
         [-1.4531e+00,  5.3125e-01, -1.9141e-01,  ...,  1.4531e+00,
          -1.4562e+01,  1.7969e+00],
         [ 7.7344e-01,  1.7422e+00,  4.1211e-01,  ...,  3.0938e+00,
           6.4062e+00,  1.0859e+00],
         ...,
         [ 4.9219e-01, -2.2969e+00,  1.0010e-01,  ...,  1.1406e+00,
           4.2969e-01,  2.0938e+00],
         [-6.7969e-01,  7.3828e-01, -2.0508e-01,  ..., -3.8750e+00,
           2.1406e+00, -3.7500e+00],
         [-1.0703e+00,  1.6641e+00,  2.8809e-02,  ..., -1.5312e+00,
           6.3750e+00,  2.1562e+00]],

        ...,

        [[ 3.6562e+00,  7.6953e-01, -6.7969e-01,  ..., -5.9814e-02,
           2.5977e-01,  1.1094e+00],
         [-1.9922e+00, -4.7070e-01, -6.8750e-01,  ..., -9.3750e-01,
          -1.2125e+01, -1.6641e+00],
         [ 9.0234e-01, -1.1484e+00,  2.6953e-01,  ...,  3.8594e+00,
           5.6562e+00,  2.7812e+00],
         ...,
         [ 5.2344e-01,  2.3281e+00,  2.7734e-01,  ..., -4.8828e-01,
           1.3906e+00,  4.3438e+00],
         [-5.3516e-01, -8.7109e-01, -2.5000e-01,  ..., -2.1094e+00,
           1.5234e+00, -3.6562e+00],
         [ 2.7734e-01, -1.8281e+00,  8.6914e-02,  ..., -2.1250e+00,
           4.9688e+00,  2.6094e+00]],

        [[-1.0469e+00, -7.6953e-01,  1.6406e+00,  ..., -1.9609e+00,
           1.6992e-01,  1.4688e+00],
         [ 3.0469e-01,  4.2236e-02,  7.0312e-01,  ..., -9.3359e-01,
          -1.1125e+01, -2.7031e+00],
         [-2.7344e-02, -5.8203e-01,  5.3125e-01,  ...,  3.9062e+00,
           7.0938e+00, -5.6562e+00],
         ...,
         [ 3.8086e-01,  3.7500e-01,  7.5195e-02,  ..., -4.0938e+00,
           3.6250e+00, -1.4062e+00],
         [ 8.7891e-01, -7.3047e-01,  1.6016e-01,  ..., -4.7188e+00,
           2.6562e+00, -2.2363e-01],
         [ 2.7734e-01, -2.2656e+00, -4.9609e-01,  ..., -1.3438e+00,
           2.0312e+00,  2.1250e+00]],

        [[-3.6250e+00, -2.2656e+00,  1.9453e+00,  ...,  3.9062e-01,
           1.1875e+00,  1.8047e+00],
         [ 1.8125e+00, -3.7109e-01,  1.2812e+00,  ...,  1.1406e+00,
          -1.2625e+01, -3.5938e-01],
         [-3.6133e-01,  1.5234e+00,  1.1035e-01,  ...,  5.5625e+00,
           6.5625e+00, -2.8906e+00],
         ...,
         [ 6.2012e-02, -4.3750e-01, -4.8438e-01,  ..., -3.7500e+00,
           2.4531e+00,  6.1250e+00],
         [ 2.4805e-01,  2.5391e-01, -1.7773e-01,  ..., -5.3125e+00,
           1.4297e+00, -5.8125e+00],
         [ 1.4648e-02, -4.7266e-01,  2.7148e-01,  ...,  1.6016e+00,
           6.1875e+00,  2.8750e+00]]], device='cuda:0', dtype=torch.bfloat16)
tensor([[[-1.0010e-02,  7.4768e-03, -1.2268e-02,  ...,  2.9297e-01,
          -1.0547e+00, -1.1084e-01],
         [-1.4465e-02, -3.9551e-02,  3.9368e-03,  ...,  3.4375e+00,
          -7.2188e+00, -2.0625e+00],
         [ 2.6245e-02, -8.9111e-03, -1.6724e-02,  ...,  5.9375e+00,
           8.4375e+00,  3.1719e+00],
         ...,
         [-6.2500e-02, -1.9531e-02,  4.0283e-02,  ...,  4.8750e+00,
          -4.1562e+00,  1.2688e+01],
         [ 2.5513e-02, -3.2959e-02,  8.4839e-03,  ..., -5.5000e+00,
           1.3906e+00, -5.8125e+00],
         [ 3.4180e-03,  1.0376e-02,  3.7079e-03,  ..., -3.1445e-01,
           6.2188e+00,  1.7734e+00]],

        [[ 2.6875e+00, -2.3906e+00, -3.0938e+00,  ..., -6.4062e-01,
          -9.4531e-01,  1.1328e+00],
         [-2.2188e+00, -8.0859e-01, -1.8594e+00,  ..., -2.4062e+00,
          -1.2250e+01, -2.2852e-01],
         [-2.1484e-02,  9.6484e-01, -2.9297e-03,  ...,  2.3438e+00,
           5.8750e+00,  7.1875e-01],
         ...,
         [-3.6523e-01, -1.1328e+00, -8.2520e-02,  ..., -2.0312e-01,
           6.3281e-01,  2.3125e+00],
         [-3.8867e-01, -6.6406e-02, -7.8906e-01,  ..., -1.5938e+00,
           2.3594e+00, -2.8438e+00],
         [-1.4141e+00, -1.0938e-01,  4.0820e-01,  ..., -3.1875e+00,
           5.0938e+00,  3.2656e+00]],

        [[ 2.9375e+00, -1.3438e+00, -5.1953e-01,  ..., -5.8594e-01,
          -1.6113e-01,  1.2109e+00],
         [-1.4531e+00,  5.3125e-01, -1.9141e-01,  ...,  1.4531e+00,
          -1.4562e+01,  1.7969e+00],
         [ 7.7344e-01,  1.7422e+00,  4.1211e-01,  ...,  3.0938e+00,
           6.4062e+00,  1.0859e+00],
         ...,
         [ 4.9219e-01, -2.2969e+00,  1.0010e-01,  ...,  1.1406e+00,
           4.2969e-01,  2.0938e+00],
         [-6.7969e-01,  7.3828e-01, -2.0508e-01,  ..., -3.8750e+00,
           2.1406e+00, -3.7500e+00],
         [-1.0703e+00,  1.6641e+00,  2.8809e-02,  ..., -1.5312e+00,
           6.3750e+00,  2.1562e+00]],

        ...,

        [[ 3.6562e+00,  7.6953e-01, -6.7969e-01,  ..., -5.9814e-02,
           2.5977e-01,  1.1094e+00],
         [-1.9922e+00, -4.7070e-01, -6.8750e-01,  ..., -9.3750e-01,
          -1.2125e+01, -1.6641e+00],
         [ 9.0234e-01, -1.1484e+00,  2.6953e-01,  ...,  3.8594e+00,
           5.6562e+00,  2.7812e+00],
         ...,
         [ 5.2344e-01,  2.3281e+00,  2.7734e-01,  ..., -4.8828e-01,
           1.3906e+00,  4.3438e+00],
         [-5.3516e-01, -8.7109e-01, -2.5000e-01,  ..., -2.1094e+00,
           1.5234e+00, -3.6562e+00],
         [ 2.7734e-01, -1.8281e+00,  8.6914e-02,  ..., -2.1250e+00,
           4.9688e+00,  2.6094e+00]],

        [[-1.0469e+00, -7.6953e-01,  1.6406e+00,  ..., -1.9609e+00,
           1.6992e-01,  1.4688e+00],
         [ 3.0469e-01,  4.2236e-02,  7.0312e-01,  ..., -9.3359e-01,
          -1.1125e+01, -2.7031e+00],
         [-2.7344e-02, -5.8203e-01,  5.3125e-01,  ...,  3.9062e+00,
           7.0938e+00, -5.6562e+00],
         ...,
         [ 3.8086e-01,  3.7500e-01,  7.5195e-02,  ..., -4.0938e+00,
           3.6250e+00, -1.4062e+00],
         [ 8.7891e-01, -7.3047e-01,  1.6016e-01,  ..., -4.7188e+00,
           2.6562e+00, -2.2363e-01],
         [ 2.7734e-01, -2.2656e+00, -4.9609e-01,  ..., -1.3438e+00,
           2.0312e+00,  2.1250e+00]],

        [[-3.6250e+00, -2.2656e+00,  1.9453e+00,  ...,  3.9062e-01,
           1.1875e+00,  1.8047e+00],
         [ 1.8125e+00, -3.7109e-01,  1.2812e+00,  ...,  1.1406e+00,
          -1.2625e+01, -3.5938e-01],
         [-3.6133e-01,  1.5234e+00,  1.1035e-01,  ...,  5.5625e+00,
           6.5625e+00, -2.8906e+00],
         ...,
         [ 6.2012e-02, -4.3750e-01, -4.8438e-01,  ..., -3.7500e+00,
           2.4531e+00,  6.1250e+00],
         [ 2.4805e-01,  2.5391e-01, -1.7773e-01,  ..., -5.3125e+00,
           1.4297e+00, -5.8125e+00],
         [ 1.4648e-02, -4.7266e-01,  2.7148e-01,  ...,  1.6016e+00,
           6.1875e+00,  2.8750e+00]]], device='cuda:0', dtype=torch.bfloat16)
tensor([[[-1.0010e-02,  7.4768e-03, -1.2268e-02,  ...,  2.9297e-01,
          -1.0547e+00, -1.1084e-01],
         [-1.4465e-02, -3.9551e-02,  3.9368e-03,  ...,  3.4375e+00,
          -7.2188e+00, -2.0625e+00],
         [ 2.6245e-02, -8.9111e-03, -1.6724e-02,  ...,  5.9375e+00,
           8.4375e+00,  3.1719e+00],
         ...,
         [-6.2500e-02, -1.9531e-02,  4.0283e-02,  ...,  4.8750e+00,
          -4.1562e+00,  1.2688e+01],
         [ 2.5513e-02, -3.2959e-02,  8.4839e-03,  ..., -5.5000e+00,
           1.3906e+00, -5.8125e+00],
         [ 3.4180e-03,  1.0376e-02,  3.7079e-03,  ..., -3.1445e-01,
           6.2188e+00,  1.7734e+00]],

        [[ 2.6875e+00, -2.3906e+00, -3.0938e+00,  ..., -6.4062e-01,
          -9.4531e-01,  1.1328e+00],
         [-2.2188e+00, -8.0859e-01, -1.8594e+00,  ..., -2.4062e+00,
          -1.2250e+01, -2.2852e-01],
         [-2.1484e-02,  9.6484e-01, -2.9297e-03,  ...,  2.3438e+00,
           5.8750e+00,  7.1875e-01],
         ...,
         [-3.6523e-01, -1.1328e+00, -8.2520e-02,  ..., -2.0312e-01,
           6.3281e-01,  2.3125e+00],
         [-3.8867e-01, -6.6406e-02, -7.8906e-01,  ..., -1.5938e+00,
           2.3594e+00, -2.8438e+00],
         [-1.4141e+00, -1.0938e-01,  4.0820e-01,  ..., -3.1875e+00,
           5.0938e+00,  3.2656e+00]],

        [[ 2.9375e+00, -1.3438e+00, -5.1953e-01,  ..., -5.8594e-01,
          -1.6113e-01,  1.2109e+00],
         [-1.4531e+00,  5.3125e-01, -1.9141e-01,  ...,  1.4531e+00,
          -1.4562e+01,  1.7969e+00],
         [ 7.7344e-01,  1.7422e+00,  4.1211e-01,  ...,  3.0938e+00,
           6.4062e+00,  1.0859e+00],
         ...,
         [ 4.9219e-01, -2.2969e+00,  1.0010e-01,  ...,  1.1406e+00,
           4.2969e-01,  2.0938e+00],
         [-6.7969e-01,  7.3828e-01, -2.0508e-01,  ..., -3.8750e+00,
           2.1406e+00, -3.7500e+00],
         [-1.0703e+00,  1.6641e+00,  2.8809e-02,  ..., -1.5312e+00,
           6.3750e+00,  2.1562e+00]],

        ...,

        [[ 3.6562e+00,  7.6953e-01, -6.7969e-01,  ..., -5.9814e-02,
           2.5977e-01,  1.1094e+00],
         [-1.9922e+00, -4.7070e-01, -6.8750e-01,  ..., -9.3750e-01,
          -1.2125e+01, -1.6641e+00],
         [ 9.0234e-01, -1.1484e+00,  2.6953e-01,  ...,  3.8594e+00,
           5.6562e+00,  2.7812e+00],
         ...,
         [ 5.2344e-01,  2.3281e+00,  2.7734e-01,  ..., -4.8828e-01,
           1.3906e+00,  4.3438e+00],
         [-5.3516e-01, -8.7109e-01, -2.5000e-01,  ..., -2.1094e+00,
           1.5234e+00, -3.6562e+00],
         [ 2.7734e-01, -1.8281e+00,  8.6914e-02,  ..., -2.1250e+00,
           4.9688e+00,  2.6094e+00]],

        [[-1.0469e+00, -7.6953e-01,  1.6406e+00,  ..., -1.9609e+00,
           1.6992e-01,  1.4688e+00],
         [ 3.0469e-01,  4.2236e-02,  7.0312e-01,  ..., -9.3359e-01,
          -1.1125e+01, -2.7031e+00],
         [-2.7344e-02, -5.8203e-01,  5.3125e-01,  ...,  3.9062e+00,
           7.0938e+00, -5.6562e+00],
         ...,
         [ 3.8086e-01,  3.7500e-01,  7.5195e-02,  ..., -4.0938e+00,
           3.6250e+00, -1.4062e+00],
         [ 8.7891e-01, -7.3047e-01,  1.6016e-01,  ..., -4.7188e+00,
           2.6562e+00, -2.2363e-01],
         [ 2.7734e-01, -2.2656e+00, -4.9609e-01,  ..., -1.3438e+00,
           2.0312e+00,  2.1250e+00]],

        [[-3.6250e+00, -2.2656e+00,  1.9453e+00,  ...,  3.9062e-01,
           1.1875e+00,  1.8047e+00],
         [ 1.8125e+00, -3.7109e-01,  1.2812e+00,  ...,  1.1406e+00,
          -1.2625e+01, -3.5938e-01],
         [-3.6133e-01,  1.5234e+00,  1.1035e-01,  ...,  5.5625e+00,
           6.5625e+00, -2.8906e+00],
         ...,
         [ 6.2012e-02, -4.3750e-01, -4.8438e-01,  ..., -3.7500e+00,
           2.4531e+00,  6.1250e+00],
         [ 2.4805e-01,  2.5391e-01, -1.7773e-01,  ..., -5.3125e+00,
           1.4297e+00, -5.8125e+00],
         [ 1.4648e-02, -4.7266e-01,  2.7148e-01,  ...,  1.6016e+00,
           6.1875e+00,  2.8750e+00]]], device='cuda:0', dtype=torch.bfloat16)
tensor([[[-8.1177e-03,  2.5879e-02, -1.3770e-01,  ...,  9.6484e-01,
           1.6094e+00,  1.7578e+00],
         [-3.4424e-02,  8.5068e-04,  5.6152e-03,  ..., -2.7812e+00,
           1.0000e+00,  2.8594e+00],
         [ 1.9226e-03, -7.9956e-03, -3.3203e-02,  ..., -1.5547e+00,
          -2.1289e-01,  7.6172e-01],
         ...,
         [ 2.5513e-02, -7.1777e-02, -1.9531e-02,  ..., -1.5234e+00,
          -8.9844e-01,  1.6699e-01],
         [ 2.0996e-02,  2.6703e-03,  4.9133e-03,  ..., -2.6172e-01,
           1.3965e-01, -2.0801e-01],
         [-3.9673e-03, -1.7334e-02,  2.0630e-02,  ..., -4.2812e+00,
           5.9375e+00,  2.3750e+00]],

        [[ 1.3672e-01, -4.5703e-01,  2.3730e-01,  ...,  4.7500e+00,
           6.6797e-01,  4.5898e-01],
         [ 4.1406e-01,  2.6562e-01, -1.7871e-01,  ...,  1.0547e+00,
          -8.1250e+00,  5.9375e-01],
         [-1.1250e+00,  1.2891e-01,  4.6680e-01,  ..., -1.6250e+00,
           9.2578e-01,  9.2969e-01],
         ...,
         [ 3.4424e-02, -1.3906e+00,  6.4941e-02,  ..., -4.2500e+00,
           1.3125e+00,  3.7188e+00],
         [-1.4941e-01,  8.1250e-01,  2.2559e-01,  ..., -1.9824e-01,
           4.0820e-01, -1.2344e+00],
         [-1.9824e-01, -4.1797e-01,  2.1973e-01,  ..., -7.6562e+00,
           4.2500e+00,  1.4453e+00]],

        [[-1.3184e-01,  2.0020e-01,  1.0010e-01,  ...,  4.2500e+00,
           1.5234e+00,  8.8672e-01],
         [-6.0156e-01,  1.0156e+00, -3.6133e-02,  ..., -1.4766e+00,
          -6.0625e+00,  2.9531e+00],
         [ 5.7422e-01,  9.6094e-01,  1.5430e-01,  ...,  2.0386e-02,
           9.1406e-01,  1.6875e+00],
         ...,
         [-4.8096e-02, -4.2578e-01,  1.5869e-02,  ...,  2.6855e-02,
           4.4375e+00, -4.7070e-01],
         [ 1.4844e-01,  6.6406e-01,  6.4941e-02,  ...,  6.2109e-01,
           2.8125e-01,  3.6914e-01],
         [ 9.4727e-02, -4.7461e-01,  6.7383e-02,  ..., -8.8750e+00,
           2.4062e+00,  4.2812e+00]],

        ...,

        [[-4.6875e-01, -1.8262e-01,  7.7637e-02,  ...,  4.6562e+00,
           1.8281e+00,  1.1328e+00],
         [-1.0312e+00,  1.5625e-02, -4.3945e-02,  ..., -3.6719e-01,
          -7.0000e+00,  3.4531e+00],
         [ 1.7188e+00, -8.4766e-01,  1.6309e-01,  ..., -1.7891e+00,
           7.8516e-01,  1.5078e+00],
         ...,
         [ 2.1362e-02,  5.5859e-01,  7.9590e-02,  ..., -5.1250e+00,
           2.2344e+00, -2.7031e+00],
         [ 1.1016e+00, -1.2891e+00,  1.3477e-01,  ..., -1.0000e+00,
           1.2422e+00, -1.0703e+00],
         [ 3.5938e-01, -1.7578e-01,  9.1309e-02,  ..., -9.5000e+00,
           2.6250e+00, -2.5781e-01]],

        [[-2.0156e+00, -9.9609e-02,  1.7822e-02,  ...,  8.2500e+00,
          -4.0625e-01,  9.1797e-01],
         [-1.6094e+00,  1.7969e+00,  5.3223e-02,  ..., -1.1641e+00,
          -1.0250e+01, -3.6250e+00],
         [ 2.5469e+00,  1.3672e-01, -2.7222e-02,  ..., -1.3047e+00,
          -1.6875e+00,  1.9219e+00],
         ...,
         [-3.0212e-03, -8.2812e-01,  2.5879e-02,  ..., -2.1406e+00,
          -7.1094e-01,  3.5156e-01],
         [ 1.4922e+00, -3.0859e-01, -8.6670e-03,  ..., -2.5469e+00,
          -2.0898e-01, -2.2969e+00],
         [ 1.2305e-01, -1.2500e+00, -7.1289e-02,  ..., -9.6875e+00,
           5.2812e+00, -7.2266e-01]],

        [[ 2.2217e-02, -1.1875e+00, -1.1963e-01,  ...,  6.0312e+00,
           1.4062e+00,  5.1562e-01],
         [-4.2969e-01,  6.9922e-01,  6.6406e-02,  ..., -2.5625e+00,
          -9.8125e+00,  2.1250e+00],
         [ 4.2773e-01,  1.1562e+00, -3.0664e-01,  ..., -9.2578e-01,
          -2.6562e-01,  1.6016e+00],
         ...,
         [-2.4170e-02, -1.0469e+00, -2.5024e-03,  ...,  1.4609e+00,
          -1.1719e+00,  4.7188e+00],
         [ 1.6235e-02,  1.6250e+00, -2.0020e-01,  ..., -4.8242e-01,
           4.2578e-01,  8.5547e-01],
         [ 8.9111e-03,  1.4062e-01, -2.0605e-01,  ..., -8.4375e+00,
           5.9688e+00,  8.9844e-01]]], device='cuda:0', dtype=torch.bfloat16)
tensor([[[-8.1177e-03,  2.5879e-02, -1.3770e-01,  ...,  9.6484e-01,
           1.6094e+00,  1.7578e+00],
         [-3.4424e-02,  8.5068e-04,  5.6152e-03,  ..., -2.7812e+00,
           1.0000e+00,  2.8594e+00],
         [ 1.9226e-03, -7.9956e-03, -3.3203e-02,  ..., -1.5547e+00,
          -2.1289e-01,  7.6172e-01],
         ...,
         [ 2.5513e-02, -7.1777e-02, -1.9531e-02,  ..., -1.5234e+00,
          -8.9844e-01,  1.6699e-01],
         [ 2.0996e-02,  2.6703e-03,  4.9133e-03,  ..., -2.6172e-01,
           1.3965e-01, -2.0801e-01],
         [-3.9673e-03, -1.7334e-02,  2.0630e-02,  ..., -4.2812e+00,
           5.9375e+00,  2.3750e+00]],

        [[ 1.3672e-01, -4.5703e-01,  2.3730e-01,  ...,  4.7500e+00,
           6.6797e-01,  4.5898e-01],
         [ 4.1406e-01,  2.6562e-01, -1.7871e-01,  ...,  1.0547e+00,
          -8.1250e+00,  5.9375e-01],
         [-1.1250e+00,  1.2891e-01,  4.6680e-01,  ..., -1.6250e+00,
           9.2578e-01,  9.2969e-01],
         ...,
         [ 3.4424e-02, -1.3906e+00,  6.4941e-02,  ..., -4.2500e+00,
           1.3125e+00,  3.7188e+00],
         [-1.4941e-01,  8.1250e-01,  2.2559e-01,  ..., -1.9824e-01,
           4.0820e-01, -1.2344e+00],
         [-1.9824e-01, -4.1797e-01,  2.1973e-01,  ..., -7.6562e+00,
           4.2500e+00,  1.4453e+00]],

        [[-1.3184e-01,  2.0020e-01,  1.0010e-01,  ...,  4.2500e+00,
           1.5234e+00,  8.8672e-01],
         [-6.0156e-01,  1.0156e+00, -3.6133e-02,  ..., -1.4766e+00,
          -6.0625e+00,  2.9531e+00],
         [ 5.7422e-01,  9.6094e-01,  1.5430e-01,  ...,  2.0386e-02,
           9.1406e-01,  1.6875e+00],
         ...,
         [-4.8096e-02, -4.2578e-01,  1.5869e-02,  ...,  2.6855e-02,
           4.4375e+00, -4.7070e-01],
         [ 1.4844e-01,  6.6406e-01,  6.4941e-02,  ...,  6.2109e-01,
           2.8125e-01,  3.6914e-01],
         [ 9.4727e-02, -4.7461e-01,  6.7383e-02,  ..., -8.8750e+00,
           2.4062e+00,  4.2812e+00]],

        ...,

        [[-4.6875e-01, -1.8262e-01,  7.7637e-02,  ...,  4.6562e+00,
           1.8281e+00,  1.1328e+00],
         [-1.0312e+00,  1.5625e-02, -4.3945e-02,  ..., -3.6719e-01,
          -7.0000e+00,  3.4531e+00],
         [ 1.7188e+00, -8.4766e-01,  1.6309e-01,  ..., -1.7891e+00,
           7.8516e-01,  1.5078e+00],
         ...,
         [ 2.1362e-02,  5.5859e-01,  7.9590e-02,  ..., -5.1250e+00,
           2.2344e+00, -2.7031e+00],
         [ 1.1016e+00, -1.2891e+00,  1.3477e-01,  ..., -1.0000e+00,
           1.2422e+00, -1.0703e+00],
         [ 3.5938e-01, -1.7578e-01,  9.1309e-02,  ..., -9.5000e+00,
           2.6250e+00, -2.5781e-01]],

        [[-2.0156e+00, -9.9609e-02,  1.7822e-02,  ...,  8.2500e+00,
          -4.0625e-01,  9.1797e-01],
         [-1.6094e+00,  1.7969e+00,  5.3223e-02,  ..., -1.1641e+00,
          -1.0250e+01, -3.6250e+00],
         [ 2.5469e+00,  1.3672e-01, -2.7222e-02,  ..., -1.3047e+00,
          -1.6875e+00,  1.9219e+00],
         ...,
         [-3.0212e-03, -8.2812e-01,  2.5879e-02,  ..., -2.1406e+00,
          -7.1094e-01,  3.5156e-01],
         [ 1.4922e+00, -3.0859e-01, -8.6670e-03,  ..., -2.5469e+00,
          -2.0898e-01, -2.2969e+00],
         [ 1.2305e-01, -1.2500e+00, -7.1289e-02,  ..., -9.6875e+00,
           5.2812e+00, -7.2266e-01]],

        [[ 2.2217e-02, -1.1875e+00, -1.1963e-01,  ...,  6.0312e+00,
           1.4062e+00,  5.1562e-01],
         [-4.2969e-01,  6.9922e-01,  6.6406e-02,  ..., -2.5625e+00,
          -9.8125e+00,  2.1250e+00],
         [ 4.2773e-01,  1.1562e+00, -3.0664e-01,  ..., -9.2578e-01,
          -2.6562e-01,  1.6016e+00],
         ...,
         [-2.4170e-02, -1.0469e+00, -2.5024e-03,  ...,  1.4609e+00,
          -1.1719e+00,  4.7188e+00],
         [ 1.6235e-02,  1.6250e+00, -2.0020e-01,  ..., -4.8242e-01,
           4.2578e-01,  8.5547e-01],
         [ 8.9111e-03,  1.4062e-01, -2.0605e-01,  ..., -8.4375e+00,
           5.9688e+00,  8.9844e-01]]], device='cuda:0', dtype=torch.bfloat16)
tensor([[[-8.1177e-03,  2.5879e-02, -1.3770e-01,  ...,  9.6484e-01,
           1.6094e+00,  1.7578e+00],
         [-3.4424e-02,  8.5068e-04,  5.6152e-03,  ..., -2.7812e+00,
           1.0000e+00,  2.8594e+00],
         [ 1.9226e-03, -7.9956e-03, -3.3203e-02,  ..., -1.5547e+00,
          -2.1289e-01,  7.6172e-01],
         ...,
         [ 2.5513e-02, -7.1777e-02, -1.9531e-02,  ..., -1.5234e+00,
          -8.9844e-01,  1.6699e-01],
         [ 2.0996e-02,  2.6703e-03,  4.9133e-03,  ..., -2.6172e-01,
           1.3965e-01, -2.0801e-01],
         [-3.9673e-03, -1.7334e-02,  2.0630e-02,  ..., -4.2812e+00,
           5.9375e+00,  2.3750e+00]],

        [[ 1.3672e-01, -4.5703e-01,  2.3730e-01,  ...,  4.7500e+00,
           6.6797e-01,  4.5898e-01],
         [ 4.1406e-01,  2.6562e-01, -1.7871e-01,  ...,  1.0547e+00,
          -8.1250e+00,  5.9375e-01],
         [-1.1250e+00,  1.2891e-01,  4.6680e-01,  ..., -1.6250e+00,
           9.2578e-01,  9.2969e-01],
         ...,
         [ 3.4424e-02, -1.3906e+00,  6.4941e-02,  ..., -4.2500e+00,
           1.3125e+00,  3.7188e+00],
         [-1.4941e-01,  8.1250e-01,  2.2559e-01,  ..., -1.9824e-01,
           4.0820e-01, -1.2344e+00],
         [-1.9824e-01, -4.1797e-01,  2.1973e-01,  ..., -7.6562e+00,
           4.2500e+00,  1.4453e+00]],

        [[-1.3184e-01,  2.0020e-01,  1.0010e-01,  ...,  4.2500e+00,
           1.5234e+00,  8.8672e-01],
         [-6.0156e-01,  1.0156e+00, -3.6133e-02,  ..., -1.4766e+00,
          -6.0625e+00,  2.9531e+00],
         [ 5.7422e-01,  9.6094e-01,  1.5430e-01,  ...,  2.0386e-02,
           9.1406e-01,  1.6875e+00],
         ...,
         [-4.8096e-02, -4.2578e-01,  1.5869e-02,  ...,  2.6855e-02,
           4.4375e+00, -4.7070e-01],
         [ 1.4844e-01,  6.6406e-01,  6.4941e-02,  ...,  6.2109e-01,
           2.8125e-01,  3.6914e-01],
         [ 9.4727e-02, -4.7461e-01,  6.7383e-02,  ..., -8.8750e+00,
           2.4062e+00,  4.2812e+00]],

        ...,

        [[-4.6875e-01, -1.8262e-01,  7.7637e-02,  ...,  4.6562e+00,
           1.8281e+00,  1.1328e+00],
         [-1.0312e+00,  1.5625e-02, -4.3945e-02,  ..., -3.6719e-01,
          -7.0000e+00,  3.4531e+00],
         [ 1.7188e+00, -8.4766e-01,  1.6309e-01,  ..., -1.7891e+00,
           7.8516e-01,  1.5078e+00],
         ...,
         [ 2.1362e-02,  5.5859e-01,  7.9590e-02,  ..., -5.1250e+00,
           2.2344e+00, -2.7031e+00],
         [ 1.1016e+00, -1.2891e+00,  1.3477e-01,  ..., -1.0000e+00,
           1.2422e+00, -1.0703e+00],
         [ 3.5938e-01, -1.7578e-01,  9.1309e-02,  ..., -9.5000e+00,
           2.6250e+00, -2.5781e-01]],

        [[-2.0156e+00, -9.9609e-02,  1.7822e-02,  ...,  8.2500e+00,
          -4.0625e-01,  9.1797e-01],
         [-1.6094e+00,  1.7969e+00,  5.3223e-02,  ..., -1.1641e+00,
          -1.0250e+01, -3.6250e+00],
         [ 2.5469e+00,  1.3672e-01, -2.7222e-02,  ..., -1.3047e+00,
          -1.6875e+00,  1.9219e+00],
         ...,
         [-3.0212e-03, -8.2812e-01,  2.5879e-02,  ..., -2.1406e+00,
          -7.1094e-01,  3.5156e-01],
         [ 1.4922e+00, -3.0859e-01, -8.6670e-03,  ..., -2.5469e+00,
          -2.0898e-01, -2.2969e+00],
         [ 1.2305e-01, -1.2500e+00, -7.1289e-02,  ..., -9.6875e+00,
           5.2812e+00, -7.2266e-01]],

        [[ 2.2217e-02, -1.1875e+00, -1.1963e-01,  ...,  6.0312e+00,
           1.4062e+00,  5.1562e-01],
         [-4.2969e-01,  6.9922e-01,  6.6406e-02,  ..., -2.5625e+00,
          -9.8125e+00,  2.1250e+00],
         [ 4.2773e-01,  1.1562e+00, -3.0664e-01,  ..., -9.2578e-01,
          -2.6562e-01,  1.6016e+00],
         ...,
         [-2.4170e-02, -1.0469e+00, -2.5024e-03,  ...,  1.4609e+00,
          -1.1719e+00,  4.7188e+00],
         [ 1.6235e-02,  1.6250e+00, -2.0020e-01,  ..., -4.8242e-01,
           4.2578e-01,  8.5547e-01],
         [ 8.9111e-03,  1.4062e-01, -2.0605e-01,  ..., -8.4375e+00,
           5.9688e+00,  8.9844e-01]]], device='cuda:0', dtype=torch.bfloat16)
tensor([[[-4.0894e-03,  6.6833e-03, -9.3384e-03,  ..., -1.8984e+00,
          -9.4531e-01,  1.2578e+00],
         [ 1.1353e-02, -3.4180e-03,  3.0823e-03,  ..., -1.3203e+00,
          -7.7637e-02, -2.0000e+00],
         [ 7.2266e-02,  2.3071e-02, -1.0620e-02,  ..., -1.1484e+00,
           1.1797e+00, -3.0781e+00],
         ...,
         [-1.7090e-03,  1.9653e-02,  6.5002e-03,  ...,  4.5312e+00,
           1.0078e+00, -4.7188e+00],
         [ 7.6599e-03,  6.9141e-05, -4.8828e-03,  ..., -5.0537e-02,
          -1.3828e+00,  3.5286e-04],
         [-2.5757e-02,  2.2461e-02,  3.1891e-03,  ..., -7.4609e-01,
          -1.8359e+00, -2.1406e+00]],

        [[-1.5469e+00, -6.3672e-01,  2.3438e-01,  ..., -2.2656e+00,
          -1.7969e-01,  7.5312e+00],
         [ 1.2109e-01, -1.1875e+00,  1.4062e-01,  ..., -8.4766e-01,
           3.5547e-01, -3.1719e+00],
         [ 5.6250e-01,  3.5156e-02,  3.1738e-02,  ..., -1.3000e+01,
           2.2656e+00, -7.9688e+00],
         ...,
         [ 1.9766e+00, -1.1719e+00, -2.7222e-02,  ...,  2.8906e+00,
          -2.0938e+00, -1.9453e+00],
         [-1.1172e+00, -7.1094e-01,  5.6250e-01,  ..., -1.9453e+00,
          -3.8750e+00, -4.3359e-01],
         [-5.9375e-01,  1.9336e-01, -1.2656e+00,  ...,  5.0625e+00,
          -8.5625e+00,  1.0156e+00]],

        [[-1.2656e+00,  5.5859e-01,  1.4941e-01,  ..., -1.1094e+00,
          -1.7188e+00,  7.2188e+00],
         [ 5.7812e-01,  2.8076e-02,  7.5684e-02,  ...,  2.4062e+00,
           6.8750e-01, -4.1250e+00],
         [ 1.8555e-01,  4.4727e-01,  1.5381e-02,  ..., -8.8750e+00,
           2.6875e+00, -7.5312e+00],
         ...,
         [ 9.7656e-02, -1.5430e-01,  4.0039e-02,  ...,  4.4375e+00,
           9.3750e-01, -2.2812e+00],
         [ 3.0469e-01,  9.2773e-02, -4.1016e-02,  ..., -1.1016e+00,
          -2.8750e+00,  1.0205e-01],
         [-6.5430e-02, -1.1035e-01, -1.6250e+00,  ...,  1.7969e+00,
          -7.9062e+00,  1.0234e+00]],

        ...,

        [[-1.3828e+00, -7.8906e-01,  5.1953e-01,  ..., -1.7422e+00,
          -5.4297e-01,  7.3125e+00],
         [-1.0000e+00, -1.8594e+00,  1.4062e-01,  ...,  1.8281e+00,
           1.8984e+00, -5.6875e+00],
         [ 7.8516e-01,  2.2168e-01, -1.7676e-01,  ..., -8.8750e+00,
           4.0000e+00, -9.0625e+00],
         ...,
         [ 7.8125e-01, -1.3672e+00,  3.0664e-01,  ...,  2.8438e+00,
          -2.2344e+00, -2.3535e-01],
         [ 8.5938e-02, -6.6406e-01,  3.7598e-02,  ...,  1.4941e-01,
          -2.3125e+00,  1.1719e+00],
         [-1.9531e-01, -4.1016e-02, -1.6328e+00,  ...,  2.3750e+00,
          -7.9375e+00,  1.0469e+00]],

        [[ 1.0469e+00, -2.1875e+00,  5.9766e-01,  ..., -1.5625e+00,
          -5.3955e-02,  8.8750e+00],
         [-1.7969e+00, -1.6328e+00,  2.1777e-01,  ..., -3.2812e+00,
           2.1406e+00, -2.6562e+00],
         [-1.1562e+00, -1.9609e+00,  5.2344e-01,  ..., -1.4750e+01,
           4.4062e+00, -5.3438e+00],
         ...,
         [-1.4922e+00, -2.3594e+00, -2.6367e-02,  ...,  1.2344e+00,
          -2.9688e+00, -2.9688e+00],
         [ 7.5391e-01, -9.5703e-02,  8.5938e-01,  ..., -1.2891e+00,
          -2.8125e+00,  5.0293e-02],
         [ 1.2344e+00, -3.8086e-01, -1.7500e+00,  ...,  6.6875e+00,
          -6.5938e+00, -2.7500e+00]],

        [[ 1.2109e+00, -8.7500e-01,  4.0430e-01,  ..., -1.2344e+00,
          -3.9307e-02,  8.8750e+00],
         [ 7.8516e-01, -1.7344e+00,  1.5625e-01,  ...,  2.9531e+00,
          -4.4062e+00, -4.2500e+00],
         [-5.0781e-01, -7.3438e-01,  1.9043e-01,  ..., -1.1438e+01,
           6.0000e+00, -9.6875e+00],
         ...,
         [ 3.4375e-01, -1.1484e+00, -1.4746e-01,  ...,  4.7070e-01,
          -6.2500e-01, -3.1562e+00],
         [-7.6172e-02, -7.1484e-01, -1.8652e-01,  ..., -1.1250e+00,
          -2.4531e+00,  2.0156e+00],
         [ 1.1475e-01, -4.2236e-02, -1.0625e+00,  ...,  2.1250e+00,
          -7.0000e+00,  1.5137e-01]]], device='cuda:0', dtype=torch.bfloat16)
tensor([[[-4.0894e-03,  6.6833e-03, -9.3384e-03,  ..., -1.8984e+00,
          -9.4531e-01,  1.2578e+00],
         [ 1.1353e-02, -3.4180e-03,  3.0823e-03,  ..., -1.3203e+00,
          -7.7637e-02, -2.0000e+00],
         [ 7.2266e-02,  2.3071e-02, -1.0620e-02,  ..., -1.1484e+00,
           1.1797e+00, -3.0781e+00],
         ...,
         [-1.7090e-03,  1.9653e-02,  6.5002e-03,  ...,  4.5312e+00,
           1.0078e+00, -4.7188e+00],
         [ 7.6599e-03,  6.9141e-05, -4.8828e-03,  ..., -5.0537e-02,
          -1.3828e+00,  3.5286e-04],
         [-2.5757e-02,  2.2461e-02,  3.1891e-03,  ..., -7.4609e-01,
          -1.8359e+00, -2.1406e+00]],

        [[-1.5469e+00, -6.3672e-01,  2.3438e-01,  ..., -2.2656e+00,
          -1.7969e-01,  7.5312e+00],
         [ 1.2109e-01, -1.1875e+00,  1.4062e-01,  ..., -8.4766e-01,
           3.5547e-01, -3.1719e+00],
         [ 5.6250e-01,  3.5156e-02,  3.1738e-02,  ..., -1.3000e+01,
           2.2656e+00, -7.9688e+00],
         ...,
         [ 1.9766e+00, -1.1719e+00, -2.7222e-02,  ...,  2.8906e+00,
          -2.0938e+00, -1.9453e+00],
         [-1.1172e+00, -7.1094e-01,  5.6250e-01,  ..., -1.9453e+00,
          -3.8750e+00, -4.3359e-01],
         [-5.9375e-01,  1.9336e-01, -1.2656e+00,  ...,  5.0625e+00,
          -8.5625e+00,  1.0156e+00]],

        [[-1.2656e+00,  5.5859e-01,  1.4941e-01,  ..., -1.1094e+00,
          -1.7188e+00,  7.2188e+00],
         [ 5.7812e-01,  2.8076e-02,  7.5684e-02,  ...,  2.4062e+00,
           6.8750e-01, -4.1250e+00],
         [ 1.8555e-01,  4.4727e-01,  1.5381e-02,  ..., -8.8750e+00,
           2.6875e+00, -7.5312e+00],
         ...,
         [ 9.7656e-02, -1.5430e-01,  4.0039e-02,  ...,  4.4375e+00,
           9.3750e-01, -2.2812e+00],
         [ 3.0469e-01,  9.2773e-02, -4.1016e-02,  ..., -1.1016e+00,
          -2.8750e+00,  1.0205e-01],
         [-6.5430e-02, -1.1035e-01, -1.6250e+00,  ...,  1.7969e+00,
          -7.9062e+00,  1.0234e+00]],

        ...,

        [[-1.3828e+00, -7.8906e-01,  5.1953e-01,  ..., -1.7422e+00,
          -5.4297e-01,  7.3125e+00],
         [-1.0000e+00, -1.8594e+00,  1.4062e-01,  ...,  1.8281e+00,
           1.8984e+00, -5.6875e+00],
         [ 7.8516e-01,  2.2168e-01, -1.7676e-01,  ..., -8.8750e+00,
           4.0000e+00, -9.0625e+00],
         ...,
         [ 7.8125e-01, -1.3672e+00,  3.0664e-01,  ...,  2.8438e+00,
          -2.2344e+00, -2.3535e-01],
         [ 8.5938e-02, -6.6406e-01,  3.7598e-02,  ...,  1.4941e-01,
          -2.3125e+00,  1.1719e+00],
         [-1.9531e-01, -4.1016e-02, -1.6328e+00,  ...,  2.3750e+00,
          -7.9375e+00,  1.0469e+00]],

        [[ 1.0469e+00, -2.1875e+00,  5.9766e-01,  ..., -1.5625e+00,
          -5.3955e-02,  8.8750e+00],
         [-1.7969e+00, -1.6328e+00,  2.1777e-01,  ..., -3.2812e+00,
           2.1406e+00, -2.6562e+00],
         [-1.1562e+00, -1.9609e+00,  5.2344e-01,  ..., -1.4750e+01,
           4.4062e+00, -5.3438e+00],
         ...,
         [-1.4922e+00, -2.3594e+00, -2.6367e-02,  ...,  1.2344e+00,
          -2.9688e+00, -2.9688e+00],
         [ 7.5391e-01, -9.5703e-02,  8.5938e-01,  ..., -1.2891e+00,
          -2.8125e+00,  5.0293e-02],
         [ 1.2344e+00, -3.8086e-01, -1.7500e+00,  ...,  6.6875e+00,
          -6.5938e+00, -2.7500e+00]],

        [[ 1.2109e+00, -8.7500e-01,  4.0430e-01,  ..., -1.2344e+00,
          -3.9307e-02,  8.8750e+00],
         [ 7.8516e-01, -1.7344e+00,  1.5625e-01,  ...,  2.9531e+00,
          -4.4062e+00, -4.2500e+00],
         [-5.0781e-01, -7.3438e-01,  1.9043e-01,  ..., -1.1438e+01,
           6.0000e+00, -9.6875e+00],
         ...,
         [ 3.4375e-01, -1.1484e+00, -1.4746e-01,  ...,  4.7070e-01,
          -6.2500e-01, -3.1562e+00],
         [-7.6172e-02, -7.1484e-01, -1.8652e-01,  ..., -1.1250e+00,
          -2.4531e+00,  2.0156e+00],
         [ 1.1475e-01, -4.2236e-02, -1.0625e+00,  ...,  2.1250e+00,
          -7.0000e+00,  1.5137e-01]]], device='cuda:0', dtype=torch.bfloat16)
tensor([[[-4.0894e-03,  6.6833e-03, -9.3384e-03,  ..., -1.8984e+00,
          -9.4531e-01,  1.2578e+00],
         [ 1.1353e-02, -3.4180e-03,  3.0823e-03,  ..., -1.3203e+00,
          -7.7637e-02, -2.0000e+00],
         [ 7.2266e-02,  2.3071e-02, -1.0620e-02,  ..., -1.1484e+00,
           1.1797e+00, -3.0781e+00],
         ...,
         [-1.7090e-03,  1.9653e-02,  6.5002e-03,  ...,  4.5312e+00,
           1.0078e+00, -4.7188e+00],
         [ 7.6599e-03,  6.9141e-05, -4.8828e-03,  ..., -5.0537e-02,
          -1.3828e+00,  3.5286e-04],
         [-2.5757e-02,  2.2461e-02,  3.1891e-03,  ..., -7.4609e-01,
          -1.8359e+00, -2.1406e+00]],

        [[-1.5469e+00, -6.3672e-01,  2.3438e-01,  ..., -2.2656e+00,
          -1.7969e-01,  7.5312e+00],
         [ 1.2109e-01, -1.1875e+00,  1.4062e-01,  ..., -8.4766e-01,
           3.5547e-01, -3.1719e+00],
         [ 5.6250e-01,  3.5156e-02,  3.1738e-02,  ..., -1.3000e+01,
           2.2656e+00, -7.9688e+00],
         ...,
         [ 1.9766e+00, -1.1719e+00, -2.7222e-02,  ...,  2.8906e+00,
          -2.0938e+00, -1.9453e+00],
         [-1.1172e+00, -7.1094e-01,  5.6250e-01,  ..., -1.9453e+00,
          -3.8750e+00, -4.3359e-01],
         [-5.9375e-01,  1.9336e-01, -1.2656e+00,  ...,  5.0625e+00,
          -8.5625e+00,  1.0156e+00]],

        [[-1.2656e+00,  5.5859e-01,  1.4941e-01,  ..., -1.1094e+00,
          -1.7188e+00,  7.2188e+00],
         [ 5.7812e-01,  2.8076e-02,  7.5684e-02,  ...,  2.4062e+00,
           6.8750e-01, -4.1250e+00],
         [ 1.8555e-01,  4.4727e-01,  1.5381e-02,  ..., -8.8750e+00,
           2.6875e+00, -7.5312e+00],
         ...,
         [ 9.7656e-02, -1.5430e-01,  4.0039e-02,  ...,  4.4375e+00,
           9.3750e-01, -2.2812e+00],
         [ 3.0469e-01,  9.2773e-02, -4.1016e-02,  ..., -1.1016e+00,
          -2.8750e+00,  1.0205e-01],
         [-6.5430e-02, -1.1035e-01, -1.6250e+00,  ...,  1.7969e+00,
          -7.9062e+00,  1.0234e+00]],

        ...,

        [[-1.3828e+00, -7.8906e-01,  5.1953e-01,  ..., -1.7422e+00,
          -5.4297e-01,  7.3125e+00],
         [-1.0000e+00, -1.8594e+00,  1.4062e-01,  ...,  1.8281e+00,
           1.8984e+00, -5.6875e+00],
         [ 7.8516e-01,  2.2168e-01, -1.7676e-01,  ..., -8.8750e+00,
           4.0000e+00, -9.0625e+00],
         ...,
         [ 7.8125e-01, -1.3672e+00,  3.0664e-01,  ...,  2.8438e+00,
          -2.2344e+00, -2.3535e-01],
         [ 8.5938e-02, -6.6406e-01,  3.7598e-02,  ...,  1.4941e-01,
          -2.3125e+00,  1.1719e+00],
         [-1.9531e-01, -4.1016e-02, -1.6328e+00,  ...,  2.3750e+00,
          -7.9375e+00,  1.0469e+00]],

        [[ 1.0469e+00, -2.1875e+00,  5.9766e-01,  ..., -1.5625e+00,
          -5.3955e-02,  8.8750e+00],
         [-1.7969e+00, -1.6328e+00,  2.1777e-01,  ..., -3.2812e+00,
           2.1406e+00, -2.6562e+00],
         [-1.1562e+00, -1.9609e+00,  5.2344e-01,  ..., -1.4750e+01,
           4.4062e+00, -5.3438e+00],
         ...,
         [-1.4922e+00, -2.3594e+00, -2.6367e-02,  ...,  1.2344e+00,
          -2.9688e+00, -2.9688e+00],
         [ 7.5391e-01, -9.5703e-02,  8.5938e-01,  ..., -1.2891e+00,
          -2.8125e+00,  5.0293e-02],
         [ 1.2344e+00, -3.8086e-01, -1.7500e+00,  ...,  6.6875e+00,
          -6.5938e+00, -2.7500e+00]],

        [[ 1.2109e+00, -8.7500e-01,  4.0430e-01,  ..., -1.2344e+00,
          -3.9307e-02,  8.8750e+00],
         [ 7.8516e-01, -1.7344e+00,  1.5625e-01,  ...,  2.9531e+00,
          -4.4062e+00, -4.2500e+00],
         [-5.0781e-01, -7.3438e-01,  1.9043e-01,  ..., -1.1438e+01,
           6.0000e+00, -9.6875e+00],
         ...,
         [ 3.4375e-01, -1.1484e+00, -1.4746e-01,  ...,  4.7070e-01,
          -6.2500e-01, -3.1562e+00],
         [-7.6172e-02, -7.1484e-01, -1.8652e-01,  ..., -1.1250e+00,
          -2.4531e+00,  2.0156e+00],
         [ 1.1475e-01, -4.2236e-02, -1.0625e+00,  ...,  2.1250e+00,
          -7.0000e+00,  1.5137e-01]]], device='cuda:0', dtype=torch.bfloat16)
tensor([[[-3.2654e-03,  3.8605e-03, -1.0777e-04,  ...,  2.1562e+00,
           2.5977e-01, -1.9844e+00],
         [-4.9133e-03,  1.9897e-02, -2.9755e-03,  ..., -4.3945e-01,
           5.0312e+00, -2.2461e-02],
         [-8.2970e-05, -3.3203e-02, -4.4861e-03,  ..., -4.4375e+00,
          -1.1875e+00,  3.5000e+00],
         ...,
         [-5.6458e-04,  3.8086e-02, -8.2397e-04,  ...,  4.7812e+00,
           2.7500e+01, -8.2031e-01],
         [ 3.1891e-03,  1.3672e-02,  9.2697e-04,  ...,  3.5625e+00,
           3.7344e+00, -3.0884e-02],
         [-3.0060e-03, -7.0801e-02, -6.9809e-04,  ...,  4.6250e+00,
          -4.5625e+00, -4.1250e+00]],

        [[-2.1250e+00,  1.5938e+00,  8.6426e-02,  ...,  4.8438e+00,
          -2.6172e-01, -5.7812e-01],
         [-2.4219e+00, -1.6797e-01,  2.0630e-02,  ..., -3.5547e-01,
           4.0000e+00, -1.8906e+00],
         [-1.0391e+00,  9.4922e-01, -2.4414e-02,  ..., -7.9297e-01,
          -8.9062e-01, -2.0703e-01],
         ...,
         [-3.8086e-01,  4.4727e-01,  6.2500e-02,  ...,  8.1250e+00,
           5.6250e+00, -6.7188e+00],
         [ 1.3047e+00,  1.3359e+00, -2.5024e-02,  ...,  3.7656e+00,
           5.7500e+00, -4.9375e+00],
         [-1.4453e-01, -1.2891e-01,  3.7842e-02,  ..., -6.8438e+00,
          -3.8750e+00, -7.6562e+00]],

        [[-8.1641e-01,  2.0801e-01,  1.3379e-01,  ...,  6.2188e+00,
           1.2109e+00,  4.5508e-01],
         [ 3.8818e-02,  8.5938e-01,  1.4221e-02,  ..., -3.6562e+00,
           3.6094e+00, -2.7344e+00],
         [-2.2266e-01,  4.9609e-01, -3.6377e-02,  ..., -2.0938e+00,
          -1.7031e+00,  5.2734e-01],
         ...,
         [-2.4219e-01, -6.2109e-01,  7.1777e-02,  ...,  7.7188e+00,
           5.7500e+00, -4.2500e+00],
         [ 4.9805e-02,  5.7812e-01, -5.0781e-02,  ...,  2.6250e+00,
           4.3750e+00, -3.4844e+00],
         [-2.5000e-01,  6.2891e-01,  9.3750e-02,  ..., -3.9688e+00,
          -4.1562e+00, -7.5000e+00]],

        ...,

        [[-1.8203e+00, -7.1875e-01,  1.4062e-01,  ...,  5.5000e+00,
           2.6250e+00, -6.2891e-01],
         [-8.7891e-01, -1.9531e+00,  2.4658e-02,  ..., -7.8906e-01,
           3.3594e+00, -6.0625e+00],
         [-8.8672e-01, -6.5234e-01, -4.8218e-03,  ..., -2.7812e+00,
           2.1777e-01,  1.3516e+00],
         ...,
         [-2.9102e-01,  1.1094e+00,  6.5430e-02,  ...,  6.8750e+00,
           4.6562e+00, -2.5312e+00],
         [ 7.1484e-01, -2.9297e-02, -1.5015e-02,  ...,  4.4688e+00,
           3.5938e+00, -2.5000e+00],
         [-2.7148e-01, -1.5156e+00,  1.0010e-01,  ..., -3.3750e+00,
          -4.1562e+00, -6.4688e+00]],

        [[ 7.0312e-01,  7.4219e-02,  9.8145e-02,  ...,  5.5938e+00,
          -5.2344e-01, -2.7500e+00],
         [ 5.7812e-01, -1.5938e+00, -7.4768e-03,  ..., -7.3828e-01,
           7.9297e-01, -6.0312e+00],
         [ 4.4336e-01, -3.0273e-01, -3.8574e-02,  ...,  2.6094e+00,
          -3.1250e-01,  2.4121e-01],
         ...,
         [ 1.2207e-01,  6.0938e-01,  9.3262e-02,  ...,  7.2188e+00,
           7.6250e+00, -4.6250e+00],
         [-1.0469e+00,  1.7812e+00,  4.7852e-02,  ...,  2.4531e+00,
           5.2812e+00, -5.7812e+00],
         [ 5.7617e-02, -7.2266e-01,  7.5195e-02,  ..., -1.0312e+01,
          -8.7109e-01, -8.0625e+00]],

        [[ 3.5781e+00,  2.1875e+00,  3.5156e-02,  ...,  7.7188e+00,
          -2.1094e-01, -2.3281e+00],
         [ 1.9219e+00,  8.9062e-01,  2.7924e-03,  ..., -1.5156e+00,
          -3.0396e-02, -6.4688e+00],
         [ 4.2969e-01, -2.3438e-02, -1.3428e-03,  ..., -4.8242e-01,
          -1.1953e+00,  6.2109e-01],
         ...,
         [ 6.8359e-01,  3.3594e-01,  3.6865e-02,  ...,  1.3188e+01,
           4.1250e+00, -1.4531e+00],
         [-1.9688e+00,  2.5625e+00, -4.5471e-03,  ...,  5.0312e+00,
           5.0000e+00, -2.4062e+00],
         [ 2.9102e-01, -3.3398e-01,  7.1289e-02,  ..., -5.8438e+00,
          -3.7969e+00, -9.8750e+00]]], device='cuda:0', dtype=torch.bfloat16)
tensor([[[-3.2654e-03,  3.8605e-03, -1.0777e-04,  ...,  2.1562e+00,
           2.5977e-01, -1.9844e+00],
         [-4.9133e-03,  1.9897e-02, -2.9755e-03,  ..., -4.3945e-01,
           5.0312e+00, -2.2461e-02],
         [-8.2970e-05, -3.3203e-02, -4.4861e-03,  ..., -4.4375e+00,
          -1.1875e+00,  3.5000e+00],
         ...,
         [-5.6458e-04,  3.8086e-02, -8.2397e-04,  ...,  4.7812e+00,
           2.7500e+01, -8.2031e-01],
         [ 3.1891e-03,  1.3672e-02,  9.2697e-04,  ...,  3.5625e+00,
           3.7344e+00, -3.0884e-02],
         [-3.0060e-03, -7.0801e-02, -6.9809e-04,  ...,  4.6250e+00,
          -4.5625e+00, -4.1250e+00]],

        [[-2.1250e+00,  1.5938e+00,  8.6426e-02,  ...,  4.8438e+00,
          -2.6172e-01, -5.7812e-01],
         [-2.4219e+00, -1.6797e-01,  2.0630e-02,  ..., -3.5547e-01,
           4.0000e+00, -1.8906e+00],
         [-1.0391e+00,  9.4922e-01, -2.4414e-02,  ..., -7.9297e-01,
          -8.9062e-01, -2.0703e-01],
         ...,
         [-3.8086e-01,  4.4727e-01,  6.2500e-02,  ...,  8.1250e+00,
           5.6250e+00, -6.7188e+00],
         [ 1.3047e+00,  1.3359e+00, -2.5024e-02,  ...,  3.7656e+00,
           5.7500e+00, -4.9375e+00],
         [-1.4453e-01, -1.2891e-01,  3.7842e-02,  ..., -6.8438e+00,
          -3.8750e+00, -7.6562e+00]],

        [[-8.1641e-01,  2.0801e-01,  1.3379e-01,  ...,  6.2188e+00,
           1.2109e+00,  4.5508e-01],
         [ 3.8818e-02,  8.5938e-01,  1.4221e-02,  ..., -3.6562e+00,
           3.6094e+00, -2.7344e+00],
         [-2.2266e-01,  4.9609e-01, -3.6377e-02,  ..., -2.0938e+00,
          -1.7031e+00,  5.2734e-01],
         ...,
         [-2.4219e-01, -6.2109e-01,  7.1777e-02,  ...,  7.7188e+00,
           5.7500e+00, -4.2500e+00],
         [ 4.9805e-02,  5.7812e-01, -5.0781e-02,  ...,  2.6250e+00,
           4.3750e+00, -3.4844e+00],
         [-2.5000e-01,  6.2891e-01,  9.3750e-02,  ..., -3.9688e+00,
          -4.1562e+00, -7.5000e+00]],

        ...,

        [[-1.8203e+00, -7.1875e-01,  1.4062e-01,  ...,  5.5000e+00,
           2.6250e+00, -6.2891e-01],
         [-8.7891e-01, -1.9531e+00,  2.4658e-02,  ..., -7.8906e-01,
           3.3594e+00, -6.0625e+00],
         [-8.8672e-01, -6.5234e-01, -4.8218e-03,  ..., -2.7812e+00,
           2.1777e-01,  1.3516e+00],
         ...,
         [-2.9102e-01,  1.1094e+00,  6.5430e-02,  ...,  6.8750e+00,
           4.6562e+00, -2.5312e+00],
         [ 7.1484e-01, -2.9297e-02, -1.5015e-02,  ...,  4.4688e+00,
           3.5938e+00, -2.5000e+00],
         [-2.7148e-01, -1.5156e+00,  1.0010e-01,  ..., -3.3750e+00,
          -4.1562e+00, -6.4688e+00]],

        [[ 7.0312e-01,  7.4219e-02,  9.8145e-02,  ...,  5.5938e+00,
          -5.2344e-01, -2.7500e+00],
         [ 5.7812e-01, -1.5938e+00, -7.4768e-03,  ..., -7.3828e-01,
           7.9297e-01, -6.0312e+00],
         [ 4.4336e-01, -3.0273e-01, -3.8574e-02,  ...,  2.6094e+00,
          -3.1250e-01,  2.4121e-01],
         ...,
         [ 1.2207e-01,  6.0938e-01,  9.3262e-02,  ...,  7.2188e+00,
           7.6250e+00, -4.6250e+00],
         [-1.0469e+00,  1.7812e+00,  4.7852e-02,  ...,  2.4531e+00,
           5.2812e+00, -5.7812e+00],
         [ 5.7617e-02, -7.2266e-01,  7.5195e-02,  ..., -1.0312e+01,
          -8.7109e-01, -8.0625e+00]],

        [[ 3.5781e+00,  2.1875e+00,  3.5156e-02,  ...,  7.7188e+00,
          -2.1094e-01, -2.3281e+00],
         [ 1.9219e+00,  8.9062e-01,  2.7924e-03,  ..., -1.5156e+00,
          -3.0396e-02, -6.4688e+00],
         [ 4.2969e-01, -2.3438e-02, -1.3428e-03,  ..., -4.8242e-01,
          -1.1953e+00,  6.2109e-01],
         ...,
         [ 6.8359e-01,  3.3594e-01,  3.6865e-02,  ...,  1.3188e+01,
           4.1250e+00, -1.4531e+00],
         [-1.9688e+00,  2.5625e+00, -4.5471e-03,  ...,  5.0312e+00,
           5.0000e+00, -2.4062e+00],
         [ 2.9102e-01, -3.3398e-01,  7.1289e-02,  ..., -5.8438e+00,
          -3.7969e+00, -9.8750e+00]]], device='cuda:0', dtype=torch.bfloat16)
tensor([[[-3.2654e-03,  3.8605e-03, -1.0777e-04,  ...,  2.1562e+00,
           2.5977e-01, -1.9844e+00],
         [-4.9133e-03,  1.9897e-02, -2.9755e-03,  ..., -4.3945e-01,
           5.0312e+00, -2.2461e-02],
         [-8.2970e-05, -3.3203e-02, -4.4861e-03,  ..., -4.4375e+00,
          -1.1875e+00,  3.5000e+00],
         ...,
         [-5.6458e-04,  3.8086e-02, -8.2397e-04,  ...,  4.7812e+00,
           2.7500e+01, -8.2031e-01],
         [ 3.1891e-03,  1.3672e-02,  9.2697e-04,  ...,  3.5625e+00,
           3.7344e+00, -3.0884e-02],
         [-3.0060e-03, -7.0801e-02, -6.9809e-04,  ...,  4.6250e+00,
          -4.5625e+00, -4.1250e+00]],

        [[-2.1250e+00,  1.5938e+00,  8.6426e-02,  ...,  4.8438e+00,
          -2.6172e-01, -5.7812e-01],
         [-2.4219e+00, -1.6797e-01,  2.0630e-02,  ..., -3.5547e-01,
           4.0000e+00, -1.8906e+00],
         [-1.0391e+00,  9.4922e-01, -2.4414e-02,  ..., -7.9297e-01,
          -8.9062e-01, -2.0703e-01],
         ...,
         [-3.8086e-01,  4.4727e-01,  6.2500e-02,  ...,  8.1250e+00,
           5.6250e+00, -6.7188e+00],
         [ 1.3047e+00,  1.3359e+00, -2.5024e-02,  ...,  3.7656e+00,
           5.7500e+00, -4.9375e+00],
         [-1.4453e-01, -1.2891e-01,  3.7842e-02,  ..., -6.8438e+00,
          -3.8750e+00, -7.6562e+00]],

        [[-8.1641e-01,  2.0801e-01,  1.3379e-01,  ...,  6.2188e+00,
           1.2109e+00,  4.5508e-01],
         [ 3.8818e-02,  8.5938e-01,  1.4221e-02,  ..., -3.6562e+00,
           3.6094e+00, -2.7344e+00],
         [-2.2266e-01,  4.9609e-01, -3.6377e-02,  ..., -2.0938e+00,
          -1.7031e+00,  5.2734e-01],
         ...,
         [-2.4219e-01, -6.2109e-01,  7.1777e-02,  ...,  7.7188e+00,
           5.7500e+00, -4.2500e+00],
         [ 4.9805e-02,  5.7812e-01, -5.0781e-02,  ...,  2.6250e+00,
           4.3750e+00, -3.4844e+00],
         [-2.5000e-01,  6.2891e-01,  9.3750e-02,  ..., -3.9688e+00,
          -4.1562e+00, -7.5000e+00]],

        ...,

        [[-1.8203e+00, -7.1875e-01,  1.4062e-01,  ...,  5.5000e+00,
           2.6250e+00, -6.2891e-01],
         [-8.7891e-01, -1.9531e+00,  2.4658e-02,  ..., -7.8906e-01,
           3.3594e+00, -6.0625e+00],
         [-8.8672e-01, -6.5234e-01, -4.8218e-03,  ..., -2.7812e+00,
           2.1777e-01,  1.3516e+00],
         ...,
         [-2.9102e-01,  1.1094e+00,  6.5430e-02,  ...,  6.8750e+00,
           4.6562e+00, -2.5312e+00],
         [ 7.1484e-01, -2.9297e-02, -1.5015e-02,  ...,  4.4688e+00,
           3.5938e+00, -2.5000e+00],
         [-2.7148e-01, -1.5156e+00,  1.0010e-01,  ..., -3.3750e+00,
          -4.1562e+00, -6.4688e+00]],

        [[ 7.0312e-01,  7.4219e-02,  9.8145e-02,  ...,  5.5938e+00,
          -5.2344e-01, -2.7500e+00],
         [ 5.7812e-01, -1.5938e+00, -7.4768e-03,  ..., -7.3828e-01,
           7.9297e-01, -6.0312e+00],
         [ 4.4336e-01, -3.0273e-01, -3.8574e-02,  ...,  2.6094e+00,
          -3.1250e-01,  2.4121e-01],
         ...,
         [ 1.2207e-01,  6.0938e-01,  9.3262e-02,  ...,  7.2188e+00,
           7.6250e+00, -4.6250e+00],
         [-1.0469e+00,  1.7812e+00,  4.7852e-02,  ...,  2.4531e+00,
           5.2812e+00, -5.7812e+00],
         [ 5.7617e-02, -7.2266e-01,  7.5195e-02,  ..., -1.0312e+01,
          -8.7109e-01, -8.0625e+00]],

        [[ 3.5781e+00,  2.1875e+00,  3.5156e-02,  ...,  7.7188e+00,
          -2.1094e-01, -2.3281e+00],
         [ 1.9219e+00,  8.9062e-01,  2.7924e-03,  ..., -1.5156e+00,
          -3.0396e-02, -6.4688e+00],
         [ 4.2969e-01, -2.3438e-02, -1.3428e-03,  ..., -4.8242e-01,
          -1.1953e+00,  6.2109e-01],
         ...,
         [ 6.8359e-01,  3.3594e-01,  3.6865e-02,  ...,  1.3188e+01,
           4.1250e+00, -1.4531e+00],
         [-1.9688e+00,  2.5625e+00, -4.5471e-03,  ...,  5.0312e+00,
           5.0000e+00, -2.4062e+00],
         [ 2.9102e-01, -3.3398e-01,  7.1289e-02,  ..., -5.8438e+00,
          -3.7969e+00, -9.8750e+00]]], device='cuda:0', dtype=torch.bfloat16)
tensor([[[ 8.4229e-03, -2.5177e-03, -1.3611e-02,  ...,  1.2891e+00,
          -5.9062e+00,  1.7969e+00],
         [ 2.7344e-02,  6.7139e-03, -3.0365e-03,  ..., -5.3750e+00,
          -2.2754e-01, -6.0156e-01],
         [ 8.4839e-03, -3.4180e-03,  3.2471e-02,  ..., -4.9688e+00,
          -8.6328e-01,  5.7812e-01],
         ...,
         [ 3.7193e-05,  3.0823e-03, -9.5825e-03,  ...,  8.3750e+00,
          -2.0000e+00, -1.7656e+00],
         [ 2.0874e-02,  1.0193e-02,  6.4453e-02,  ...,  3.8125e+00,
          -8.6250e+00,  1.3867e-01],
         [ 1.5015e-02, -1.3123e-03, -1.2756e-02,  ...,  1.5938e+00,
          -6.6875e+00, -4.1250e+00]],

        [[-4.1406e-01, -2.4316e-01,  1.4688e+00,  ..., -2.6562e+00,
          -4.9688e+00,  6.3438e+00],
         [ 2.1562e+00, -3.2344e+00,  1.0703e+00,  ..., -8.0625e+00,
          -7.1250e+00, -4.2188e+00],
         [-1.6113e-01,  9.8633e-02, -1.0078e+00,  ..., -1.0062e+01,
           6.9375e+00, -2.8281e+00],
         ...,
         [ 5.7031e-01, -2.9492e-01, -3.1641e-01,  ...,  8.8750e+00,
          -2.7500e+00, -7.0703e-01],
         [-1.8750e-01, -4.1406e-01, -6.2500e-01,  ...,  3.6094e+00,
          -8.3125e+00,  8.3984e-01],
         [ 3.2422e-01, -6.7188e-01, -1.1797e+00,  ...,  5.5469e-01,
          -1.7188e+00, -6.3750e+00]],

        [[ 2.3242e-01,  3.0859e-01,  5.1953e-01,  ..., -9.8828e-01,
          -5.3438e+00,  5.5000e+00],
         [-1.8594e+00, -1.6484e+00,  1.3125e+00,  ..., -5.0625e+00,
          -7.1250e+00, -5.8125e+00],
         [-8.8867e-02,  3.1445e-01, -1.6699e-01,  ..., -8.7500e+00,
           6.0625e+00, -1.4766e+00],
         ...,
         [ 1.1133e-01,  1.4746e-01, -3.1445e-01,  ...,  6.0625e+00,
          -3.2656e+00, -1.9375e+00],
         [ 7.1289e-02, -1.6895e-01, -6.6406e-01,  ...,  3.8125e+00,
          -8.5625e+00,  2.0156e+00],
         [ 5.7031e-01, -1.0391e+00, -9.8828e-01,  ...,  9.4531e-01,
          -2.8516e-01, -6.0312e+00]],

        ...,

        [[ 2.0938e+00,  3.8452e-03,  1.2500e+00,  ..., -3.9062e-01,
          -5.6250e+00,  4.3125e+00],
         [-3.8281e+00,  4.5938e+00,  1.4453e+00,  ..., -8.1250e+00,
          -5.9375e+00, -5.4688e+00],
         [-3.0469e-01, -1.2793e-01, -3.8086e-01,  ..., -1.0000e+01,
           5.7188e+00, -2.6719e+00],
         ...,
         [ 2.1484e-01,  6.7578e-01,  9.0234e-01,  ...,  6.3438e+00,
          -2.6719e+00, -7.6953e-01],
         [-7.6172e-01,  1.1016e+00,  3.2227e-02,  ...,  1.4531e+00,
          -9.9375e+00,  2.6719e+00],
         [ 1.3594e+00,  1.2656e+00, -1.1797e+00,  ...,  2.3125e+00,
          -2.1562e+00, -6.5000e+00]],

        [[ 4.8633e-01,  3.9062e-02, -3.0078e-01,  ..., -2.4609e-01,
          -4.5000e+00,  3.4844e+00],
         [-2.8125e+00,  4.5703e-01,  1.2402e-01,  ..., -9.2500e+00,
          -4.4688e+00, -5.4062e+00],
         [ 1.6895e-01, -5.0293e-02,  5.7031e-01,  ..., -1.0938e+01,
           5.1875e+00, -4.7812e+00],
         ...,
         [-8.6719e-01,  1.1133e-01,  2.9492e-01,  ...,  2.0156e+00,
          -7.0938e+00,  1.1797e+00],
         [-5.5078e-01,  2.3438e-02, -7.5684e-02,  ...,  2.6875e+00,
          -6.3750e+00,  3.3750e+00],
         [ 2.4414e-01,  8.7891e-02, -5.3906e-01,  ...,  3.6250e+00,
          -3.4531e+00, -7.5000e+00]],

        [[ 9.5703e-02, -1.3828e+00, -1.5781e+00,  ..., -2.2188e+00,
          -5.6875e+00,  5.7812e+00],
         [ 1.7500e+00, -1.7734e+00,  2.4219e+00,  ..., -7.5000e+00,
          -1.9688e+00, -7.9062e+00],
         [-3.9648e-01,  4.5898e-01,  1.4531e+00,  ..., -7.3750e+00,
           1.2266e+00, -4.8125e+00],
         ...,
         [-1.2422e+00, -2.3242e-01,  6.0547e-01,  ...,  5.5625e+00,
          -5.4062e+00, -1.0469e+00],
         [-1.9629e-01, -5.7812e-01,  1.4062e+00,  ...,  2.7969e+00,
          -1.0438e+01,  5.8750e+00],
         [-1.1719e+00, -1.1016e+00,  9.5703e-01,  ..., -5.1953e-01,
          -1.6250e+00, -6.9062e+00]]], device='cuda:0', dtype=torch.bfloat16)
tensor([[[ 8.4229e-03, -2.5177e-03, -1.3611e-02,  ...,  1.2891e+00,
          -5.9062e+00,  1.7969e+00],
         [ 2.7344e-02,  6.7139e-03, -3.0365e-03,  ..., -5.3750e+00,
          -2.2754e-01, -6.0156e-01],
         [ 8.4839e-03, -3.4180e-03,  3.2471e-02,  ..., -4.9688e+00,
          -8.6328e-01,  5.7812e-01],
         ...,
         [ 3.7193e-05,  3.0823e-03, -9.5825e-03,  ...,  8.3750e+00,
          -2.0000e+00, -1.7656e+00],
         [ 2.0874e-02,  1.0193e-02,  6.4453e-02,  ...,  3.8125e+00,
          -8.6250e+00,  1.3867e-01],
         [ 1.5015e-02, -1.3123e-03, -1.2756e-02,  ...,  1.5938e+00,
          -6.6875e+00, -4.1250e+00]],

        [[-4.1406e-01, -2.4316e-01,  1.4688e+00,  ..., -2.6562e+00,
          -4.9688e+00,  6.3438e+00],
         [ 2.1562e+00, -3.2344e+00,  1.0703e+00,  ..., -8.0625e+00,
          -7.1250e+00, -4.2188e+00],
         [-1.6113e-01,  9.8633e-02, -1.0078e+00,  ..., -1.0062e+01,
           6.9375e+00, -2.8281e+00],
         ...,
         [ 5.7031e-01, -2.9492e-01, -3.1641e-01,  ...,  8.8750e+00,
          -2.7500e+00, -7.0703e-01],
         [-1.8750e-01, -4.1406e-01, -6.2500e-01,  ...,  3.6094e+00,
          -8.3125e+00,  8.3984e-01],
         [ 3.2422e-01, -6.7188e-01, -1.1797e+00,  ...,  5.5469e-01,
          -1.7188e+00, -6.3750e+00]],

        [[ 2.3242e-01,  3.0859e-01,  5.1953e-01,  ..., -9.8828e-01,
          -5.3438e+00,  5.5000e+00],
         [-1.8594e+00, -1.6484e+00,  1.3125e+00,  ..., -5.0625e+00,
          -7.1250e+00, -5.8125e+00],
         [-8.8867e-02,  3.1445e-01, -1.6699e-01,  ..., -8.7500e+00,
           6.0625e+00, -1.4766e+00],
         ...,
         [ 1.1133e-01,  1.4746e-01, -3.1445e-01,  ...,  6.0625e+00,
          -3.2656e+00, -1.9375e+00],
         [ 7.1289e-02, -1.6895e-01, -6.6406e-01,  ...,  3.8125e+00,
          -8.5625e+00,  2.0156e+00],
         [ 5.7031e-01, -1.0391e+00, -9.8828e-01,  ...,  9.4531e-01,
          -2.8516e-01, -6.0312e+00]],

        ...,

        [[ 2.0938e+00,  3.8452e-03,  1.2500e+00,  ..., -3.9062e-01,
          -5.6250e+00,  4.3125e+00],
         [-3.8281e+00,  4.5938e+00,  1.4453e+00,  ..., -8.1250e+00,
          -5.9375e+00, -5.4688e+00],
         [-3.0469e-01, -1.2793e-01, -3.8086e-01,  ..., -1.0000e+01,
           5.7188e+00, -2.6719e+00],
         ...,
         [ 2.1484e-01,  6.7578e-01,  9.0234e-01,  ...,  6.3438e+00,
          -2.6719e+00, -7.6953e-01],
         [-7.6172e-01,  1.1016e+00,  3.2227e-02,  ...,  1.4531e+00,
          -9.9375e+00,  2.6719e+00],
         [ 1.3594e+00,  1.2656e+00, -1.1797e+00,  ...,  2.3125e+00,
          -2.1562e+00, -6.5000e+00]],

        [[ 4.8633e-01,  3.9062e-02, -3.0078e-01,  ..., -2.4609e-01,
          -4.5000e+00,  3.4844e+00],
         [-2.8125e+00,  4.5703e-01,  1.2402e-01,  ..., -9.2500e+00,
          -4.4688e+00, -5.4062e+00],
         [ 1.6895e-01, -5.0293e-02,  5.7031e-01,  ..., -1.0938e+01,
           5.1875e+00, -4.7812e+00],
         ...,
         [-8.6719e-01,  1.1133e-01,  2.9492e-01,  ...,  2.0156e+00,
          -7.0938e+00,  1.1797e+00],
         [-5.5078e-01,  2.3438e-02, -7.5684e-02,  ...,  2.6875e+00,
          -6.3750e+00,  3.3750e+00],
         [ 2.4414e-01,  8.7891e-02, -5.3906e-01,  ...,  3.6250e+00,
          -3.4531e+00, -7.5000e+00]],

        [[ 9.5703e-02, -1.3828e+00, -1.5781e+00,  ..., -2.2188e+00,
          -5.6875e+00,  5.7812e+00],
         [ 1.7500e+00, -1.7734e+00,  2.4219e+00,  ..., -7.5000e+00,
          -1.9688e+00, -7.9062e+00],
         [-3.9648e-01,  4.5898e-01,  1.4531e+00,  ..., -7.3750e+00,
           1.2266e+00, -4.8125e+00],
         ...,
         [-1.2422e+00, -2.3242e-01,  6.0547e-01,  ...,  5.5625e+00,
          -5.4062e+00, -1.0469e+00],
         [-1.9629e-01, -5.7812e-01,  1.4062e+00,  ...,  2.7969e+00,
          -1.0438e+01,  5.8750e+00],
         [-1.1719e+00, -1.1016e+00,  9.5703e-01,  ..., -5.1953e-01,
          -1.6250e+00, -6.9062e+00]]], device='cuda:0', dtype=torch.bfloat16)
tensor([[[ 8.4229e-03, -2.5177e-03, -1.3611e-02,  ...,  1.2891e+00,
          -5.9062e+00,  1.7969e+00],
         [ 2.7344e-02,  6.7139e-03, -3.0365e-03,  ..., -5.3750e+00,
          -2.2754e-01, -6.0156e-01],
         [ 8.4839e-03, -3.4180e-03,  3.2471e-02,  ..., -4.9688e+00,
          -8.6328e-01,  5.7812e-01],
         ...,
         [ 3.7193e-05,  3.0823e-03, -9.5825e-03,  ...,  8.3750e+00,
          -2.0000e+00, -1.7656e+00],
         [ 2.0874e-02,  1.0193e-02,  6.4453e-02,  ...,  3.8125e+00,
          -8.6250e+00,  1.3867e-01],
         [ 1.5015e-02, -1.3123e-03, -1.2756e-02,  ...,  1.5938e+00,
          -6.6875e+00, -4.1250e+00]],

        [[-4.1406e-01, -2.4316e-01,  1.4688e+00,  ..., -2.6562e+00,
          -4.9688e+00,  6.3438e+00],
         [ 2.1562e+00, -3.2344e+00,  1.0703e+00,  ..., -8.0625e+00,
          -7.1250e+00, -4.2188e+00],
         [-1.6113e-01,  9.8633e-02, -1.0078e+00,  ..., -1.0062e+01,
           6.9375e+00, -2.8281e+00],
         ...,
         [ 5.7031e-01, -2.9492e-01, -3.1641e-01,  ...,  8.8750e+00,
          -2.7500e+00, -7.0703e-01],
         [-1.8750e-01, -4.1406e-01, -6.2500e-01,  ...,  3.6094e+00,
          -8.3125e+00,  8.3984e-01],
         [ 3.2422e-01, -6.7188e-01, -1.1797e+00,  ...,  5.5469e-01,
          -1.7188e+00, -6.3750e+00]],

        [[ 2.3242e-01,  3.0859e-01,  5.1953e-01,  ..., -9.8828e-01,
          -5.3438e+00,  5.5000e+00],
         [-1.8594e+00, -1.6484e+00,  1.3125e+00,  ..., -5.0625e+00,
          -7.1250e+00, -5.8125e+00],
         [-8.8867e-02,  3.1445e-01, -1.6699e-01,  ..., -8.7500e+00,
           6.0625e+00, -1.4766e+00],
         ...,
         [ 1.1133e-01,  1.4746e-01, -3.1445e-01,  ...,  6.0625e+00,
          -3.2656e+00, -1.9375e+00],
         [ 7.1289e-02, -1.6895e-01, -6.6406e-01,  ...,  3.8125e+00,
          -8.5625e+00,  2.0156e+00],
         [ 5.7031e-01, -1.0391e+00, -9.8828e-01,  ...,  9.4531e-01,
          -2.8516e-01, -6.0312e+00]],

        ...,

        [[ 2.0938e+00,  3.8452e-03,  1.2500e+00,  ..., -3.9062e-01,
          -5.6250e+00,  4.3125e+00],
         [-3.8281e+00,  4.5938e+00,  1.4453e+00,  ..., -8.1250e+00,
          -5.9375e+00, -5.4688e+00],
         [-3.0469e-01, -1.2793e-01, -3.8086e-01,  ..., -1.0000e+01,
           5.7188e+00, -2.6719e+00],
         ...,
         [ 2.1484e-01,  6.7578e-01,  9.0234e-01,  ...,  6.3438e+00,
          -2.6719e+00, -7.6953e-01],
         [-7.6172e-01,  1.1016e+00,  3.2227e-02,  ...,  1.4531e+00,
          -9.9375e+00,  2.6719e+00],
         [ 1.3594e+00,  1.2656e+00, -1.1797e+00,  ...,  2.3125e+00,
          -2.1562e+00, -6.5000e+00]],

        [[ 4.8633e-01,  3.9062e-02, -3.0078e-01,  ..., -2.4609e-01,
          -4.5000e+00,  3.4844e+00],
         [-2.8125e+00,  4.5703e-01,  1.2402e-01,  ..., -9.2500e+00,
          -4.4688e+00, -5.4062e+00],
         [ 1.6895e-01, -5.0293e-02,  5.7031e-01,  ..., -1.0938e+01,
           5.1875e+00, -4.7812e+00],
         ...,
         [-8.6719e-01,  1.1133e-01,  2.9492e-01,  ...,  2.0156e+00,
          -7.0938e+00,  1.1797e+00],
         [-5.5078e-01,  2.3438e-02, -7.5684e-02,  ...,  2.6875e+00,
          -6.3750e+00,  3.3750e+00],
         [ 2.4414e-01,  8.7891e-02, -5.3906e-01,  ...,  3.6250e+00,
          -3.4531e+00, -7.5000e+00]],

        [[ 9.5703e-02, -1.3828e+00, -1.5781e+00,  ..., -2.2188e+00,
          -5.6875e+00,  5.7812e+00],
         [ 1.7500e+00, -1.7734e+00,  2.4219e+00,  ..., -7.5000e+00,
          -1.9688e+00, -7.9062e+00],
         [-3.9648e-01,  4.5898e-01,  1.4531e+00,  ..., -7.3750e+00,
           1.2266e+00, -4.8125e+00],
         ...,
         [-1.2422e+00, -2.3242e-01,  6.0547e-01,  ...,  5.5625e+00,
          -5.4062e+00, -1.0469e+00],
         [-1.9629e-01, -5.7812e-01,  1.4062e+00,  ...,  2.7969e+00,
          -1.0438e+01,  5.8750e+00],
         [-1.1719e+00, -1.1016e+00,  9.5703e-01,  ..., -5.1953e-01,
          -1.6250e+00, -6.9062e+00]]], device='cuda:0', dtype=torch.bfloat16)
tensor([[[-1.6708e-03,  5.0659e-03,  1.6724e-02,  ..., -3.9688e+00,
           1.6875e+00, -3.2812e+00],
         [ 8.8120e-04,  2.1362e-03, -3.3691e-02,  ...,  3.1719e+00,
           1.1172e+00, -4.8750e+00],
         [ 6.2866e-03, -9.5825e-03,  3.9062e-03,  ...,  6.6406e-01,
          -1.2656e+00, -7.8906e-01],
         ...,
         [-2.9755e-03,  6.2256e-03, -3.2959e-02,  ..., -8.8281e-01,
          -2.1875e+00, -8.3594e-01],
         [ 9.4223e-04,  2.5940e-03, -5.2246e-02,  ..., -2.0605e-01,
          -1.1094e+00,  3.3438e+00],
         [ 1.5335e-03,  1.6708e-03,  8.9722e-03,  ...,  1.5781e+00,
          -2.4531e+00,  1.3594e+00]],

        [[ 1.9141e+00,  1.3281e+00,  1.0625e+00,  ..., -5.7188e+00,
           1.1719e+00, -1.2812e+00],
         [ 1.8164e-01, -1.2578e+00, -1.4062e+00,  ...,  5.0625e+00,
           5.5000e+00,  1.3750e+00],
         [-3.7812e+00,  1.3125e+00, -7.5391e-01,  ..., -1.0498e-02,
          -1.6406e+00, -5.3906e-01],
         ...,
         [ 1.3750e+00, -2.4414e-02,  2.7656e+00,  ..., -4.0312e+00,
          -1.9688e+00,  6.5625e+00],
         [ 3.1836e-01,  2.4219e-01,  1.0234e+00,  ...,  3.1562e+00,
           6.1562e+00,  8.1875e+00],
         [-9.0625e-01,  2.4219e-01,  1.0312e+00,  ..., -1.0000e+01,
          -6.9922e-01,  1.2891e-01]],

        [[ 1.1484e+00,  1.2656e+00,  1.1797e+00,  ..., -4.5312e+00,
           2.2031e+00, -1.7109e+00],
         [-2.7344e-01, -1.3281e+00, -5.3516e-01,  ...,  3.8594e+00,
           4.3438e+00,  3.4219e+00],
         [-3.0938e+00,  1.3203e+00, -7.5781e-01,  ...,  1.7109e+00,
          -1.2578e+00, -1.3906e+00],
         ...,
         [ 1.9141e-01, -1.0391e+00,  2.0781e+00,  ..., -2.7500e+00,
          -4.2500e+00,  6.7500e+00],
         [-2.1387e-01, -1.8652e-01,  3.8086e-01,  ...,  4.1016e-01,
           4.0000e+00,  8.6250e+00],
         [ 5.1880e-04,  5.4297e-01,  3.8281e-01,  ..., -6.1250e+00,
          -3.7812e+00,  2.2559e-01]],

        ...,

        [[ 1.3203e+00, -1.5918e-01,  2.3438e+00,  ..., -4.5000e+00,
           1.6172e+00,  9.5703e-01],
         [ 1.2988e-01,  1.4844e+00, -1.3906e+00,  ...,  4.8125e+00,
           2.1250e+00,  3.0469e+00],
         [-2.8906e+00, -2.3633e-01, -2.4844e+00,  ..., -6.3281e-01,
          -1.2031e+00, -1.1250e+00],
         ...,
         [ 6.2109e-01,  1.0547e+00,  2.9062e+00,  ..., -3.9531e+00,
          -3.1094e+00,  6.9375e+00],
         [ 7.4707e-02, -3.4961e-01,  1.7734e+00,  ...,  2.9062e+00,
           2.1875e+00,  8.6875e+00],
         [-4.1211e-01, -9.5312e-01,  2.2031e+00,  ..., -6.5000e+00,
          -5.7812e+00,  1.7266e+00]],

        [[-7.8516e-01,  5.2002e-02,  6.1328e-01,  ..., -6.0000e+00,
           1.2656e+00,  5.1172e-01],
         [ 2.2754e-01,  1.9409e-02, -1.3281e+00,  ...,  5.0312e+00,
           6.3125e+00,  2.6719e+00],
         [ 1.3750e+00, -2.0312e-01, -1.3594e+00,  ...,  1.6309e-01,
          -2.4805e-01, -8.2812e-01],
         ...,
         [-2.2461e-01, -3.1494e-02,  8.4766e-01,  ..., -5.9062e+00,
          -5.5000e+00,  4.9688e+00],
         [-3.3203e-01,  3.4424e-02,  9.2578e-01,  ..., -6.7969e-01,
           9.1250e+00,  6.9688e+00],
         [ 2.3340e-01, -1.0010e-01,  2.0469e+00,  ..., -1.1375e+01,
          -3.8086e-01, -5.0625e+00]],

        [[-1.9688e+00,  3.9062e-02,  1.1016e+00,  ..., -3.9844e+00,
           8.3984e-01, -2.1562e+00],
         [ 1.1816e-01, -1.0469e+00, -2.5000e-01,  ...,  4.4375e+00,
          -1.2734e+00,  2.5469e+00],
         [ 5.0625e+00,  9.9609e-01,  3.0469e-01,  ..., -2.5586e-01,
          -4.6875e-01, -8.0469e-01],
         ...,
         [-7.5000e-01,  5.5859e-01, -4.2969e-01,  ..., -7.5312e+00,
          -4.0000e+00,  3.1875e+00],
         [ 1.6016e-01, -8.5449e-02, -1.2344e+00,  ...,  8.4766e-01,
           7.2188e+00,  9.5000e+00],
         [ 7.1875e-01,  9.8438e-01,  4.2578e-01,  ..., -8.1250e+00,
          -5.5078e-01, -3.2656e+00]]], device='cuda:0', dtype=torch.bfloat16)
tensor([[[-1.6708e-03,  5.0659e-03,  1.6724e-02,  ..., -3.9688e+00,
           1.6875e+00, -3.2812e+00],
         [ 8.8120e-04,  2.1362e-03, -3.3691e-02,  ...,  3.1719e+00,
           1.1172e+00, -4.8750e+00],
         [ 6.2866e-03, -9.5825e-03,  3.9062e-03,  ...,  6.6406e-01,
          -1.2656e+00, -7.8906e-01],
         ...,
         [-2.9755e-03,  6.2256e-03, -3.2959e-02,  ..., -8.8281e-01,
          -2.1875e+00, -8.3594e-01],
         [ 9.4223e-04,  2.5940e-03, -5.2246e-02,  ..., -2.0605e-01,
          -1.1094e+00,  3.3438e+00],
         [ 1.5335e-03,  1.6708e-03,  8.9722e-03,  ...,  1.5781e+00,
          -2.4531e+00,  1.3594e+00]],

        [[ 1.9141e+00,  1.3281e+00,  1.0625e+00,  ..., -5.7188e+00,
           1.1719e+00, -1.2812e+00],
         [ 1.8164e-01, -1.2578e+00, -1.4062e+00,  ...,  5.0625e+00,
           5.5000e+00,  1.3750e+00],
         [-3.7812e+00,  1.3125e+00, -7.5391e-01,  ..., -1.0498e-02,
          -1.6406e+00, -5.3906e-01],
         ...,
         [ 1.3750e+00, -2.4414e-02,  2.7656e+00,  ..., -4.0312e+00,
          -1.9688e+00,  6.5625e+00],
         [ 3.1836e-01,  2.4219e-01,  1.0234e+00,  ...,  3.1562e+00,
           6.1562e+00,  8.1875e+00],
         [-9.0625e-01,  2.4219e-01,  1.0312e+00,  ..., -1.0000e+01,
          -6.9922e-01,  1.2891e-01]],

        [[ 1.1484e+00,  1.2656e+00,  1.1797e+00,  ..., -4.5312e+00,
           2.2031e+00, -1.7109e+00],
         [-2.7344e-01, -1.3281e+00, -5.3516e-01,  ...,  3.8594e+00,
           4.3438e+00,  3.4219e+00],
         [-3.0938e+00,  1.3203e+00, -7.5781e-01,  ...,  1.7109e+00,
          -1.2578e+00, -1.3906e+00],
         ...,
         [ 1.9141e-01, -1.0391e+00,  2.0781e+00,  ..., -2.7500e+00,
          -4.2500e+00,  6.7500e+00],
         [-2.1387e-01, -1.8652e-01,  3.8086e-01,  ...,  4.1016e-01,
           4.0000e+00,  8.6250e+00],
         [ 5.1880e-04,  5.4297e-01,  3.8281e-01,  ..., -6.1250e+00,
          -3.7812e+00,  2.2559e-01]],

        ...,

        [[ 1.3203e+00, -1.5918e-01,  2.3438e+00,  ..., -4.5000e+00,
           1.6172e+00,  9.5703e-01],
         [ 1.2988e-01,  1.4844e+00, -1.3906e+00,  ...,  4.8125e+00,
           2.1250e+00,  3.0469e+00],
         [-2.8906e+00, -2.3633e-01, -2.4844e+00,  ..., -6.3281e-01,
          -1.2031e+00, -1.1250e+00],
         ...,
         [ 6.2109e-01,  1.0547e+00,  2.9062e+00,  ..., -3.9531e+00,
          -3.1094e+00,  6.9375e+00],
         [ 7.4707e-02, -3.4961e-01,  1.7734e+00,  ...,  2.9062e+00,
           2.1875e+00,  8.6875e+00],
         [-4.1211e-01, -9.5312e-01,  2.2031e+00,  ..., -6.5000e+00,
          -5.7812e+00,  1.7266e+00]],

        [[-7.8516e-01,  5.2002e-02,  6.1328e-01,  ..., -6.0000e+00,
           1.2656e+00,  5.1172e-01],
         [ 2.2754e-01,  1.9409e-02, -1.3281e+00,  ...,  5.0312e+00,
           6.3125e+00,  2.6719e+00],
         [ 1.3750e+00, -2.0312e-01, -1.3594e+00,  ...,  1.6309e-01,
          -2.4805e-01, -8.2812e-01],
         ...,
         [-2.2461e-01, -3.1494e-02,  8.4766e-01,  ..., -5.9062e+00,
          -5.5000e+00,  4.9688e+00],
         [-3.3203e-01,  3.4424e-02,  9.2578e-01,  ..., -6.7969e-01,
           9.1250e+00,  6.9688e+00],
         [ 2.3340e-01, -1.0010e-01,  2.0469e+00,  ..., -1.1375e+01,
          -3.8086e-01, -5.0625e+00]],

        [[-1.9688e+00,  3.9062e-02,  1.1016e+00,  ..., -3.9844e+00,
           8.3984e-01, -2.1562e+00],
         [ 1.1816e-01, -1.0469e+00, -2.5000e-01,  ...,  4.4375e+00,
          -1.2734e+00,  2.5469e+00],
         [ 5.0625e+00,  9.9609e-01,  3.0469e-01,  ..., -2.5586e-01,
          -4.6875e-01, -8.0469e-01],
         ...,
         [-7.5000e-01,  5.5859e-01, -4.2969e-01,  ..., -7.5312e+00,
          -4.0000e+00,  3.1875e+00],
         [ 1.6016e-01, -8.5449e-02, -1.2344e+00,  ...,  8.4766e-01,
           7.2188e+00,  9.5000e+00],
         [ 7.1875e-01,  9.8438e-01,  4.2578e-01,  ..., -8.1250e+00,
          -5.5078e-01, -3.2656e+00]]], device='cuda:0', dtype=torch.bfloat16)
tensor([[[-1.6708e-03,  5.0659e-03,  1.6724e-02,  ..., -3.9688e+00,
           1.6875e+00, -3.2812e+00],
         [ 8.8120e-04,  2.1362e-03, -3.3691e-02,  ...,  3.1719e+00,
           1.1172e+00, -4.8750e+00],
         [ 6.2866e-03, -9.5825e-03,  3.9062e-03,  ...,  6.6406e-01,
          -1.2656e+00, -7.8906e-01],
         ...,
         [-2.9755e-03,  6.2256e-03, -3.2959e-02,  ..., -8.8281e-01,
          -2.1875e+00, -8.3594e-01],
         [ 9.4223e-04,  2.5940e-03, -5.2246e-02,  ..., -2.0605e-01,
          -1.1094e+00,  3.3438e+00],
         [ 1.5335e-03,  1.6708e-03,  8.9722e-03,  ...,  1.5781e+00,
          -2.4531e+00,  1.3594e+00]],

        [[ 1.9141e+00,  1.3281e+00,  1.0625e+00,  ..., -5.7188e+00,
           1.1719e+00, -1.2812e+00],
         [ 1.8164e-01, -1.2578e+00, -1.4062e+00,  ...,  5.0625e+00,
           5.5000e+00,  1.3750e+00],
         [-3.7812e+00,  1.3125e+00, -7.5391e-01,  ..., -1.0498e-02,
          -1.6406e+00, -5.3906e-01],
         ...,
         [ 1.3750e+00, -2.4414e-02,  2.7656e+00,  ..., -4.0312e+00,
          -1.9688e+00,  6.5625e+00],
         [ 3.1836e-01,  2.4219e-01,  1.0234e+00,  ...,  3.1562e+00,
           6.1562e+00,  8.1875e+00],
         [-9.0625e-01,  2.4219e-01,  1.0312e+00,  ..., -1.0000e+01,
          -6.9922e-01,  1.2891e-01]],

        [[ 1.1484e+00,  1.2656e+00,  1.1797e+00,  ..., -4.5312e+00,
           2.2031e+00, -1.7109e+00],
         [-2.7344e-01, -1.3281e+00, -5.3516e-01,  ...,  3.8594e+00,
           4.3438e+00,  3.4219e+00],
         [-3.0938e+00,  1.3203e+00, -7.5781e-01,  ...,  1.7109e+00,
          -1.2578e+00, -1.3906e+00],
         ...,
         [ 1.9141e-01, -1.0391e+00,  2.0781e+00,  ..., -2.7500e+00,
          -4.2500e+00,  6.7500e+00],
         [-2.1387e-01, -1.8652e-01,  3.8086e-01,  ...,  4.1016e-01,
           4.0000e+00,  8.6250e+00],
         [ 5.1880e-04,  5.4297e-01,  3.8281e-01,  ..., -6.1250e+00,
          -3.7812e+00,  2.2559e-01]],

        ...,

        [[ 1.3203e+00, -1.5918e-01,  2.3438e+00,  ..., -4.5000e+00,
           1.6172e+00,  9.5703e-01],
         [ 1.2988e-01,  1.4844e+00, -1.3906e+00,  ...,  4.8125e+00,
           2.1250e+00,  3.0469e+00],
         [-2.8906e+00, -2.3633e-01, -2.4844e+00,  ..., -6.3281e-01,
          -1.2031e+00, -1.1250e+00],
         ...,
         [ 6.2109e-01,  1.0547e+00,  2.9062e+00,  ..., -3.9531e+00,
          -3.1094e+00,  6.9375e+00],
         [ 7.4707e-02, -3.4961e-01,  1.7734e+00,  ...,  2.9062e+00,
           2.1875e+00,  8.6875e+00],
         [-4.1211e-01, -9.5312e-01,  2.2031e+00,  ..., -6.5000e+00,
          -5.7812e+00,  1.7266e+00]],

        [[-7.8516e-01,  5.2002e-02,  6.1328e-01,  ..., -6.0000e+00,
           1.2656e+00,  5.1172e-01],
         [ 2.2754e-01,  1.9409e-02, -1.3281e+00,  ...,  5.0312e+00,
           6.3125e+00,  2.6719e+00],
         [ 1.3750e+00, -2.0312e-01, -1.3594e+00,  ...,  1.6309e-01,
          -2.4805e-01, -8.2812e-01],
         ...,
         [-2.2461e-01, -3.1494e-02,  8.4766e-01,  ..., -5.9062e+00,
          -5.5000e+00,  4.9688e+00],
         [-3.3203e-01,  3.4424e-02,  9.2578e-01,  ..., -6.7969e-01,
           9.1250e+00,  6.9688e+00],
         [ 2.3340e-01, -1.0010e-01,  2.0469e+00,  ..., -1.1375e+01,
          -3.8086e-01, -5.0625e+00]],

        [[-1.9688e+00,  3.9062e-02,  1.1016e+00,  ..., -3.9844e+00,
           8.3984e-01, -2.1562e+00],
         [ 1.1816e-01, -1.0469e+00, -2.5000e-01,  ...,  4.4375e+00,
          -1.2734e+00,  2.5469e+00],
         [ 5.0625e+00,  9.9609e-01,  3.0469e-01,  ..., -2.5586e-01,
          -4.6875e-01, -8.0469e-01],
         ...,
         [-7.5000e-01,  5.5859e-01, -4.2969e-01,  ..., -7.5312e+00,
          -4.0000e+00,  3.1875e+00],
         [ 1.6016e-01, -8.5449e-02, -1.2344e+00,  ...,  8.4766e-01,
           7.2188e+00,  9.5000e+00],
         [ 7.1875e-01,  9.8438e-01,  4.2578e-01,  ..., -8.1250e+00,
          -5.5078e-01, -3.2656e+00]]], device='cuda:0', dtype=torch.bfloat16)
tensor([[[-2.1973e-02,  2.2430e-03, -4.7112e-04,  ...,  5.0391e-01,
          -5.6250e-01, -2.2656e-01],
         [ 1.2024e-02, -3.8147e-03,  6.8665e-04,  ...,  2.4261e-03,
          -6.9141e-01,  3.7305e-01],
         [ 2.3926e-02, -2.0142e-03, -6.1417e-04,  ..., -2.9945e-04,
           2.3281e+00, -1.0840e-01],
         ...,
         [ 4.3335e-03, -1.5945e-03,  1.4782e-04,  ..., -2.9297e-01,
          -5.8125e+00, -2.9219e+00],
         [-1.6968e-02, -1.6403e-04, -3.9101e-04,  ..., -3.0781e+00,
          -4.9062e+00, -6.2188e+00],
         [ 3.1738e-03,  2.4796e-04,  5.8365e-04,  ..., -2.3438e+00,
          -3.4219e+00, -2.7188e+00]],

        [[ 3.2422e-01, -5.9814e-03,  6.6528e-03,  ..., -5.9375e-01,
          -2.6875e+00, -9.8047e-01],
         [ 1.7188e+00, -1.0132e-02,  2.1606e-02,  ..., -6.8750e-01,
          -1.2734e+00,  4.8242e-01],
         [-2.1562e+00,  1.2756e-02,  3.5889e-02,  ..., -4.5703e-01,
           2.7500e+00,  1.0156e+00],
         ...,
         [-1.9727e-01,  5.6152e-02, -6.7871e-02,  ..., -3.7969e+00,
          -4.5938e+00, -2.0938e+00],
         [ 7.3438e-01,  2.6978e-02,  3.2959e-02,  ..., -1.0938e+00,
          -8.2422e-01, -3.7969e+00],
         [-7.7344e-01, -7.0953e-04,  1.1841e-02,  ..., -2.1875e+00,
          -5.1562e+00, -3.3594e+00]],

        [[-4.3164e-01, -5.8594e-02,  2.5757e-02,  ...,  7.6953e-01,
          -1.5156e+00, -8.5449e-02],
         [ 8.2031e-01, -1.3306e-02,  2.2827e-02,  ...,  4.5312e-01,
           2.3071e-02,  1.1797e+00],
         [-3.5156e-01,  9.4604e-03,  1.1230e-01,  ..., -1.4746e-01,
           2.8906e+00, -2.6367e-01],
         ...,
         [ 7.9688e-01,  4.6387e-02, -1.1719e-01,  ..., -5.1250e+00,
          -3.2188e+00, -1.4375e+00],
         [ 6.0303e-02,  4.3701e-02,  1.5991e-02,  ..., -2.4844e+00,
          -2.1406e+00, -2.2031e+00],
         [-4.7070e-01, -5.8594e-02,  6.2256e-02,  ..., -2.4844e+00,
          -5.7500e+00, -4.6250e+00]],

        ...,

        [[ 3.4180e-01,  2.4414e-02, -1.2451e-02,  ..., -1.9922e-01,
           3.5938e-01,  8.8281e-01],
         [ 1.3594e+00, -5.4016e-03,  9.3384e-03,  ..., -1.0938e+00,
          -1.5000e+00, -1.1094e+00],
         [-1.4219e+00, -8.9264e-04,  1.0437e-02,  ..., -3.8281e-01,
           6.4844e-01,  1.5703e+00],
         ...,
         [ 1.9141e-01, -6.6895e-02,  1.0254e-02,  ..., -3.8281e+00,
          -6.6797e-01, -2.1875e+00],
         [ 8.7109e-01, -8.0078e-02, -1.9531e-02,  ..., -2.0117e-01,
           3.2812e+00, -5.1172e-01],
         [-1.1250e+00,  3.8574e-02, -1.8555e-02,  ..., -9.4141e-01,
          -4.4375e+00, -3.9375e+00]],

        [[-7.3828e-01,  1.7700e-03, -4.9561e-02,  ..., -2.0156e+00,
          -1.5312e+00, -2.7500e+00],
         [-4.6875e-01,  9.0408e-04,  1.8677e-02,  ..., -1.5000e+00,
          -2.7500e+00,  2.1562e+00],
         [ 1.2500e+00, -3.7994e-03,  7.5195e-02,  ...,  1.8359e-01,
           4.1875e+00, -1.1484e+00],
         ...,
         [ 5.9766e-01, -1.5991e-02, -1.4221e-02,  ..., -3.8281e+00,
          -4.0312e+00, -4.4062e+00],
         [-1.2266e+00, -6.1951e-03,  7.4707e-02,  ..., -4.4141e-01,
           4.6289e-01, -2.0938e+00],
         [ 7.4609e-01, -8.2397e-04, -3.0518e-02,  ..., -4.3438e+00,
          -1.0188e+01, -2.0938e+00]],

        [[-1.7188e+00, -5.6885e-02, -5.2246e-02,  ...,  1.1719e+00,
           8.7500e-01, -2.3594e+00],
         [-1.9453e+00,  1.0498e-02, -2.4780e-02,  ...,  1.1523e-01,
          -1.4922e+00,  1.0547e+00],
         [ 2.7500e+00,  6.1279e-02,  4.1016e-02,  ...,  2.0312e+00,
           4.5312e+00, -4.0234e-01],
         ...,
         [ 8.3984e-01,  6.2988e-02, -1.7334e-02,  ..., -3.7656e+00,
          -1.1484e+00, -3.2188e+00],
         [-5.2344e-01,  1.7822e-02,  4.7607e-02,  ...,  1.4844e+00,
          -4.1250e+00, -1.6641e+00],
         [ 3.0000e+00, -4.8523e-03, -5.9814e-03,  ..., -3.0938e+00,
          -8.4375e+00, -2.5781e+00]]], device='cuda:0', dtype=torch.bfloat16)
tensor([[[-2.1973e-02,  2.2430e-03, -4.7112e-04,  ...,  5.0391e-01,
          -5.6250e-01, -2.2656e-01],
         [ 1.2024e-02, -3.8147e-03,  6.8665e-04,  ...,  2.4261e-03,
          -6.9141e-01,  3.7305e-01],
         [ 2.3926e-02, -2.0142e-03, -6.1417e-04,  ..., -2.9945e-04,
           2.3281e+00, -1.0840e-01],
         ...,
         [ 4.3335e-03, -1.5945e-03,  1.4782e-04,  ..., -2.9297e-01,
          -5.8125e+00, -2.9219e+00],
         [-1.6968e-02, -1.6403e-04, -3.9101e-04,  ..., -3.0781e+00,
          -4.9062e+00, -6.2188e+00],
         [ 3.1738e-03,  2.4796e-04,  5.8365e-04,  ..., -2.3438e+00,
          -3.4219e+00, -2.7188e+00]],

        [[ 3.2422e-01, -5.9814e-03,  6.6528e-03,  ..., -5.9375e-01,
          -2.6875e+00, -9.8047e-01],
         [ 1.7188e+00, -1.0132e-02,  2.1606e-02,  ..., -6.8750e-01,
          -1.2734e+00,  4.8242e-01],
         [-2.1562e+00,  1.2756e-02,  3.5889e-02,  ..., -4.5703e-01,
           2.7500e+00,  1.0156e+00],
         ...,
         [-1.9727e-01,  5.6152e-02, -6.7871e-02,  ..., -3.7969e+00,
          -4.5938e+00, -2.0938e+00],
         [ 7.3438e-01,  2.6978e-02,  3.2959e-02,  ..., -1.0938e+00,
          -8.2422e-01, -3.7969e+00],
         [-7.7344e-01, -7.0953e-04,  1.1841e-02,  ..., -2.1875e+00,
          -5.1562e+00, -3.3594e+00]],

        [[-4.3164e-01, -5.8594e-02,  2.5757e-02,  ...,  7.6953e-01,
          -1.5156e+00, -8.5449e-02],
         [ 8.2031e-01, -1.3306e-02,  2.2827e-02,  ...,  4.5312e-01,
           2.3071e-02,  1.1797e+00],
         [-3.5156e-01,  9.4604e-03,  1.1230e-01,  ..., -1.4746e-01,
           2.8906e+00, -2.6367e-01],
         ...,
         [ 7.9688e-01,  4.6387e-02, -1.1719e-01,  ..., -5.1250e+00,
          -3.2188e+00, -1.4375e+00],
         [ 6.0303e-02,  4.3701e-02,  1.5991e-02,  ..., -2.4844e+00,
          -2.1406e+00, -2.2031e+00],
         [-4.7070e-01, -5.8594e-02,  6.2256e-02,  ..., -2.4844e+00,
          -5.7500e+00, -4.6250e+00]],

        ...,

        [[ 3.4180e-01,  2.4414e-02, -1.2451e-02,  ..., -1.9922e-01,
           3.5938e-01,  8.8281e-01],
         [ 1.3594e+00, -5.4016e-03,  9.3384e-03,  ..., -1.0938e+00,
          -1.5000e+00, -1.1094e+00],
         [-1.4219e+00, -8.9264e-04,  1.0437e-02,  ..., -3.8281e-01,
           6.4844e-01,  1.5703e+00],
         ...,
         [ 1.9141e-01, -6.6895e-02,  1.0254e-02,  ..., -3.8281e+00,
          -6.6797e-01, -2.1875e+00],
         [ 8.7109e-01, -8.0078e-02, -1.9531e-02,  ..., -2.0117e-01,
           3.2812e+00, -5.1172e-01],
         [-1.1250e+00,  3.8574e-02, -1.8555e-02,  ..., -9.4141e-01,
          -4.4375e+00, -3.9375e+00]],

        [[-7.3828e-01,  1.7700e-03, -4.9561e-02,  ..., -2.0156e+00,
          -1.5312e+00, -2.7500e+00],
         [-4.6875e-01,  9.0408e-04,  1.8677e-02,  ..., -1.5000e+00,
          -2.7500e+00,  2.1562e+00],
         [ 1.2500e+00, -3.7994e-03,  7.5195e-02,  ...,  1.8359e-01,
           4.1875e+00, -1.1484e+00],
         ...,
         [ 5.9766e-01, -1.5991e-02, -1.4221e-02,  ..., -3.8281e+00,
          -4.0312e+00, -4.4062e+00],
         [-1.2266e+00, -6.1951e-03,  7.4707e-02,  ..., -4.4141e-01,
           4.6289e-01, -2.0938e+00],
         [ 7.4609e-01, -8.2397e-04, -3.0518e-02,  ..., -4.3438e+00,
          -1.0188e+01, -2.0938e+00]],

        [[-1.7188e+00, -5.6885e-02, -5.2246e-02,  ...,  1.1719e+00,
           8.7500e-01, -2.3594e+00],
         [-1.9453e+00,  1.0498e-02, -2.4780e-02,  ...,  1.1523e-01,
          -1.4922e+00,  1.0547e+00],
         [ 2.7500e+00,  6.1279e-02,  4.1016e-02,  ...,  2.0312e+00,
           4.5312e+00, -4.0234e-01],
         ...,
         [ 8.3984e-01,  6.2988e-02, -1.7334e-02,  ..., -3.7656e+00,
          -1.1484e+00, -3.2188e+00],
         [-5.2344e-01,  1.7822e-02,  4.7607e-02,  ...,  1.4844e+00,
          -4.1250e+00, -1.6641e+00],
         [ 3.0000e+00, -4.8523e-03, -5.9814e-03,  ..., -3.0938e+00,
          -8.4375e+00, -2.5781e+00]]], device='cuda:0', dtype=torch.bfloat16)
tensor([[[-2.1973e-02,  2.2430e-03, -4.7112e-04,  ...,  5.0391e-01,
          -5.6250e-01, -2.2656e-01],
         [ 1.2024e-02, -3.8147e-03,  6.8665e-04,  ...,  2.4261e-03,
          -6.9141e-01,  3.7305e-01],
         [ 2.3926e-02, -2.0142e-03, -6.1417e-04,  ..., -2.9945e-04,
           2.3281e+00, -1.0840e-01],
         ...,
         [ 4.3335e-03, -1.5945e-03,  1.4782e-04,  ..., -2.9297e-01,
          -5.8125e+00, -2.9219e+00],
         [-1.6968e-02, -1.6403e-04, -3.9101e-04,  ..., -3.0781e+00,
          -4.9062e+00, -6.2188e+00],
         [ 3.1738e-03,  2.4796e-04,  5.8365e-04,  ..., -2.3438e+00,
          -3.4219e+00, -2.7188e+00]],

        [[ 3.2422e-01, -5.9814e-03,  6.6528e-03,  ..., -5.9375e-01,
          -2.6875e+00, -9.8047e-01],
         [ 1.7188e+00, -1.0132e-02,  2.1606e-02,  ..., -6.8750e-01,
          -1.2734e+00,  4.8242e-01],
         [-2.1562e+00,  1.2756e-02,  3.5889e-02,  ..., -4.5703e-01,
           2.7500e+00,  1.0156e+00],
         ...,
         [-1.9727e-01,  5.6152e-02, -6.7871e-02,  ..., -3.7969e+00,
          -4.5938e+00, -2.0938e+00],
         [ 7.3438e-01,  2.6978e-02,  3.2959e-02,  ..., -1.0938e+00,
          -8.2422e-01, -3.7969e+00],
         [-7.7344e-01, -7.0953e-04,  1.1841e-02,  ..., -2.1875e+00,
          -5.1562e+00, -3.3594e+00]],

        [[-4.3164e-01, -5.8594e-02,  2.5757e-02,  ...,  7.6953e-01,
          -1.5156e+00, -8.5449e-02],
         [ 8.2031e-01, -1.3306e-02,  2.2827e-02,  ...,  4.5312e-01,
           2.3071e-02,  1.1797e+00],
         [-3.5156e-01,  9.4604e-03,  1.1230e-01,  ..., -1.4746e-01,
           2.8906e+00, -2.6367e-01],
         ...,
         [ 7.9688e-01,  4.6387e-02, -1.1719e-01,  ..., -5.1250e+00,
          -3.2188e+00, -1.4375e+00],
         [ 6.0303e-02,  4.3701e-02,  1.5991e-02,  ..., -2.4844e+00,
          -2.1406e+00, -2.2031e+00],
         [-4.7070e-01, -5.8594e-02,  6.2256e-02,  ..., -2.4844e+00,
          -5.7500e+00, -4.6250e+00]],

        ...,

        [[ 3.4180e-01,  2.4414e-02, -1.2451e-02,  ..., -1.9922e-01,
           3.5938e-01,  8.8281e-01],
         [ 1.3594e+00, -5.4016e-03,  9.3384e-03,  ..., -1.0938e+00,
          -1.5000e+00, -1.1094e+00],
         [-1.4219e+00, -8.9264e-04,  1.0437e-02,  ..., -3.8281e-01,
           6.4844e-01,  1.5703e+00],
         ...,
         [ 1.9141e-01, -6.6895e-02,  1.0254e-02,  ..., -3.8281e+00,
          -6.6797e-01, -2.1875e+00],
         [ 8.7109e-01, -8.0078e-02, -1.9531e-02,  ..., -2.0117e-01,
           3.2812e+00, -5.1172e-01],
         [-1.1250e+00,  3.8574e-02, -1.8555e-02,  ..., -9.4141e-01,
          -4.4375e+00, -3.9375e+00]],

        [[-7.3828e-01,  1.7700e-03, -4.9561e-02,  ..., -2.0156e+00,
          -1.5312e+00, -2.7500e+00],
         [-4.6875e-01,  9.0408e-04,  1.8677e-02,  ..., -1.5000e+00,
          -2.7500e+00,  2.1562e+00],
         [ 1.2500e+00, -3.7994e-03,  7.5195e-02,  ...,  1.8359e-01,
           4.1875e+00, -1.1484e+00],
         ...,
         [ 5.9766e-01, -1.5991e-02, -1.4221e-02,  ..., -3.8281e+00,
          -4.0312e+00, -4.4062e+00],
         [-1.2266e+00, -6.1951e-03,  7.4707e-02,  ..., -4.4141e-01,
           4.6289e-01, -2.0938e+00],
         [ 7.4609e-01, -8.2397e-04, -3.0518e-02,  ..., -4.3438e+00,
          -1.0188e+01, -2.0938e+00]],

        [[-1.7188e+00, -5.6885e-02, -5.2246e-02,  ...,  1.1719e+00,
           8.7500e-01, -2.3594e+00],
         [-1.9453e+00,  1.0498e-02, -2.4780e-02,  ...,  1.1523e-01,
          -1.4922e+00,  1.0547e+00],
         [ 2.7500e+00,  6.1279e-02,  4.1016e-02,  ...,  2.0312e+00,
           4.5312e+00, -4.0234e-01],
         ...,
         [ 8.3984e-01,  6.2988e-02, -1.7334e-02,  ..., -3.7656e+00,
          -1.1484e+00, -3.2188e+00],
         [-5.2344e-01,  1.7822e-02,  4.7607e-02,  ...,  1.4844e+00,
          -4.1250e+00, -1.6641e+00],
         [ 3.0000e+00, -4.8523e-03, -5.9814e-03,  ..., -3.0938e+00,
          -8.4375e+00, -2.5781e+00]]], device='cuda:0', dtype=torch.bfloat16)
tensor([[[-4.2114e-03,  4.6875e-02, -1.3733e-02,  ...,  7.0625e+00,
          -5.5000e+00, -9.5000e+00],
         [ 3.2501e-03,  1.4648e-03, -1.3428e-03,  ...,  5.0000e-01,
           3.2617e-01, -5.7422e-01],
         [-4.7363e-02,  5.4932e-03,  4.3701e-02,  ...,  3.1875e+00,
          -3.7500e+00, -6.3281e-01],
         ...,
         [-5.6458e-03, -1.5137e-02, -1.1597e-02,  ...,  2.0020e-01,
          -8.7500e+00,  3.3125e+00],
         [ 6.1646e-03,  4.5166e-03, -2.2095e-02,  ..., -4.4141e-01,
           3.9648e-01,  7.6172e-02],
         [ 9.9487e-03,  3.1738e-03, -3.3722e-03,  ...,  1.3770e-01,
          -2.8320e-01, -2.9688e-01]],

        [[-5.2734e-01,  2.6562e-01, -1.9727e-01,  ...,  6.0938e+00,
           2.5156e+00, -4.5625e+00],
         [-2.1094e+00,  5.6250e-01, -2.0938e+00,  ...,  4.6680e-01,
           8.1250e-01,  1.0312e+00],
         [-3.3398e-01,  3.0859e-01,  1.6719e+00,  ...,  2.1719e+00,
          -2.0469e+00, -4.3750e+00],
         ...,
         [ 7.0312e-01, -7.1094e-01, -1.9219e+00,  ..., -9.4141e-01,
          -4.4688e+00,  2.5625e+00],
         [-1.8125e+00, -5.0000e-01, -2.1250e+00,  ...,  1.1172e+00,
           6.0938e-01,  3.3984e-01],
         [-5.3438e+00,  6.2109e-01, -5.9375e-01,  ..., -1.7480e-01,
           1.5442e-02, -6.0156e-01]],

        [[-2.7734e-01, -1.3574e-01, -3.3398e-01,  ...,  4.7500e+00,
          -1.3906e+00, -4.9375e+00],
         [-8.7500e-01, -1.0938e+00, -2.8594e+00,  ..., -6.8750e-01,
           5.2344e-01,  8.4375e-01],
         [-3.9062e-01, -1.7266e+00,  7.4219e-01,  ...,  4.8750e+00,
          -4.0938e+00, -4.5938e+00],
         ...,
         [ 8.7109e-01, -4.8438e-01, -1.7969e+00,  ...,  2.9844e+00,
          -4.3438e+00,  2.8594e+00],
         [-1.0312e+00,  1.6797e+00, -1.5938e+00,  ...,  7.3828e-01,
           5.8984e-01, -7.6953e-01],
         [-6.0625e+00, -1.4609e+00,  2.7344e+00,  ...,  2.6562e-01,
           7.3242e-03, -3.6328e-01]],

        ...,

        [[-3.3008e-01, -3.4180e-01, -1.8750e-01,  ...,  5.7500e+00,
          -2.1484e-02, -5.5938e+00],
         [ 1.1250e+00,  2.4062e+00, -2.6250e+00,  ..., -7.1777e-02,
          -1.4844e+00, -2.2217e-02],
         [-1.5938e+00,  5.3906e-01,  2.2500e+00,  ...,  6.5312e+00,
          -4.4688e+00, -3.3750e+00],
         ...,
         [ 1.1250e+00, -2.4219e-01, -1.6875e+00,  ...,  6.1719e-01,
          -2.4688e+00,  1.1484e+00],
         [ 4.5312e-01, -2.9688e+00, -3.2500e+00,  ...,  5.7031e-01,
           8.2422e-01, -1.3672e-02],
         [-4.1562e+00,  2.7812e+00,  1.4062e+00,  ..., -3.6523e-01,
           3.1738e-02, -6.8359e-01]],

        [[ 4.6094e-01, -5.7031e-01,  2.8516e-01,  ...,  8.1250e+00,
           5.7188e+00, -6.2812e+00],
         [ 2.4062e+00,  2.1406e+00, -1.5547e+00,  ...,  6.0547e-01,
           1.4922e+00,  2.1875e+00],
         [ 6.8359e-01, -7.7148e-02,  2.9492e-01,  ..., -3.3438e+00,
          -1.7344e+00, -7.3750e+00],
         ...,
         [-2.4805e-01, -2.1875e-01, -5.0781e-02,  ..., -1.4766e+00,
          -1.3672e+00,  1.5859e+00],
         [ 1.7500e+00, -6.9531e-01, -2.5469e+00,  ...,  5.2734e-01,
          -1.4453e+00,  4.5117e-01],
         [ 2.5000e+00,  1.4844e+00,  2.9375e+00,  ...,  4.9805e-02,
           9.4922e-01, -1.9336e-01]],

        [[ 7.4219e-01, -5.5469e-01,  1.1562e+00,  ...,  7.7500e+00,
           1.8047e+00, -6.7500e+00],
         [-1.0938e+00, -1.0938e+00, -1.0781e+00,  ...,  6.9531e-01,
           1.0078e+00,  4.9609e-01],
         [ 1.6406e+00, -1.9375e+00, -1.0078e+00,  ..., -3.4766e-01,
          -4.4062e+00, -6.8438e+00],
         ...,
         [-2.0312e+00, -3.3203e-02,  1.5078e+00,  ...,  3.1094e+00,
          -6.9922e-01, -6.5234e-01],
         [ 2.4844e+00,  3.2422e-01, -1.4609e+00,  ...,  5.1172e-01,
          -1.2891e-01,  2.1484e-01],
         [ 7.2188e+00,  6.0156e-01,  4.5000e+00,  ..., -2.9492e-01,
           1.5430e-01,  6.4844e-01]]], device='cuda:0', dtype=torch.bfloat16)
tensor([[[-4.2114e-03,  4.6875e-02, -1.3733e-02,  ...,  7.0625e+00,
          -5.5000e+00, -9.5000e+00],
         [ 3.2501e-03,  1.4648e-03, -1.3428e-03,  ...,  5.0000e-01,
           3.2617e-01, -5.7422e-01],
         [-4.7363e-02,  5.4932e-03,  4.3701e-02,  ...,  3.1875e+00,
          -3.7500e+00, -6.3281e-01],
         ...,
         [-5.6458e-03, -1.5137e-02, -1.1597e-02,  ...,  2.0020e-01,
          -8.7500e+00,  3.3125e+00],
         [ 6.1646e-03,  4.5166e-03, -2.2095e-02,  ..., -4.4141e-01,
           3.9648e-01,  7.6172e-02],
         [ 9.9487e-03,  3.1738e-03, -3.3722e-03,  ...,  1.3770e-01,
          -2.8320e-01, -2.9688e-01]],

        [[-5.2734e-01,  2.6562e-01, -1.9727e-01,  ...,  6.0938e+00,
           2.5156e+00, -4.5625e+00],
         [-2.1094e+00,  5.6250e-01, -2.0938e+00,  ...,  4.6680e-01,
           8.1250e-01,  1.0312e+00],
         [-3.3398e-01,  3.0859e-01,  1.6719e+00,  ...,  2.1719e+00,
          -2.0469e+00, -4.3750e+00],
         ...,
         [ 7.0312e-01, -7.1094e-01, -1.9219e+00,  ..., -9.4141e-01,
          -4.4688e+00,  2.5625e+00],
         [-1.8125e+00, -5.0000e-01, -2.1250e+00,  ...,  1.1172e+00,
           6.0938e-01,  3.3984e-01],
         [-5.3438e+00,  6.2109e-01, -5.9375e-01,  ..., -1.7480e-01,
           1.5442e-02, -6.0156e-01]],

        [[-2.7734e-01, -1.3574e-01, -3.3398e-01,  ...,  4.7500e+00,
          -1.3906e+00, -4.9375e+00],
         [-8.7500e-01, -1.0938e+00, -2.8594e+00,  ..., -6.8750e-01,
           5.2344e-01,  8.4375e-01],
         [-3.9062e-01, -1.7266e+00,  7.4219e-01,  ...,  4.8750e+00,
          -4.0938e+00, -4.5938e+00],
         ...,
         [ 8.7109e-01, -4.8438e-01, -1.7969e+00,  ...,  2.9844e+00,
          -4.3438e+00,  2.8594e+00],
         [-1.0312e+00,  1.6797e+00, -1.5938e+00,  ...,  7.3828e-01,
           5.8984e-01, -7.6953e-01],
         [-6.0625e+00, -1.4609e+00,  2.7344e+00,  ...,  2.6562e-01,
           7.3242e-03, -3.6328e-01]],

        ...,

        [[-3.3008e-01, -3.4180e-01, -1.8750e-01,  ...,  5.7500e+00,
          -2.1484e-02, -5.5938e+00],
         [ 1.1250e+00,  2.4062e+00, -2.6250e+00,  ..., -7.1777e-02,
          -1.4844e+00, -2.2217e-02],
         [-1.5938e+00,  5.3906e-01,  2.2500e+00,  ...,  6.5312e+00,
          -4.4688e+00, -3.3750e+00],
         ...,
         [ 1.1250e+00, -2.4219e-01, -1.6875e+00,  ...,  6.1719e-01,
          -2.4688e+00,  1.1484e+00],
         [ 4.5312e-01, -2.9688e+00, -3.2500e+00,  ...,  5.7031e-01,
           8.2422e-01, -1.3672e-02],
         [-4.1562e+00,  2.7812e+00,  1.4062e+00,  ..., -3.6523e-01,
           3.1738e-02, -6.8359e-01]],

        [[ 4.6094e-01, -5.7031e-01,  2.8516e-01,  ...,  8.1250e+00,
           5.7188e+00, -6.2812e+00],
         [ 2.4062e+00,  2.1406e+00, -1.5547e+00,  ...,  6.0547e-01,
           1.4922e+00,  2.1875e+00],
         [ 6.8359e-01, -7.7148e-02,  2.9492e-01,  ..., -3.3438e+00,
          -1.7344e+00, -7.3750e+00],
         ...,
         [-2.4805e-01, -2.1875e-01, -5.0781e-02,  ..., -1.4766e+00,
          -1.3672e+00,  1.5859e+00],
         [ 1.7500e+00, -6.9531e-01, -2.5469e+00,  ...,  5.2734e-01,
          -1.4453e+00,  4.5117e-01],
         [ 2.5000e+00,  1.4844e+00,  2.9375e+00,  ...,  4.9805e-02,
           9.4922e-01, -1.9336e-01]],

        [[ 7.4219e-01, -5.5469e-01,  1.1562e+00,  ...,  7.7500e+00,
           1.8047e+00, -6.7500e+00],
         [-1.0938e+00, -1.0938e+00, -1.0781e+00,  ...,  6.9531e-01,
           1.0078e+00,  4.9609e-01],
         [ 1.6406e+00, -1.9375e+00, -1.0078e+00,  ..., -3.4766e-01,
          -4.4062e+00, -6.8438e+00],
         ...,
         [-2.0312e+00, -3.3203e-02,  1.5078e+00,  ...,  3.1094e+00,
          -6.9922e-01, -6.5234e-01],
         [ 2.4844e+00,  3.2422e-01, -1.4609e+00,  ...,  5.1172e-01,
          -1.2891e-01,  2.1484e-01],
         [ 7.2188e+00,  6.0156e-01,  4.5000e+00,  ..., -2.9492e-01,
           1.5430e-01,  6.4844e-01]]], device='cuda:0', dtype=torch.bfloat16)
tensor([[[-4.2114e-03,  4.6875e-02, -1.3733e-02,  ...,  7.0625e+00,
          -5.5000e+00, -9.5000e+00],
         [ 3.2501e-03,  1.4648e-03, -1.3428e-03,  ...,  5.0000e-01,
           3.2617e-01, -5.7422e-01],
         [-4.7363e-02,  5.4932e-03,  4.3701e-02,  ...,  3.1875e+00,
          -3.7500e+00, -6.3281e-01],
         ...,
         [-5.6458e-03, -1.5137e-02, -1.1597e-02,  ...,  2.0020e-01,
          -8.7500e+00,  3.3125e+00],
         [ 6.1646e-03,  4.5166e-03, -2.2095e-02,  ..., -4.4141e-01,
           3.9648e-01,  7.6172e-02],
         [ 9.9487e-03,  3.1738e-03, -3.3722e-03,  ...,  1.3770e-01,
          -2.8320e-01, -2.9688e-01]],

        [[-5.2734e-01,  2.6562e-01, -1.9727e-01,  ...,  6.0938e+00,
           2.5156e+00, -4.5625e+00],
         [-2.1094e+00,  5.6250e-01, -2.0938e+00,  ...,  4.6680e-01,
           8.1250e-01,  1.0312e+00],
         [-3.3398e-01,  3.0859e-01,  1.6719e+00,  ...,  2.1719e+00,
          -2.0469e+00, -4.3750e+00],
         ...,
         [ 7.0312e-01, -7.1094e-01, -1.9219e+00,  ..., -9.4141e-01,
          -4.4688e+00,  2.5625e+00],
         [-1.8125e+00, -5.0000e-01, -2.1250e+00,  ...,  1.1172e+00,
           6.0938e-01,  3.3984e-01],
         [-5.3438e+00,  6.2109e-01, -5.9375e-01,  ..., -1.7480e-01,
           1.5442e-02, -6.0156e-01]],

        [[-2.7734e-01, -1.3574e-01, -3.3398e-01,  ...,  4.7500e+00,
          -1.3906e+00, -4.9375e+00],
         [-8.7500e-01, -1.0938e+00, -2.8594e+00,  ..., -6.8750e-01,
           5.2344e-01,  8.4375e-01],
         [-3.9062e-01, -1.7266e+00,  7.4219e-01,  ...,  4.8750e+00,
          -4.0938e+00, -4.5938e+00],
         ...,
         [ 8.7109e-01, -4.8438e-01, -1.7969e+00,  ...,  2.9844e+00,
          -4.3438e+00,  2.8594e+00],
         [-1.0312e+00,  1.6797e+00, -1.5938e+00,  ...,  7.3828e-01,
           5.8984e-01, -7.6953e-01],
         [-6.0625e+00, -1.4609e+00,  2.7344e+00,  ...,  2.6562e-01,
           7.3242e-03, -3.6328e-01]],

        ...,

        [[-3.3008e-01, -3.4180e-01, -1.8750e-01,  ...,  5.7500e+00,
          -2.1484e-02, -5.5938e+00],
         [ 1.1250e+00,  2.4062e+00, -2.6250e+00,  ..., -7.1777e-02,
          -1.4844e+00, -2.2217e-02],
         [-1.5938e+00,  5.3906e-01,  2.2500e+00,  ...,  6.5312e+00,
          -4.4688e+00, -3.3750e+00],
         ...,
         [ 1.1250e+00, -2.4219e-01, -1.6875e+00,  ...,  6.1719e-01,
          -2.4688e+00,  1.1484e+00],
         [ 4.5312e-01, -2.9688e+00, -3.2500e+00,  ...,  5.7031e-01,
           8.2422e-01, -1.3672e-02],
         [-4.1562e+00,  2.7812e+00,  1.4062e+00,  ..., -3.6523e-01,
           3.1738e-02, -6.8359e-01]],

        [[ 4.6094e-01, -5.7031e-01,  2.8516e-01,  ...,  8.1250e+00,
           5.7188e+00, -6.2812e+00],
         [ 2.4062e+00,  2.1406e+00, -1.5547e+00,  ...,  6.0547e-01,
           1.4922e+00,  2.1875e+00],
         [ 6.8359e-01, -7.7148e-02,  2.9492e-01,  ..., -3.3438e+00,
          -1.7344e+00, -7.3750e+00],
         ...,
         [-2.4805e-01, -2.1875e-01, -5.0781e-02,  ..., -1.4766e+00,
          -1.3672e+00,  1.5859e+00],
         [ 1.7500e+00, -6.9531e-01, -2.5469e+00,  ...,  5.2734e-01,
          -1.4453e+00,  4.5117e-01],
         [ 2.5000e+00,  1.4844e+00,  2.9375e+00,  ...,  4.9805e-02,
           9.4922e-01, -1.9336e-01]],

        [[ 7.4219e-01, -5.5469e-01,  1.1562e+00,  ...,  7.7500e+00,
           1.8047e+00, -6.7500e+00],
         [-1.0938e+00, -1.0938e+00, -1.0781e+00,  ...,  6.9531e-01,
           1.0078e+00,  4.9609e-01],
         [ 1.6406e+00, -1.9375e+00, -1.0078e+00,  ..., -3.4766e-01,
          -4.4062e+00, -6.8438e+00],
         ...,
         [-2.0312e+00, -3.3203e-02,  1.5078e+00,  ...,  3.1094e+00,
          -6.9922e-01, -6.5234e-01],
         [ 2.4844e+00,  3.2422e-01, -1.4609e+00,  ...,  5.1172e-01,
          -1.2891e-01,  2.1484e-01],
         [ 7.2188e+00,  6.0156e-01,  4.5000e+00,  ..., -2.9492e-01,
           1.5430e-01,  6.4844e-01]]], device='cuda:0', dtype=torch.bfloat16)
tensor([[[ 4.5204e-04, -5.1880e-04, -7.5989e-03,  ..., -9.3125e+00,
          -8.3750e+00, -8.4375e+00],
         [-1.6174e-03, -6.3477e-03,  1.3000e-02,  ...,  1.0303e-01,
          -2.2031e+00, -1.7734e+00],
         [ 4.8637e-04,  1.6212e-04, -3.1471e-04,  ...,  2.7812e+00,
           2.3750e+00,  1.6953e+00],
         ...,
         [ 3.1128e-03,  2.7100e-02, -4.4922e-02,  ...,  4.4531e-01,
          -1.8438e+00,  2.7031e+00],
         [-2.0294e-03,  1.2741e-03,  2.5146e-02,  ..., -3.6875e+00,
          -8.4766e-01, -5.2188e+00],
         [ 6.2256e-03, -1.4099e-02,  4.0527e-02,  ...,  3.4180e-01,
          -2.6758e-01,  2.8198e-02]],

        [[-2.9297e-02,  1.7334e-02, -5.7129e-02,  ..., -2.0000e+00,
          -2.8281e+00, -3.4375e+00],
         [-4.5410e-02, -5.1758e-02, -5.7983e-03,  ...,  4.9062e+00,
          -1.9609e+00,  4.2969e-01],
         [ 4.6387e-02, -3.4637e-03, -6.2012e-02,  ...,  2.0781e+00,
           6.2109e-01,  5.4375e+00],
         ...,
         [ 9.4238e-02, -1.2256e-01, -4.2480e-02,  ...,  4.3359e-01,
           5.2344e-01,  2.8125e+00],
         [ 5.7617e-02,  7.5073e-03, -6.0547e-02,  ..., -6.5312e+00,
          -8.3750e+00, -4.3125e+00],
         [ 4.5898e-02, -2.5977e-01, -3.7842e-02,  ...,  2.4780e-02,
          -4.0430e-01,  2.0898e-01]],

        [[-2.0142e-02, -1.3086e-01, -8.9722e-03,  ..., -5.9062e+00,
          -2.2656e+00, -2.3594e+00],
         [-3.7537e-03, -2.5146e-02, -1.7334e-02,  ...,  4.8438e+00,
           1.9297e+00,  1.2188e+00],
         [ 1.0254e-02, -1.0681e-02, -4.6875e-02,  ...,  1.7344e+00,
           7.5000e-01,  3.5156e+00],
         ...,
         [-1.0559e-02, -3.2227e-01, -7.3853e-03,  ..., -2.7344e-01,
          -2.0938e+00,  3.6562e+00],
         [ 1.5234e-01, -4.1992e-02, -6.5918e-02,  ..., -4.7188e+00,
          -7.5312e+00, -5.7188e+00],
         [ 7.9102e-02, -4.6484e-01, -1.3855e-02,  ...,  6.9922e-01,
           1.1670e-01, -1.8047e+00]],

        ...,

        [[ 3.7537e-03, -2.8381e-03, -1.3672e-02,  ..., -5.5312e+00,
          -1.2812e+00, -3.7188e+00],
         [-1.9165e-02,  7.9102e-02, -7.8125e-03,  ...,  3.9062e+00,
           2.8438e+00,  4.0938e+00],
         [ 1.4709e-02, -1.7090e-02, -6.4453e-02,  ...,  2.7500e+00,
          -2.7969e+00,  5.2812e+00],
         ...,
         [ 6.4697e-03,  1.3379e-01, -4.3945e-02,  ...,  2.2656e-01,
          -1.5703e+00,  5.4375e+00],
         [ 6.0303e-02,  4.0527e-02, -1.9531e-02,  ...,  2.4316e-01,
          -1.1562e+01, -7.6875e+00],
         [ 5.8838e-02,  1.9238e-01,  1.6846e-02,  ..., -3.8672e-01,
          -1.9844e+00, -2.1562e+00]],

        [[ 2.9053e-02,  5.2795e-03, -6.0303e-02,  ..., -5.7188e+00,
          -3.4570e-01, -1.5703e+00],
         [ 1.4526e-02,  1.8433e-02, -7.8735e-03,  ...,  2.0781e+00,
          -4.4375e+00,  2.5000e+00],
         [-4.1260e-02, -8.5449e-03, -1.5259e-03,  ...,  2.0312e+00,
          -1.6172e+00,  6.7500e+00],
         ...,
         [-7.5989e-03,  4.9438e-03, -3.5400e-03,  ..., -7.9297e-01,
          -2.2812e+00,  3.9375e+00],
         [-3.0823e-03,  3.1738e-02, -6.9824e-02,  ..., -5.2500e+00,
          -5.8750e+00, -3.3789e-01],
         [-1.4160e-02,  1.3794e-02,  3.7842e-02,  ..., -2.2188e+00,
          -3.5938e-01,  2.7500e+00]],

        [[-2.7588e-02,  2.8564e-02, -4.0039e-02,  ..., -3.1719e+00,
           2.1875e+00, -1.3359e+00],
         [-6.8054e-03, -8.2031e-02,  2.7466e-03,  ...,  2.7656e+00,
           7.6562e-01,  3.7812e+00],
         [-1.1523e-01,  6.2988e-02,  5.4932e-02,  ..., -1.3359e+00,
          -7.8125e+00, -1.4453e+00],
         ...,
         [ 7.1289e-02, -1.0156e-01,  6.4453e-02,  ...,  3.9258e-01,
          -4.9316e-02,  2.3281e+00],
         [-8.9355e-02, -3.6865e-02, -4.0527e-02,  ..., -4.5312e+00,
          -7.0625e+00, -1.5000e+00],
         [-8.9355e-02, -1.4062e-01, -5.6763e-03,  ..., -6.9141e-01,
          -6.6406e-01, -2.7954e-02]]], device='cuda:0', dtype=torch.bfloat16)
tensor([[[ 4.5204e-04, -5.1880e-04, -7.5989e-03,  ..., -9.3125e+00,
          -8.3750e+00, -8.4375e+00],
         [-1.6174e-03, -6.3477e-03,  1.3000e-02,  ...,  1.0303e-01,
          -2.2031e+00, -1.7734e+00],
         [ 4.8637e-04,  1.6212e-04, -3.1471e-04,  ...,  2.7812e+00,
           2.3750e+00,  1.6953e+00],
         ...,
         [ 3.1128e-03,  2.7100e-02, -4.4922e-02,  ...,  4.4531e-01,
          -1.8438e+00,  2.7031e+00],
         [-2.0294e-03,  1.2741e-03,  2.5146e-02,  ..., -3.6875e+00,
          -8.4766e-01, -5.2188e+00],
         [ 6.2256e-03, -1.4099e-02,  4.0527e-02,  ...,  3.4180e-01,
          -2.6758e-01,  2.8198e-02]],

        [[-2.9297e-02,  1.7334e-02, -5.7129e-02,  ..., -2.0000e+00,
          -2.8281e+00, -3.4375e+00],
         [-4.5410e-02, -5.1758e-02, -5.7983e-03,  ...,  4.9062e+00,
          -1.9609e+00,  4.2969e-01],
         [ 4.6387e-02, -3.4637e-03, -6.2012e-02,  ...,  2.0781e+00,
           6.2109e-01,  5.4375e+00],
         ...,
         [ 9.4238e-02, -1.2256e-01, -4.2480e-02,  ...,  4.3359e-01,
           5.2344e-01,  2.8125e+00],
         [ 5.7617e-02,  7.5073e-03, -6.0547e-02,  ..., -6.5312e+00,
          -8.3750e+00, -4.3125e+00],
         [ 4.5898e-02, -2.5977e-01, -3.7842e-02,  ...,  2.4780e-02,
          -4.0430e-01,  2.0898e-01]],

        [[-2.0142e-02, -1.3086e-01, -8.9722e-03,  ..., -5.9062e+00,
          -2.2656e+00, -2.3594e+00],
         [-3.7537e-03, -2.5146e-02, -1.7334e-02,  ...,  4.8438e+00,
           1.9297e+00,  1.2188e+00],
         [ 1.0254e-02, -1.0681e-02, -4.6875e-02,  ...,  1.7344e+00,
           7.5000e-01,  3.5156e+00],
         ...,
         [-1.0559e-02, -3.2227e-01, -7.3853e-03,  ..., -2.7344e-01,
          -2.0938e+00,  3.6562e+00],
         [ 1.5234e-01, -4.1992e-02, -6.5918e-02,  ..., -4.7188e+00,
          -7.5312e+00, -5.7188e+00],
         [ 7.9102e-02, -4.6484e-01, -1.3855e-02,  ...,  6.9922e-01,
           1.1670e-01, -1.8047e+00]],

        ...,

        [[ 3.7537e-03, -2.8381e-03, -1.3672e-02,  ..., -5.5312e+00,
          -1.2812e+00, -3.7188e+00],
         [-1.9165e-02,  7.9102e-02, -7.8125e-03,  ...,  3.9062e+00,
           2.8438e+00,  4.0938e+00],
         [ 1.4709e-02, -1.7090e-02, -6.4453e-02,  ...,  2.7500e+00,
          -2.7969e+00,  5.2812e+00],
         ...,
         [ 6.4697e-03,  1.3379e-01, -4.3945e-02,  ...,  2.2656e-01,
          -1.5703e+00,  5.4375e+00],
         [ 6.0303e-02,  4.0527e-02, -1.9531e-02,  ...,  2.4316e-01,
          -1.1562e+01, -7.6875e+00],
         [ 5.8838e-02,  1.9238e-01,  1.6846e-02,  ..., -3.8672e-01,
          -1.9844e+00, -2.1562e+00]],

        [[ 2.9053e-02,  5.2795e-03, -6.0303e-02,  ..., -5.7188e+00,
          -3.4570e-01, -1.5703e+00],
         [ 1.4526e-02,  1.8433e-02, -7.8735e-03,  ...,  2.0781e+00,
          -4.4375e+00,  2.5000e+00],
         [-4.1260e-02, -8.5449e-03, -1.5259e-03,  ...,  2.0312e+00,
          -1.6172e+00,  6.7500e+00],
         ...,
         [-7.5989e-03,  4.9438e-03, -3.5400e-03,  ..., -7.9297e-01,
          -2.2812e+00,  3.9375e+00],
         [-3.0823e-03,  3.1738e-02, -6.9824e-02,  ..., -5.2500e+00,
          -5.8750e+00, -3.3789e-01],
         [-1.4160e-02,  1.3794e-02,  3.7842e-02,  ..., -2.2188e+00,
          -3.5938e-01,  2.7500e+00]],

        [[-2.7588e-02,  2.8564e-02, -4.0039e-02,  ..., -3.1719e+00,
           2.1875e+00, -1.3359e+00],
         [-6.8054e-03, -8.2031e-02,  2.7466e-03,  ...,  2.7656e+00,
           7.6562e-01,  3.7812e+00],
         [-1.1523e-01,  6.2988e-02,  5.4932e-02,  ..., -1.3359e+00,
          -7.8125e+00, -1.4453e+00],
         ...,
         [ 7.1289e-02, -1.0156e-01,  6.4453e-02,  ...,  3.9258e-01,
          -4.9316e-02,  2.3281e+00],
         [-8.9355e-02, -3.6865e-02, -4.0527e-02,  ..., -4.5312e+00,
          -7.0625e+00, -1.5000e+00],
         [-8.9355e-02, -1.4062e-01, -5.6763e-03,  ..., -6.9141e-01,
          -6.6406e-01, -2.7954e-02]]], device='cuda:0', dtype=torch.bfloat16)
tensor([[[ 4.5204e-04, -5.1880e-04, -7.5989e-03,  ..., -9.3125e+00,
          -8.3750e+00, -8.4375e+00],
         [-1.6174e-03, -6.3477e-03,  1.3000e-02,  ...,  1.0303e-01,
          -2.2031e+00, -1.7734e+00],
         [ 4.8637e-04,  1.6212e-04, -3.1471e-04,  ...,  2.7812e+00,
           2.3750e+00,  1.6953e+00],
         ...,
         [ 3.1128e-03,  2.7100e-02, -4.4922e-02,  ...,  4.4531e-01,
          -1.8438e+00,  2.7031e+00],
         [-2.0294e-03,  1.2741e-03,  2.5146e-02,  ..., -3.6875e+00,
          -8.4766e-01, -5.2188e+00],
         [ 6.2256e-03, -1.4099e-02,  4.0527e-02,  ...,  3.4180e-01,
          -2.6758e-01,  2.8198e-02]],

        [[-2.9297e-02,  1.7334e-02, -5.7129e-02,  ..., -2.0000e+00,
          -2.8281e+00, -3.4375e+00],
         [-4.5410e-02, -5.1758e-02, -5.7983e-03,  ...,  4.9062e+00,
          -1.9609e+00,  4.2969e-01],
         [ 4.6387e-02, -3.4637e-03, -6.2012e-02,  ...,  2.0781e+00,
           6.2109e-01,  5.4375e+00],
         ...,
         [ 9.4238e-02, -1.2256e-01, -4.2480e-02,  ...,  4.3359e-01,
           5.2344e-01,  2.8125e+00],
         [ 5.7617e-02,  7.5073e-03, -6.0547e-02,  ..., -6.5312e+00,
          -8.3750e+00, -4.3125e+00],
         [ 4.5898e-02, -2.5977e-01, -3.7842e-02,  ...,  2.4780e-02,
          -4.0430e-01,  2.0898e-01]],

        [[-2.0142e-02, -1.3086e-01, -8.9722e-03,  ..., -5.9062e+00,
          -2.2656e+00, -2.3594e+00],
         [-3.7537e-03, -2.5146e-02, -1.7334e-02,  ...,  4.8438e+00,
           1.9297e+00,  1.2188e+00],
         [ 1.0254e-02, -1.0681e-02, -4.6875e-02,  ...,  1.7344e+00,
           7.5000e-01,  3.5156e+00],
         ...,
         [-1.0559e-02, -3.2227e-01, -7.3853e-03,  ..., -2.7344e-01,
          -2.0938e+00,  3.6562e+00],
         [ 1.5234e-01, -4.1992e-02, -6.5918e-02,  ..., -4.7188e+00,
          -7.5312e+00, -5.7188e+00],
         [ 7.9102e-02, -4.6484e-01, -1.3855e-02,  ...,  6.9922e-01,
           1.1670e-01, -1.8047e+00]],

        ...,

        [[ 3.7537e-03, -2.8381e-03, -1.3672e-02,  ..., -5.5312e+00,
          -1.2812e+00, -3.7188e+00],
         [-1.9165e-02,  7.9102e-02, -7.8125e-03,  ...,  3.9062e+00,
           2.8438e+00,  4.0938e+00],
         [ 1.4709e-02, -1.7090e-02, -6.4453e-02,  ...,  2.7500e+00,
          -2.7969e+00,  5.2812e+00],
         ...,
         [ 6.4697e-03,  1.3379e-01, -4.3945e-02,  ...,  2.2656e-01,
          -1.5703e+00,  5.4375e+00],
         [ 6.0303e-02,  4.0527e-02, -1.9531e-02,  ...,  2.4316e-01,
          -1.1562e+01, -7.6875e+00],
         [ 5.8838e-02,  1.9238e-01,  1.6846e-02,  ..., -3.8672e-01,
          -1.9844e+00, -2.1562e+00]],

        [[ 2.9053e-02,  5.2795e-03, -6.0303e-02,  ..., -5.7188e+00,
          -3.4570e-01, -1.5703e+00],
         [ 1.4526e-02,  1.8433e-02, -7.8735e-03,  ...,  2.0781e+00,
          -4.4375e+00,  2.5000e+00],
         [-4.1260e-02, -8.5449e-03, -1.5259e-03,  ...,  2.0312e+00,
          -1.6172e+00,  6.7500e+00],
         ...,
         [-7.5989e-03,  4.9438e-03, -3.5400e-03,  ..., -7.9297e-01,
          -2.2812e+00,  3.9375e+00],
         [-3.0823e-03,  3.1738e-02, -6.9824e-02,  ..., -5.2500e+00,
          -5.8750e+00, -3.3789e-01],
         [-1.4160e-02,  1.3794e-02,  3.7842e-02,  ..., -2.2188e+00,
          -3.5938e-01,  2.7500e+00]],

        [[-2.7588e-02,  2.8564e-02, -4.0039e-02,  ..., -3.1719e+00,
           2.1875e+00, -1.3359e+00],
         [-6.8054e-03, -8.2031e-02,  2.7466e-03,  ...,  2.7656e+00,
           7.6562e-01,  3.7812e+00],
         [-1.1523e-01,  6.2988e-02,  5.4932e-02,  ..., -1.3359e+00,
          -7.8125e+00, -1.4453e+00],
         ...,
         [ 7.1289e-02, -1.0156e-01,  6.4453e-02,  ...,  3.9258e-01,
          -4.9316e-02,  2.3281e+00],
         [-8.9355e-02, -3.6865e-02, -4.0527e-02,  ..., -4.5312e+00,
          -7.0625e+00, -1.5000e+00],
         [-8.9355e-02, -1.4062e-01, -5.6763e-03,  ..., -6.9141e-01,
          -6.6406e-01, -2.7954e-02]]], device='cuda:0', dtype=torch.bfloat16)
tensor([[[-1.6968e-02, -9.2163e-03,  4.8523e-03,  ..., -1.2422e+00,
          -1.3438e+00, -5.0000e-01],
         [-6.2256e-03,  8.9722e-03, -5.9128e-04,  ..., -2.8516e-01,
          -2.5000e+00,  1.4609e+00],
         [ 7.9956e-03, -1.2817e-02,  5.6641e-02,  ...,  3.1406e+00,
          -8.7500e+00, -4.8438e+00],
         ...,
         [-1.5747e-02, -2.2705e-02, -3.4180e-03,  ..., -5.0625e+00,
          -1.8000e+01, -2.2656e+00],
         [ 1.2436e-03,  3.8330e-02, -1.0681e-02,  ..., -1.2125e+01,
           1.0188e+01, -8.6250e+00],
         [-2.7588e-02,  1.3977e-02,  2.2278e-03,  ..., -5.3516e-01,
          -6.6406e-01, -1.4531e+00]],

        [[-1.2969e+00, -1.0469e+00, -1.3672e+00,  ...,  1.3594e+00,
          -1.4941e-01, -1.6719e+00],
         [ 1.6953e+00, -1.9766e+00,  9.3750e-02,  ...,  1.1641e+00,
          -4.7812e+00,  1.3984e+00],
         [ 5.0781e-01,  5.8203e-01, -2.3047e-01,  ...,  2.1094e+00,
          -4.2812e+00, -4.8438e+00],
         ...,
         [ 8.4375e-01,  1.4160e-01, -1.5938e+00,  ..., -5.7812e+00,
          -1.8203e+00, -2.0938e+00],
         [-5.6641e-01,  4.6484e-01, -2.0508e-01,  ..., -6.2188e+00,
           2.0469e+00, -2.5625e+00],
         [-1.2969e+00,  1.9238e-01,  1.4766e+00,  ...,  1.6699e-01,
          -3.0625e+00,  3.6133e-01]],

        [[ 2.1289e-01,  1.0498e-01,  2.3633e-01,  ...,  3.6719e+00,
          -2.1719e+00, -3.9062e-01],
         [-1.6250e+00,  2.5146e-02, -1.8906e+00,  ...,  9.6094e-01,
          -2.3906e+00,  3.6250e+00],
         [-5.3906e-01, -2.4048e-02,  1.7578e+00,  ...,  2.9531e+00,
          -9.6875e-01, -1.2891e+00],
         ...,
         [ 2.0312e-01, -1.3428e-02, -4.2773e-01,  ..., -4.1562e+00,
          -1.3750e+00, -1.3750e+00],
         [ 4.3750e-01, -4.2725e-03, -2.3730e-01,  ..., -2.5156e+00,
           5.0625e+00, -2.8906e+00],
         [ 2.9297e-02,  1.4526e-02, -1.4766e+00,  ..., -1.2734e+00,
          -3.3281e+00, -3.8125e+00]],

        ...,

        [[ 3.5625e+00, -6.0059e-02, -2.5938e+00,  ..., -1.1719e+00,
          -2.3594e+00, -9.1309e-02],
         [-2.7500e+00, -2.7188e+00, -2.7344e-02,  ...,  1.1426e-01,
          -3.7031e+00, -4.7266e-01],
         [-8.6328e-01,  5.8984e-01,  1.5078e+00,  ...,  5.0312e+00,
          -2.4219e+00, -3.3750e+00],
         ...,
         [-1.6250e+00, -1.4453e-01, -1.3281e+00,  ..., -2.1094e+00,
          -1.6094e+00,  1.9297e+00],
         [ 7.3438e-01,  1.9727e-01, -9.9609e-02,  ..., -7.8516e-01,
           3.2812e+00, -1.5078e+00],
         [ 4.4688e+00, -2.0312e-01, -3.0078e-01,  ..., -2.3281e+00,
          -2.9219e+00, -8.1055e-02]],

        [[ 3.3125e+00,  1.3750e+00, -3.5625e+00,  ...,  2.1582e-01,
          -2.4375e+00, -3.9219e+00],
         [-1.5781e+00, -3.2812e+00, -1.8359e-01,  ...,  2.7100e-02,
          -3.4219e+00, -3.4531e+00],
         [ 6.9531e-01,  1.1475e-01, -1.8359e+00,  ...,  1.4297e+00,
          -1.0469e+00, -4.5625e+00],
         ...,
         [-1.0352e-01, -5.7031e-01,  3.5156e-02,  ..., -3.5000e+00,
          -2.7812e+00,  9.8145e-02],
         [ 5.4297e-01,  1.3594e+00, -5.1172e-01,  ..., -2.4375e+00,
           5.5000e+00, -2.5000e+00],
         [ 2.8281e+00, -4.2578e-01,  2.5195e-01,  ..., -4.4141e-01,
          -2.7930e-01,  6.4844e-01]],

        [[-4.1250e+00, -2.5781e-01,  8.2031e-01,  ...,  1.6875e+00,
          -2.1406e+00, -2.6719e+00],
         [ 2.5312e+00, -1.4844e+00, -1.2500e+00,  ...,  2.7734e-01,
          -9.0625e-01, -1.9219e+00],
         [-4.2578e-01,  9.4727e-02, -2.3594e+00,  ...,  4.1250e+00,
          -3.2500e+00, -4.5312e+00],
         ...,
         [ 1.6953e+00, -2.6367e-01,  2.0156e+00,  ..., -1.3594e+00,
          -1.5312e+00,  1.6875e+00],
         [-2.0312e-01,  1.0840e-01, -1.2305e-01,  ..., -9.6484e-01,
           6.7188e-01, -5.2734e-01],
         [-4.0312e+00,  2.3193e-03, -8.8281e-01,  ..., -9.6875e-01,
          -1.8125e+00,  8.4766e-01]]], device='cuda:0', dtype=torch.bfloat16)
tensor([[[-1.6968e-02, -9.2163e-03,  4.8523e-03,  ..., -1.2422e+00,
          -1.3438e+00, -5.0000e-01],
         [-6.2256e-03,  8.9722e-03, -5.9128e-04,  ..., -2.8516e-01,
          -2.5000e+00,  1.4609e+00],
         [ 7.9956e-03, -1.2817e-02,  5.6641e-02,  ...,  3.1406e+00,
          -8.7500e+00, -4.8438e+00],
         ...,
         [-1.5747e-02, -2.2705e-02, -3.4180e-03,  ..., -5.0625e+00,
          -1.8000e+01, -2.2656e+00],
         [ 1.2436e-03,  3.8330e-02, -1.0681e-02,  ..., -1.2125e+01,
           1.0188e+01, -8.6250e+00],
         [-2.7588e-02,  1.3977e-02,  2.2278e-03,  ..., -5.3516e-01,
          -6.6406e-01, -1.4531e+00]],

        [[-1.2969e+00, -1.0469e+00, -1.3672e+00,  ...,  1.3594e+00,
          -1.4941e-01, -1.6719e+00],
         [ 1.6953e+00, -1.9766e+00,  9.3750e-02,  ...,  1.1641e+00,
          -4.7812e+00,  1.3984e+00],
         [ 5.0781e-01,  5.8203e-01, -2.3047e-01,  ...,  2.1094e+00,
          -4.2812e+00, -4.8438e+00],
         ...,
         [ 8.4375e-01,  1.4160e-01, -1.5938e+00,  ..., -5.7812e+00,
          -1.8203e+00, -2.0938e+00],
         [-5.6641e-01,  4.6484e-01, -2.0508e-01,  ..., -6.2188e+00,
           2.0469e+00, -2.5625e+00],
         [-1.2969e+00,  1.9238e-01,  1.4766e+00,  ...,  1.6699e-01,
          -3.0625e+00,  3.6133e-01]],

        [[ 2.1289e-01,  1.0498e-01,  2.3633e-01,  ...,  3.6719e+00,
          -2.1719e+00, -3.9062e-01],
         [-1.6250e+00,  2.5146e-02, -1.8906e+00,  ...,  9.6094e-01,
          -2.3906e+00,  3.6250e+00],
         [-5.3906e-01, -2.4048e-02,  1.7578e+00,  ...,  2.9531e+00,
          -9.6875e-01, -1.2891e+00],
         ...,
         [ 2.0312e-01, -1.3428e-02, -4.2773e-01,  ..., -4.1562e+00,
          -1.3750e+00, -1.3750e+00],
         [ 4.3750e-01, -4.2725e-03, -2.3730e-01,  ..., -2.5156e+00,
           5.0625e+00, -2.8906e+00],
         [ 2.9297e-02,  1.4526e-02, -1.4766e+00,  ..., -1.2734e+00,
          -3.3281e+00, -3.8125e+00]],

        ...,

        [[ 3.5625e+00, -6.0059e-02, -2.5938e+00,  ..., -1.1719e+00,
          -2.3594e+00, -9.1309e-02],
         [-2.7500e+00, -2.7188e+00, -2.7344e-02,  ...,  1.1426e-01,
          -3.7031e+00, -4.7266e-01],
         [-8.6328e-01,  5.8984e-01,  1.5078e+00,  ...,  5.0312e+00,
          -2.4219e+00, -3.3750e+00],
         ...,
         [-1.6250e+00, -1.4453e-01, -1.3281e+00,  ..., -2.1094e+00,
          -1.6094e+00,  1.9297e+00],
         [ 7.3438e-01,  1.9727e-01, -9.9609e-02,  ..., -7.8516e-01,
           3.2812e+00, -1.5078e+00],
         [ 4.4688e+00, -2.0312e-01, -3.0078e-01,  ..., -2.3281e+00,
          -2.9219e+00, -8.1055e-02]],

        [[ 3.3125e+00,  1.3750e+00, -3.5625e+00,  ...,  2.1582e-01,
          -2.4375e+00, -3.9219e+00],
         [-1.5781e+00, -3.2812e+00, -1.8359e-01,  ...,  2.7100e-02,
          -3.4219e+00, -3.4531e+00],
         [ 6.9531e-01,  1.1475e-01, -1.8359e+00,  ...,  1.4297e+00,
          -1.0469e+00, -4.5625e+00],
         ...,
         [-1.0352e-01, -5.7031e-01,  3.5156e-02,  ..., -3.5000e+00,
          -2.7812e+00,  9.8145e-02],
         [ 5.4297e-01,  1.3594e+00, -5.1172e-01,  ..., -2.4375e+00,
           5.5000e+00, -2.5000e+00],
         [ 2.8281e+00, -4.2578e-01,  2.5195e-01,  ..., -4.4141e-01,
          -2.7930e-01,  6.4844e-01]],

        [[-4.1250e+00, -2.5781e-01,  8.2031e-01,  ...,  1.6875e+00,
          -2.1406e+00, -2.6719e+00],
         [ 2.5312e+00, -1.4844e+00, -1.2500e+00,  ...,  2.7734e-01,
          -9.0625e-01, -1.9219e+00],
         [-4.2578e-01,  9.4727e-02, -2.3594e+00,  ...,  4.1250e+00,
          -3.2500e+00, -4.5312e+00],
         ...,
         [ 1.6953e+00, -2.6367e-01,  2.0156e+00,  ..., -1.3594e+00,
          -1.5312e+00,  1.6875e+00],
         [-2.0312e-01,  1.0840e-01, -1.2305e-01,  ..., -9.6484e-01,
           6.7188e-01, -5.2734e-01],
         [-4.0312e+00,  2.3193e-03, -8.8281e-01,  ..., -9.6875e-01,
          -1.8125e+00,  8.4766e-01]]], device='cuda:0', dtype=torch.bfloat16)
tensor([[[-1.6968e-02, -9.2163e-03,  4.8523e-03,  ..., -1.2422e+00,
          -1.3438e+00, -5.0000e-01],
         [-6.2256e-03,  8.9722e-03, -5.9128e-04,  ..., -2.8516e-01,
          -2.5000e+00,  1.4609e+00],
         [ 7.9956e-03, -1.2817e-02,  5.6641e-02,  ...,  3.1406e+00,
          -8.7500e+00, -4.8438e+00],
         ...,
         [-1.5747e-02, -2.2705e-02, -3.4180e-03,  ..., -5.0625e+00,
          -1.8000e+01, -2.2656e+00],
         [ 1.2436e-03,  3.8330e-02, -1.0681e-02,  ..., -1.2125e+01,
           1.0188e+01, -8.6250e+00],
         [-2.7588e-02,  1.3977e-02,  2.2278e-03,  ..., -5.3516e-01,
          -6.6406e-01, -1.4531e+00]],

        [[-1.2969e+00, -1.0469e+00, -1.3672e+00,  ...,  1.3594e+00,
          -1.4941e-01, -1.6719e+00],
         [ 1.6953e+00, -1.9766e+00,  9.3750e-02,  ...,  1.1641e+00,
          -4.7812e+00,  1.3984e+00],
         [ 5.0781e-01,  5.8203e-01, -2.3047e-01,  ...,  2.1094e+00,
          -4.2812e+00, -4.8438e+00],
         ...,
         [ 8.4375e-01,  1.4160e-01, -1.5938e+00,  ..., -5.7812e+00,
          -1.8203e+00, -2.0938e+00],
         [-5.6641e-01,  4.6484e-01, -2.0508e-01,  ..., -6.2188e+00,
           2.0469e+00, -2.5625e+00],
         [-1.2969e+00,  1.9238e-01,  1.4766e+00,  ...,  1.6699e-01,
          -3.0625e+00,  3.6133e-01]],

        [[ 2.1289e-01,  1.0498e-01,  2.3633e-01,  ...,  3.6719e+00,
          -2.1719e+00, -3.9062e-01],
         [-1.6250e+00,  2.5146e-02, -1.8906e+00,  ...,  9.6094e-01,
          -2.3906e+00,  3.6250e+00],
         [-5.3906e-01, -2.4048e-02,  1.7578e+00,  ...,  2.9531e+00,
          -9.6875e-01, -1.2891e+00],
         ...,
         [ 2.0312e-01, -1.3428e-02, -4.2773e-01,  ..., -4.1562e+00,
          -1.3750e+00, -1.3750e+00],
         [ 4.3750e-01, -4.2725e-03, -2.3730e-01,  ..., -2.5156e+00,
           5.0625e+00, -2.8906e+00],
         [ 2.9297e-02,  1.4526e-02, -1.4766e+00,  ..., -1.2734e+00,
          -3.3281e+00, -3.8125e+00]],

        ...,

        [[ 3.5625e+00, -6.0059e-02, -2.5938e+00,  ..., -1.1719e+00,
          -2.3594e+00, -9.1309e-02],
         [-2.7500e+00, -2.7188e+00, -2.7344e-02,  ...,  1.1426e-01,
          -3.7031e+00, -4.7266e-01],
         [-8.6328e-01,  5.8984e-01,  1.5078e+00,  ...,  5.0312e+00,
          -2.4219e+00, -3.3750e+00],
         ...,
         [-1.6250e+00, -1.4453e-01, -1.3281e+00,  ..., -2.1094e+00,
          -1.6094e+00,  1.9297e+00],
         [ 7.3438e-01,  1.9727e-01, -9.9609e-02,  ..., -7.8516e-01,
           3.2812e+00, -1.5078e+00],
         [ 4.4688e+00, -2.0312e-01, -3.0078e-01,  ..., -2.3281e+00,
          -2.9219e+00, -8.1055e-02]],

        [[ 3.3125e+00,  1.3750e+00, -3.5625e+00,  ...,  2.1582e-01,
          -2.4375e+00, -3.9219e+00],
         [-1.5781e+00, -3.2812e+00, -1.8359e-01,  ...,  2.7100e-02,
          -3.4219e+00, -3.4531e+00],
         [ 6.9531e-01,  1.1475e-01, -1.8359e+00,  ...,  1.4297e+00,
          -1.0469e+00, -4.5625e+00],
         ...,
         [-1.0352e-01, -5.7031e-01,  3.5156e-02,  ..., -3.5000e+00,
          -2.7812e+00,  9.8145e-02],
         [ 5.4297e-01,  1.3594e+00, -5.1172e-01,  ..., -2.4375e+00,
           5.5000e+00, -2.5000e+00],
         [ 2.8281e+00, -4.2578e-01,  2.5195e-01,  ..., -4.4141e-01,
          -2.7930e-01,  6.4844e-01]],

        [[-4.1250e+00, -2.5781e-01,  8.2031e-01,  ...,  1.6875e+00,
          -2.1406e+00, -2.6719e+00],
         [ 2.5312e+00, -1.4844e+00, -1.2500e+00,  ...,  2.7734e-01,
          -9.0625e-01, -1.9219e+00],
         [-4.2578e-01,  9.4727e-02, -2.3594e+00,  ...,  4.1250e+00,
          -3.2500e+00, -4.5312e+00],
         ...,
         [ 1.6953e+00, -2.6367e-01,  2.0156e+00,  ..., -1.3594e+00,
          -1.5312e+00,  1.6875e+00],
         [-2.0312e-01,  1.0840e-01, -1.2305e-01,  ..., -9.6484e-01,
           6.7188e-01, -5.2734e-01],
         [-4.0312e+00,  2.3193e-03, -8.8281e-01,  ..., -9.6875e-01,
          -1.8125e+00,  8.4766e-01]]], device='cuda:0', dtype=torch.bfloat16)
tensor([[[ 1.6113e-02, -1.8799e-02, -2.6489e-02,  ...,  3.9844e+00,
          -3.9531e+00,  6.5625e+00],
         [ 1.1328e-01, -1.1353e-02, -4.6387e-03,  ..., -8.3125e+00,
           8.9375e+00, -1.1438e+01],
         [ 3.3447e-02, -3.0762e-02,  4.3297e-04,  ..., -4.8096e-02,
          -8.9453e-01,  2.5312e+00],
         ...,
         [-8.0566e-03,  1.8311e-02, -7.0312e-02,  ...,  4.6250e+00,
           8.0469e-01, -1.0312e+01],
         [-3.1250e-02,  1.5442e-02,  1.0193e-02,  ..., -1.2109e+00,
          -1.0312e+00,  1.7871e-01],
         [-2.0386e-02, -1.3916e-02,  1.6846e-02,  ...,  2.2969e+00,
           7.8125e+00,  9.8750e+00]],

        [[-3.5156e-02, -1.3965e-01, -9.4531e-01,  ...,  2.4688e+00,
           6.0156e-01,  6.1250e+00],
         [ 9.1016e-01,  2.3535e-01,  2.6172e-01,  ..., -4.6094e-01,
           9.6875e-01, -7.0000e+00],
         [-1.7656e+00, -1.0469e+00, -1.2207e-01,  ..., -2.4219e+00,
           5.7812e+00,  1.8281e+00],
         ...,
         [ 3.9453e-01,  7.0703e-01,  6.2500e-01,  ...,  3.2969e+00,
           2.6250e+00, -5.7812e+00],
         [-1.6406e+00, -2.9297e-01,  1.5430e-01,  ..., -8.8672e-01,
           8.8672e-01,  2.6250e+00],
         [-4.4727e-01, -2.7539e-01, -5.1953e-01,  ...,  2.7969e+00,
           7.3750e+00,  4.0312e+00]],

        [[ 7.5000e-01,  1.2024e-02,  5.1270e-02,  ...,  5.7500e+00,
          -1.8594e+00,  6.1562e+00],
         [-8.5156e-01, -5.1575e-03, -3.3203e-02,  ...,  3.9062e+00,
           2.6562e+00, -5.5938e+00],
         [ 1.4219e+00, -4.9072e-02,  1.0498e-01,  ..., -1.0391e+00,
           2.9531e+00,  2.8594e+00],
         ...,
         [-1.1719e+00, -1.5381e-02, -1.1328e-01,  ...,  1.6797e+00,
          -7.9102e-02, -6.6562e+00],
         [ 1.0234e+00, -3.9978e-03, -6.1768e-02,  ..., -2.0000e+00,
           2.2344e+00,  1.8984e+00],
         [ 3.6328e-01,  2.3071e-02, -8.8379e-02,  ..., -1.2656e+00,
           4.0312e+00,  3.7344e+00]],

        ...,

        [[ 2.0625e+00, -5.5078e-01, -2.6953e-01,  ...,  5.8750e+00,
           1.3359e+00,  6.8750e+00],
         [-1.1953e+00,  2.6001e-02,  4.2236e-02,  ...,  3.2969e+00,
           7.6562e-01, -3.4688e+00],
         [ 3.4062e+00, -1.2354e-01, -2.6758e-01,  ...,  7.8516e-01,
           5.7500e+00,  3.1562e+00],
         ...,
         [-1.7188e+00,  7.9297e-01,  1.0596e-01,  ...,  6.0156e-01,
          -2.3906e+00, -3.0781e+00],
         [ 3.3750e+00,  6.0156e-01, -1.0742e-01,  ..., -9.7656e-01,
           3.1719e+00,  1.8359e+00],
         [ 8.0078e-02, -1.1572e-01, -1.6309e-01,  ..., -5.3516e-01,
           2.2812e+00,  5.3438e+00]],

        [[ 2.4375e+00, -1.2578e+00,  2.8906e-01,  ...,  4.3438e+00,
           1.7344e+00,  6.5938e+00],
         [ 4.0039e-01,  2.7734e-01, -4.1211e-01,  ..., -1.1719e+00,
           5.5625e+00, -4.0039e-01],
         [ 2.5938e+00, -7.8125e-01,  5.1172e-01,  ...,  3.7891e-01,
           6.8125e+00,  2.7969e+00],
         ...,
         [-2.1562e+00,  1.3906e+00, -1.5442e-02,  ...,  5.5312e+00,
          -6.3672e-01, -4.0625e+00],
         [ 1.2969e+00, -3.9453e-01,  2.4121e-01,  ...,  1.7656e+00,
           3.1445e-01,  5.3438e+00],
         [ 4.7852e-01, -4.8438e-01,  2.7148e-01,  ...,  1.3281e+00,
           6.7500e+00,  7.2188e+00]],

        [[-1.5156e+00, -6.0547e-01,  8.8281e-01,  ...,  1.8125e+00,
           4.1797e-01,  6.8125e+00],
         [ 1.8594e+00, -4.2969e-01, -3.9062e-01,  ..., -2.6562e+00,
           7.8906e-01, -2.0625e+00],
         [-2.2500e+00,  1.3438e+00, -1.8984e+00,  ...,  2.1250e+00,
           3.2969e+00,  4.8750e+00],
         ...,
         [-5.5859e-01,  4.8047e-01,  6.6406e-01,  ...,  7.2188e+00,
          -4.4688e+00, -3.6562e+00],
         [-2.3594e+00,  1.0986e-01,  1.0625e+00,  ...,  3.0469e+00,
          -3.5938e-01,  3.4844e+00],
         [ 4.5312e-01, -4.9609e-01,  3.0859e-01,  ..., -1.3047e+00,
          -2.3438e+00,  4.9062e+00]]], device='cuda:0', dtype=torch.bfloat16)
tensor([[[ 1.6113e-02, -1.8799e-02, -2.6489e-02,  ...,  3.9844e+00,
          -3.9531e+00,  6.5625e+00],
         [ 1.1328e-01, -1.1353e-02, -4.6387e-03,  ..., -8.3125e+00,
           8.9375e+00, -1.1438e+01],
         [ 3.3447e-02, -3.0762e-02,  4.3297e-04,  ..., -4.8096e-02,
          -8.9453e-01,  2.5312e+00],
         ...,
         [-8.0566e-03,  1.8311e-02, -7.0312e-02,  ...,  4.6250e+00,
           8.0469e-01, -1.0312e+01],
         [-3.1250e-02,  1.5442e-02,  1.0193e-02,  ..., -1.2109e+00,
          -1.0312e+00,  1.7871e-01],
         [-2.0386e-02, -1.3916e-02,  1.6846e-02,  ...,  2.2969e+00,
           7.8125e+00,  9.8750e+00]],

        [[-3.5156e-02, -1.3965e-01, -9.4531e-01,  ...,  2.4688e+00,
           6.0156e-01,  6.1250e+00],
         [ 9.1016e-01,  2.3535e-01,  2.6172e-01,  ..., -4.6094e-01,
           9.6875e-01, -7.0000e+00],
         [-1.7656e+00, -1.0469e+00, -1.2207e-01,  ..., -2.4219e+00,
           5.7812e+00,  1.8281e+00],
         ...,
         [ 3.9453e-01,  7.0703e-01,  6.2500e-01,  ...,  3.2969e+00,
           2.6250e+00, -5.7812e+00],
         [-1.6406e+00, -2.9297e-01,  1.5430e-01,  ..., -8.8672e-01,
           8.8672e-01,  2.6250e+00],
         [-4.4727e-01, -2.7539e-01, -5.1953e-01,  ...,  2.7969e+00,
           7.3750e+00,  4.0312e+00]],

        [[ 7.5000e-01,  1.2024e-02,  5.1270e-02,  ...,  5.7500e+00,
          -1.8594e+00,  6.1562e+00],
         [-8.5156e-01, -5.1575e-03, -3.3203e-02,  ...,  3.9062e+00,
           2.6562e+00, -5.5938e+00],
         [ 1.4219e+00, -4.9072e-02,  1.0498e-01,  ..., -1.0391e+00,
           2.9531e+00,  2.8594e+00],
         ...,
         [-1.1719e+00, -1.5381e-02, -1.1328e-01,  ...,  1.6797e+00,
          -7.9102e-02, -6.6562e+00],
         [ 1.0234e+00, -3.9978e-03, -6.1768e-02,  ..., -2.0000e+00,
           2.2344e+00,  1.8984e+00],
         [ 3.6328e-01,  2.3071e-02, -8.8379e-02,  ..., -1.2656e+00,
           4.0312e+00,  3.7344e+00]],

        ...,

        [[ 2.0625e+00, -5.5078e-01, -2.6953e-01,  ...,  5.8750e+00,
           1.3359e+00,  6.8750e+00],
         [-1.1953e+00,  2.6001e-02,  4.2236e-02,  ...,  3.2969e+00,
           7.6562e-01, -3.4688e+00],
         [ 3.4062e+00, -1.2354e-01, -2.6758e-01,  ...,  7.8516e-01,
           5.7500e+00,  3.1562e+00],
         ...,
         [-1.7188e+00,  7.9297e-01,  1.0596e-01,  ...,  6.0156e-01,
          -2.3906e+00, -3.0781e+00],
         [ 3.3750e+00,  6.0156e-01, -1.0742e-01,  ..., -9.7656e-01,
           3.1719e+00,  1.8359e+00],
         [ 8.0078e-02, -1.1572e-01, -1.6309e-01,  ..., -5.3516e-01,
           2.2812e+00,  5.3438e+00]],

        [[ 2.4375e+00, -1.2578e+00,  2.8906e-01,  ...,  4.3438e+00,
           1.7344e+00,  6.5938e+00],
         [ 4.0039e-01,  2.7734e-01, -4.1211e-01,  ..., -1.1719e+00,
           5.5625e+00, -4.0039e-01],
         [ 2.5938e+00, -7.8125e-01,  5.1172e-01,  ...,  3.7891e-01,
           6.8125e+00,  2.7969e+00],
         ...,
         [-2.1562e+00,  1.3906e+00, -1.5442e-02,  ...,  5.5312e+00,
          -6.3672e-01, -4.0625e+00],
         [ 1.2969e+00, -3.9453e-01,  2.4121e-01,  ...,  1.7656e+00,
           3.1445e-01,  5.3438e+00],
         [ 4.7852e-01, -4.8438e-01,  2.7148e-01,  ...,  1.3281e+00,
           6.7500e+00,  7.2188e+00]],

        [[-1.5156e+00, -6.0547e-01,  8.8281e-01,  ...,  1.8125e+00,
           4.1797e-01,  6.8125e+00],
         [ 1.8594e+00, -4.2969e-01, -3.9062e-01,  ..., -2.6562e+00,
           7.8906e-01, -2.0625e+00],
         [-2.2500e+00,  1.3438e+00, -1.8984e+00,  ...,  2.1250e+00,
           3.2969e+00,  4.8750e+00],
         ...,
         [-5.5859e-01,  4.8047e-01,  6.6406e-01,  ...,  7.2188e+00,
          -4.4688e+00, -3.6562e+00],
         [-2.3594e+00,  1.0986e-01,  1.0625e+00,  ...,  3.0469e+00,
          -3.5938e-01,  3.4844e+00],
         [ 4.5312e-01, -4.9609e-01,  3.0859e-01,  ..., -1.3047e+00,
          -2.3438e+00,  4.9062e+00]]], device='cuda:0', dtype=torch.bfloat16)
tensor([[[ 1.6113e-02, -1.8799e-02, -2.6489e-02,  ...,  3.9844e+00,
          -3.9531e+00,  6.5625e+00],
         [ 1.1328e-01, -1.1353e-02, -4.6387e-03,  ..., -8.3125e+00,
           8.9375e+00, -1.1438e+01],
         [ 3.3447e-02, -3.0762e-02,  4.3297e-04,  ..., -4.8096e-02,
          -8.9453e-01,  2.5312e+00],
         ...,
         [-8.0566e-03,  1.8311e-02, -7.0312e-02,  ...,  4.6250e+00,
           8.0469e-01, -1.0312e+01],
         [-3.1250e-02,  1.5442e-02,  1.0193e-02,  ..., -1.2109e+00,
          -1.0312e+00,  1.7871e-01],
         [-2.0386e-02, -1.3916e-02,  1.6846e-02,  ...,  2.2969e+00,
           7.8125e+00,  9.8750e+00]],

        [[-3.5156e-02, -1.3965e-01, -9.4531e-01,  ...,  2.4688e+00,
           6.0156e-01,  6.1250e+00],
         [ 9.1016e-01,  2.3535e-01,  2.6172e-01,  ..., -4.6094e-01,
           9.6875e-01, -7.0000e+00],
         [-1.7656e+00, -1.0469e+00, -1.2207e-01,  ..., -2.4219e+00,
           5.7812e+00,  1.8281e+00],
         ...,
         [ 3.9453e-01,  7.0703e-01,  6.2500e-01,  ...,  3.2969e+00,
           2.6250e+00, -5.7812e+00],
         [-1.6406e+00, -2.9297e-01,  1.5430e-01,  ..., -8.8672e-01,
           8.8672e-01,  2.6250e+00],
         [-4.4727e-01, -2.7539e-01, -5.1953e-01,  ...,  2.7969e+00,
           7.3750e+00,  4.0312e+00]],

        [[ 7.5000e-01,  1.2024e-02,  5.1270e-02,  ...,  5.7500e+00,
          -1.8594e+00,  6.1562e+00],
         [-8.5156e-01, -5.1575e-03, -3.3203e-02,  ...,  3.9062e+00,
           2.6562e+00, -5.5938e+00],
         [ 1.4219e+00, -4.9072e-02,  1.0498e-01,  ..., -1.0391e+00,
           2.9531e+00,  2.8594e+00],
         ...,
         [-1.1719e+00, -1.5381e-02, -1.1328e-01,  ...,  1.6797e+00,
          -7.9102e-02, -6.6562e+00],
         [ 1.0234e+00, -3.9978e-03, -6.1768e-02,  ..., -2.0000e+00,
           2.2344e+00,  1.8984e+00],
         [ 3.6328e-01,  2.3071e-02, -8.8379e-02,  ..., -1.2656e+00,
           4.0312e+00,  3.7344e+00]],

        ...,

        [[ 2.0625e+00, -5.5078e-01, -2.6953e-01,  ...,  5.8750e+00,
           1.3359e+00,  6.8750e+00],
         [-1.1953e+00,  2.6001e-02,  4.2236e-02,  ...,  3.2969e+00,
           7.6562e-01, -3.4688e+00],
         [ 3.4062e+00, -1.2354e-01, -2.6758e-01,  ...,  7.8516e-01,
           5.7500e+00,  3.1562e+00],
         ...,
         [-1.7188e+00,  7.9297e-01,  1.0596e-01,  ...,  6.0156e-01,
          -2.3906e+00, -3.0781e+00],
         [ 3.3750e+00,  6.0156e-01, -1.0742e-01,  ..., -9.7656e-01,
           3.1719e+00,  1.8359e+00],
         [ 8.0078e-02, -1.1572e-01, -1.6309e-01,  ..., -5.3516e-01,
           2.2812e+00,  5.3438e+00]],

        [[ 2.4375e+00, -1.2578e+00,  2.8906e-01,  ...,  4.3438e+00,
           1.7344e+00,  6.5938e+00],
         [ 4.0039e-01,  2.7734e-01, -4.1211e-01,  ..., -1.1719e+00,
           5.5625e+00, -4.0039e-01],
         [ 2.5938e+00, -7.8125e-01,  5.1172e-01,  ...,  3.7891e-01,
           6.8125e+00,  2.7969e+00],
         ...,
         [-2.1562e+00,  1.3906e+00, -1.5442e-02,  ...,  5.5312e+00,
          -6.3672e-01, -4.0625e+00],
         [ 1.2969e+00, -3.9453e-01,  2.4121e-01,  ...,  1.7656e+00,
           3.1445e-01,  5.3438e+00],
         [ 4.7852e-01, -4.8438e-01,  2.7148e-01,  ...,  1.3281e+00,
           6.7500e+00,  7.2188e+00]],

        [[-1.5156e+00, -6.0547e-01,  8.8281e-01,  ...,  1.8125e+00,
           4.1797e-01,  6.8125e+00],
         [ 1.8594e+00, -4.2969e-01, -3.9062e-01,  ..., -2.6562e+00,
           7.8906e-01, -2.0625e+00],
         [-2.2500e+00,  1.3438e+00, -1.8984e+00,  ...,  2.1250e+00,
           3.2969e+00,  4.8750e+00],
         ...,
         [-5.5859e-01,  4.8047e-01,  6.6406e-01,  ...,  7.2188e+00,
          -4.4688e+00, -3.6562e+00],
         [-2.3594e+00,  1.0986e-01,  1.0625e+00,  ...,  3.0469e+00,
          -3.5938e-01,  3.4844e+00],
         [ 4.5312e-01, -4.9609e-01,  3.0859e-01,  ..., -1.3047e+00,
          -2.3438e+00,  4.9062e+00]]], device='cuda:0', dtype=torch.bfloat16)
tensor([[[ 2.0874e-02, -4.0245e-04,  2.9449e-03,  ..., -5.7500e+00,
          -1.3438e+00,  7.0938e+00],
         [-2.1729e-02,  1.8406e-04, -5.0049e-03,  ..., -6.5938e+00,
           5.9688e+00, -6.6562e+00],
         [ 2.3438e-02,  3.8528e-04,  7.0190e-04,  ..., -5.2812e+00,
          -6.0938e+00,  6.4375e+00],
         ...,
         [ 1.8463e-03,  6.2943e-04, -1.0620e-02,  ..., -2.2969e+00,
           3.2031e+00,  2.5000e+00],
         [-1.1873e-04, -4.6539e-04,  1.1658e-02,  ..., -1.0596e-01,
           8.4961e-02,  2.3047e-01],
         [ 6.3965e-02, -4.5967e-04,  7.2861e-04,  ..., -1.2109e+00,
          -2.6733e-02, -5.5859e-01]],

        [[ 7.6904e-03,  1.1182e-01, -3.4375e-01,  ..., -3.6406e+00,
          -5.1875e+00,  4.9023e-01],
         [-3.3984e-01, -1.5527e-01,  2.3633e-01,  ..., -3.0781e+00,
           1.0703e+00, -5.9062e+00],
         [ 2.9102e-01,  2.6367e-01,  9.6484e-01,  ..., -2.6406e+00,
          -1.9531e+00,  4.4375e+00],
         ...,
         [ 2.1973e-01, -9.2578e-01,  3.5938e-01,  ..., -2.1094e+00,
           2.5156e+00,  1.8906e+00],
         [-1.4844e+00,  4.5117e-01,  4.9805e-01,  ..., -5.3125e-01,
          -4.7266e-01,  8.1641e-01],
         [ 3.8125e+00,  3.3125e+00,  1.7500e+00,  ...,  9.5312e-01,
          -9.7266e-01,  1.0254e-01]],

        [[ 1.7188e-01,  3.1836e-01, -6.0156e-01,  ..., -2.2188e+00,
          -6.4062e+00, -3.1055e-01],
         [ 4.0039e-02,  6.2500e-02,  1.2012e-01,  ..., -1.6016e-01,
           4.7500e+00, -5.0625e+00],
         [ 8.1543e-02, -1.6406e-01,  8.7891e-01,  ...,  6.2891e-01,
          -1.4219e+00,  3.8906e+00],
         ...,
         [ 3.0518e-02, -7.7734e-01, -9.0942e-03,  ..., -1.7031e+00,
           3.4375e+00,  1.4531e+00],
         [ 5.2344e-01,  5.1953e-01, -5.9375e-01,  ..., -1.7285e-01,
           1.7969e-01,  7.7734e-01],
         [-2.4531e+00,  1.3359e+00,  4.6250e+00,  ..., -2.6758e-01,
           1.1719e+00, -3.8477e-01]],

        ...,

        [[ 4.6143e-02,  3.0396e-02, -9.9219e-01,  ..., -4.9688e+00,
          -6.8750e+00,  7.1094e-01],
         [ 4.3359e-01,  4.0039e-02, -7.4219e-01,  ..., -1.2500e+00,
           6.6406e-01, -2.1719e+00],
         [-3.4570e-01, -3.8672e-01,  1.5234e+00,  ..., -7.6953e-01,
          -2.5938e+00,  3.2227e-01],
         ...,
         [-1.3359e+00,  1.3594e+00,  6.9141e-01,  ..., -2.0469e+00,
           2.1250e+00,  1.6094e+00],
         [ 3.3281e+00,  2.1191e-01,  1.1953e+00,  ...,  2.2363e-01,
           5.2734e-02,  2.4531e+00],
         [-6.0000e+00, -2.2969e+00,  2.8750e+00,  ...,  3.4570e-01,
          -2.1729e-02, -8.1250e-01]],

        [[-7.9688e-01, -5.5847e-03,  6.4062e-01,  ..., -4.0000e+00,
          -3.7812e+00,  9.1016e-01],
         [ 5.2246e-02,  9.2163e-03,  4.7656e-01,  ..., -6.7188e+00,
           4.1875e+00, -4.3438e+00],
         [-3.7891e-01, -8.0078e-02,  1.3438e+00,  ..., -9.6094e-01,
          -5.0000e+00,  5.1562e+00],
         ...,
         [-7.6172e-01,  1.6992e-01,  1.4688e+00,  ..., -5.3516e-01,
           5.3125e+00,  1.1797e+00],
         [ 3.3281e+00,  1.4941e-01,  3.4375e-01,  ..., -1.0781e+00,
          -1.3281e+00, -1.2734e+00],
         [-5.0938e+00, -4.1797e-01,  5.4297e-01,  ...,  7.9590e-02,
           1.7969e+00,  4.6289e-01]],

        [[ 7.3242e-02,  2.6367e-01, -6.2500e-01,  ..., -5.5938e+00,
           6.9922e-01, -6.0000e+00],
         [-6.3477e-02,  4.0625e-01, -4.8438e-01,  ..., -3.2969e+00,
           3.7656e+00, -3.4062e+00],
         [-9.4604e-03,  3.9258e-01,  9.0234e-01,  ..., -2.0215e-01,
          -5.4375e+00, -4.9375e+00],
         ...,
         [-6.9336e-02, -1.1719e+00, -2.9883e-01,  ...,  1.4375e+00,
           3.4375e+00,  2.7188e+00],
         [ 6.8359e-01, -1.0938e+00, -9.7266e-01,  ..., -5.1562e-01,
          -7.4219e-01, -4.0039e-01],
         [-1.5156e+00,  1.4297e+00,  7.8906e-01,  ...,  3.2227e-01,
           1.5000e+00, -9.3750e-01]]], device='cuda:0', dtype=torch.bfloat16)
tensor([[[ 2.0874e-02, -4.0245e-04,  2.9449e-03,  ..., -5.7500e+00,
          -1.3438e+00,  7.0938e+00],
         [-2.1729e-02,  1.8406e-04, -5.0049e-03,  ..., -6.5938e+00,
           5.9688e+00, -6.6562e+00],
         [ 2.3438e-02,  3.8528e-04,  7.0190e-04,  ..., -5.2812e+00,
          -6.0938e+00,  6.4375e+00],
         ...,
         [ 1.8463e-03,  6.2943e-04, -1.0620e-02,  ..., -2.2969e+00,
           3.2031e+00,  2.5000e+00],
         [-1.1873e-04, -4.6539e-04,  1.1658e-02,  ..., -1.0596e-01,
           8.4961e-02,  2.3047e-01],
         [ 6.3965e-02, -4.5967e-04,  7.2861e-04,  ..., -1.2109e+00,
          -2.6733e-02, -5.5859e-01]],

        [[ 7.6904e-03,  1.1182e-01, -3.4375e-01,  ..., -3.6406e+00,
          -5.1875e+00,  4.9023e-01],
         [-3.3984e-01, -1.5527e-01,  2.3633e-01,  ..., -3.0781e+00,
           1.0703e+00, -5.9062e+00],
         [ 2.9102e-01,  2.6367e-01,  9.6484e-01,  ..., -2.6406e+00,
          -1.9531e+00,  4.4375e+00],
         ...,
         [ 2.1973e-01, -9.2578e-01,  3.5938e-01,  ..., -2.1094e+00,
           2.5156e+00,  1.8906e+00],
         [-1.4844e+00,  4.5117e-01,  4.9805e-01,  ..., -5.3125e-01,
          -4.7266e-01,  8.1641e-01],
         [ 3.8125e+00,  3.3125e+00,  1.7500e+00,  ...,  9.5312e-01,
          -9.7266e-01,  1.0254e-01]],

        [[ 1.7188e-01,  3.1836e-01, -6.0156e-01,  ..., -2.2188e+00,
          -6.4062e+00, -3.1055e-01],
         [ 4.0039e-02,  6.2500e-02,  1.2012e-01,  ..., -1.6016e-01,
           4.7500e+00, -5.0625e+00],
         [ 8.1543e-02, -1.6406e-01,  8.7891e-01,  ...,  6.2891e-01,
          -1.4219e+00,  3.8906e+00],
         ...,
         [ 3.0518e-02, -7.7734e-01, -9.0942e-03,  ..., -1.7031e+00,
           3.4375e+00,  1.4531e+00],
         [ 5.2344e-01,  5.1953e-01, -5.9375e-01,  ..., -1.7285e-01,
           1.7969e-01,  7.7734e-01],
         [-2.4531e+00,  1.3359e+00,  4.6250e+00,  ..., -2.6758e-01,
           1.1719e+00, -3.8477e-01]],

        ...,

        [[ 4.6143e-02,  3.0396e-02, -9.9219e-01,  ..., -4.9688e+00,
          -6.8750e+00,  7.1094e-01],
         [ 4.3359e-01,  4.0039e-02, -7.4219e-01,  ..., -1.2500e+00,
           6.6406e-01, -2.1719e+00],
         [-3.4570e-01, -3.8672e-01,  1.5234e+00,  ..., -7.6953e-01,
          -2.5938e+00,  3.2227e-01],
         ...,
         [-1.3359e+00,  1.3594e+00,  6.9141e-01,  ..., -2.0469e+00,
           2.1250e+00,  1.6094e+00],
         [ 3.3281e+00,  2.1191e-01,  1.1953e+00,  ...,  2.2363e-01,
           5.2734e-02,  2.4531e+00],
         [-6.0000e+00, -2.2969e+00,  2.8750e+00,  ...,  3.4570e-01,
          -2.1729e-02, -8.1250e-01]],

        [[-7.9688e-01, -5.5847e-03,  6.4062e-01,  ..., -4.0000e+00,
          -3.7812e+00,  9.1016e-01],
         [ 5.2246e-02,  9.2163e-03,  4.7656e-01,  ..., -6.7188e+00,
           4.1875e+00, -4.3438e+00],
         [-3.7891e-01, -8.0078e-02,  1.3438e+00,  ..., -9.6094e-01,
          -5.0000e+00,  5.1562e+00],
         ...,
         [-7.6172e-01,  1.6992e-01,  1.4688e+00,  ..., -5.3516e-01,
           5.3125e+00,  1.1797e+00],
         [ 3.3281e+00,  1.4941e-01,  3.4375e-01,  ..., -1.0781e+00,
          -1.3281e+00, -1.2734e+00],
         [-5.0938e+00, -4.1797e-01,  5.4297e-01,  ...,  7.9590e-02,
           1.7969e+00,  4.6289e-01]],

        [[ 7.3242e-02,  2.6367e-01, -6.2500e-01,  ..., -5.5938e+00,
           6.9922e-01, -6.0000e+00],
         [-6.3477e-02,  4.0625e-01, -4.8438e-01,  ..., -3.2969e+00,
           3.7656e+00, -3.4062e+00],
         [-9.4604e-03,  3.9258e-01,  9.0234e-01,  ..., -2.0215e-01,
          -5.4375e+00, -4.9375e+00],
         ...,
         [-6.9336e-02, -1.1719e+00, -2.9883e-01,  ...,  1.4375e+00,
           3.4375e+00,  2.7188e+00],
         [ 6.8359e-01, -1.0938e+00, -9.7266e-01,  ..., -5.1562e-01,
          -7.4219e-01, -4.0039e-01],
         [-1.5156e+00,  1.4297e+00,  7.8906e-01,  ...,  3.2227e-01,
           1.5000e+00, -9.3750e-01]]], device='cuda:0', dtype=torch.bfloat16)
tensor([[[ 2.0874e-02, -4.0245e-04,  2.9449e-03,  ..., -5.7500e+00,
          -1.3438e+00,  7.0938e+00],
         [-2.1729e-02,  1.8406e-04, -5.0049e-03,  ..., -6.5938e+00,
           5.9688e+00, -6.6562e+00],
         [ 2.3438e-02,  3.8528e-04,  7.0190e-04,  ..., -5.2812e+00,
          -6.0938e+00,  6.4375e+00],
         ...,
         [ 1.8463e-03,  6.2943e-04, -1.0620e-02,  ..., -2.2969e+00,
           3.2031e+00,  2.5000e+00],
         [-1.1873e-04, -4.6539e-04,  1.1658e-02,  ..., -1.0596e-01,
           8.4961e-02,  2.3047e-01],
         [ 6.3965e-02, -4.5967e-04,  7.2861e-04,  ..., -1.2109e+00,
          -2.6733e-02, -5.5859e-01]],

        [[ 7.6904e-03,  1.1182e-01, -3.4375e-01,  ..., -3.6406e+00,
          -5.1875e+00,  4.9023e-01],
         [-3.3984e-01, -1.5527e-01,  2.3633e-01,  ..., -3.0781e+00,
           1.0703e+00, -5.9062e+00],
         [ 2.9102e-01,  2.6367e-01,  9.6484e-01,  ..., -2.6406e+00,
          -1.9531e+00,  4.4375e+00],
         ...,
         [ 2.1973e-01, -9.2578e-01,  3.5938e-01,  ..., -2.1094e+00,
           2.5156e+00,  1.8906e+00],
         [-1.4844e+00,  4.5117e-01,  4.9805e-01,  ..., -5.3125e-01,
          -4.7266e-01,  8.1641e-01],
         [ 3.8125e+00,  3.3125e+00,  1.7500e+00,  ...,  9.5312e-01,
          -9.7266e-01,  1.0254e-01]],

        [[ 1.7188e-01,  3.1836e-01, -6.0156e-01,  ..., -2.2188e+00,
          -6.4062e+00, -3.1055e-01],
         [ 4.0039e-02,  6.2500e-02,  1.2012e-01,  ..., -1.6016e-01,
           4.7500e+00, -5.0625e+00],
         [ 8.1543e-02, -1.6406e-01,  8.7891e-01,  ...,  6.2891e-01,
          -1.4219e+00,  3.8906e+00],
         ...,
         [ 3.0518e-02, -7.7734e-01, -9.0942e-03,  ..., -1.7031e+00,
           3.4375e+00,  1.4531e+00],
         [ 5.2344e-01,  5.1953e-01, -5.9375e-01,  ..., -1.7285e-01,
           1.7969e-01,  7.7734e-01],
         [-2.4531e+00,  1.3359e+00,  4.6250e+00,  ..., -2.6758e-01,
           1.1719e+00, -3.8477e-01]],

        ...,

        [[ 4.6143e-02,  3.0396e-02, -9.9219e-01,  ..., -4.9688e+00,
          -6.8750e+00,  7.1094e-01],
         [ 4.3359e-01,  4.0039e-02, -7.4219e-01,  ..., -1.2500e+00,
           6.6406e-01, -2.1719e+00],
         [-3.4570e-01, -3.8672e-01,  1.5234e+00,  ..., -7.6953e-01,
          -2.5938e+00,  3.2227e-01],
         ...,
         [-1.3359e+00,  1.3594e+00,  6.9141e-01,  ..., -2.0469e+00,
           2.1250e+00,  1.6094e+00],
         [ 3.3281e+00,  2.1191e-01,  1.1953e+00,  ...,  2.2363e-01,
           5.2734e-02,  2.4531e+00],
         [-6.0000e+00, -2.2969e+00,  2.8750e+00,  ...,  3.4570e-01,
          -2.1729e-02, -8.1250e-01]],

        [[-7.9688e-01, -5.5847e-03,  6.4062e-01,  ..., -4.0000e+00,
          -3.7812e+00,  9.1016e-01],
         [ 5.2246e-02,  9.2163e-03,  4.7656e-01,  ..., -6.7188e+00,
           4.1875e+00, -4.3438e+00],
         [-3.7891e-01, -8.0078e-02,  1.3438e+00,  ..., -9.6094e-01,
          -5.0000e+00,  5.1562e+00],
         ...,
         [-7.6172e-01,  1.6992e-01,  1.4688e+00,  ..., -5.3516e-01,
           5.3125e+00,  1.1797e+00],
         [ 3.3281e+00,  1.4941e-01,  3.4375e-01,  ..., -1.0781e+00,
          -1.3281e+00, -1.2734e+00],
         [-5.0938e+00, -4.1797e-01,  5.4297e-01,  ...,  7.9590e-02,
           1.7969e+00,  4.6289e-01]],

        [[ 7.3242e-02,  2.6367e-01, -6.2500e-01,  ..., -5.5938e+00,
           6.9922e-01, -6.0000e+00],
         [-6.3477e-02,  4.0625e-01, -4.8438e-01,  ..., -3.2969e+00,
           3.7656e+00, -3.4062e+00],
         [-9.4604e-03,  3.9258e-01,  9.0234e-01,  ..., -2.0215e-01,
          -5.4375e+00, -4.9375e+00],
         ...,
         [-6.9336e-02, -1.1719e+00, -2.9883e-01,  ...,  1.4375e+00,
           3.4375e+00,  2.7188e+00],
         [ 6.8359e-01, -1.0938e+00, -9.7266e-01,  ..., -5.1562e-01,
          -7.4219e-01, -4.0039e-01],
         [-1.5156e+00,  1.4297e+00,  7.8906e-01,  ...,  3.2227e-01,
           1.5000e+00, -9.3750e-01]]], device='cuda:0', dtype=torch.bfloat16)
tensor([[[-7.6904e-03, -1.4099e-02, -5.2734e-02,  ..., -6.2188e+00,
           6.4688e+00,  5.4688e+00],
         [ 1.6357e-02,  4.5410e-02,  4.2969e-02,  ..., -2.5391e-01,
          -9.8047e-01,  2.7031e+00],
         [ 1.5869e-02,  4.8218e-03,  8.0078e-02,  ...,  3.0469e+00,
           7.1875e+00,  1.2688e+01],
         ...,
         [-1.2817e-02, -2.9785e-02,  1.0315e-02,  ...,  7.5938e+00,
           3.9688e+00,  1.1625e+01],
         [-8.3008e-03,  4.2725e-02, -1.0376e-02,  ...,  6.3281e-01,
           1.7875e+01, -2.7734e-01],
         [ 1.4258e-01,  1.3184e-02,  1.0449e-01,  ...,  1.7500e+01,
           7.4375e+00, -4.0938e+00]],

        [[ 1.0156e+00, -4.4531e-01,  7.9297e-01,  ..., -5.3125e+00,
           6.3750e+00,  9.8125e+00],
         [ 5.8594e-01,  1.2734e+00,  9.8438e-01,  ...,  3.0312e+00,
          -2.2656e+00, -2.2031e+00],
         [ 1.4688e+00, -2.2754e-01,  9.9609e-02,  ..., -8.2812e-01,
           4.3125e+00,  2.6719e+00],
         ...,
         [ 5.6641e-01, -5.7812e-01, -1.4062e+00,  ...,  2.9844e+00,
          -6.0938e-01,  6.9688e+00],
         [-3.4062e+00,  2.2344e+00,  2.2656e+00,  ..., -1.9336e-01,
          -2.5781e+00, -1.1406e+00],
         [ 3.0664e-01,  2.5586e-01,  5.2734e-01,  ...,  4.9375e+00,
           4.1875e+00,  3.9062e+00]],

        [[ 8.5938e-02,  4.4922e-02,  1.7188e-01,  ..., -1.6562e+00,
           5.6250e+00,  9.1250e+00],
         [-7.1094e-01, -3.4180e-02,  6.6797e-01,  ...,  5.0625e+00,
           1.8203e+00, -3.2969e+00],
         [ 1.0234e+00, -1.5137e-02, -1.7969e-01,  ..., -3.2656e+00,
           3.0938e+00,  2.7344e+00],
         ...,
         [-1.3574e-01,  5.0964e-03, -4.6875e-02,  ...,  6.6562e+00,
           2.0469e+00,  7.4375e+00],
         [-2.5469e+00, -1.1719e-01,  1.8164e-01,  ...,  2.3633e-01,
          -1.5312e+00, -2.3047e-01],
         [ 1.2344e+00, -1.9287e-02,  4.5898e-01,  ...,  5.0312e+00,
          -1.3047e+00,  4.8125e+00]],

        ...,

        [[-2.2461e-01, -1.0391e+00,  5.0781e-01,  ...,  7.0312e-01,
           5.2812e+00,  5.0938e+00],
         [-5.8594e-02,  9.6484e-01,  6.3281e-01,  ...,  5.4375e+00,
          -1.2656e+00, -3.7812e+00],
         [ 5.3906e-01, -2.1094e-01, -4.6484e-01,  ..., -3.9062e+00,
           5.5625e+00,  2.7656e+00],
         ...,
         [ 3.5156e-01, -8.7891e-01, -1.0781e+00,  ...,  1.3672e+00,
           8.3594e-01,  6.1562e+00],
         [-5.7812e-01,  2.4531e+00,  1.4219e+00,  ...,  1.1094e+00,
          -2.6562e+00,  2.0469e+00],
         [ 1.1250e+00,  4.0234e-01,  3.2617e-01,  ...,  2.3438e+00,
           7.7344e-01,  3.5938e+00]],

        [[ 3.1836e-01, -1.7969e+00, -1.0781e+00,  ..., -5.2188e+00,
           4.3750e+00,  7.7188e+00],
         [ 2.8125e-01,  1.3906e+00,  3.6523e-01,  ...,  3.2031e+00,
          -2.8125e+00, -2.8125e+00],
         [-3.4570e-01, -5.7812e-01,  1.5723e-01,  ...,  2.3438e+00,
           8.5000e+00,  3.9531e+00],
         ...,
         [ 1.5332e-01, -7.8125e-01,  1.3281e-01,  ...,  5.8750e+00,
           1.3828e+00,  3.7812e+00],
         [ 2.1562e+00,  3.1094e+00, -1.9141e-01,  ..., -3.5000e+00,
          -4.9805e-01,  9.3359e-01],
         [ 5.5078e-01,  6.4062e-01, -3.0859e-01,  ...,  4.1875e+00,
           4.9062e+00,  1.5000e+00]],

        [[-1.5625e+00, -8.6328e-01,  7.8516e-01,  ..., -5.9688e+00,
           4.5000e+00,  1.0438e+01],
         [ 9.9219e-01,  9.8047e-01, -8.7500e-01,  ...,  2.1406e+00,
           1.8359e+00, -2.8750e+00],
         [-1.8672e+00, -2.3145e-01,  1.0156e+00,  ...,  2.3750e+00,
           5.5000e+00,  7.2500e+00],
         ...,
         [-6.7188e-01, -1.4375e+00,  3.7188e+00,  ...,  2.9531e+00,
          -1.6016e+00,  2.8281e+00],
         [ 2.0000e+00,  2.2656e+00, -6.3281e-01,  ..., -2.2031e+00,
          -2.1719e+00, -4.5508e-01],
         [-1.3281e+00,  5.9375e-01,  2.2852e-01,  ...,  4.5312e+00,
           1.7266e+00, -8.8750e+00]]], device='cuda:0', dtype=torch.bfloat16)
tensor([[[-7.6904e-03, -1.4099e-02, -5.2734e-02,  ..., -6.2188e+00,
           6.4688e+00,  5.4688e+00],
         [ 1.6357e-02,  4.5410e-02,  4.2969e-02,  ..., -2.5391e-01,
          -9.8047e-01,  2.7031e+00],
         [ 1.5869e-02,  4.8218e-03,  8.0078e-02,  ...,  3.0469e+00,
           7.1875e+00,  1.2688e+01],
         ...,
         [-1.2817e-02, -2.9785e-02,  1.0315e-02,  ...,  7.5938e+00,
           3.9688e+00,  1.1625e+01],
         [-8.3008e-03,  4.2725e-02, -1.0376e-02,  ...,  6.3281e-01,
           1.7875e+01, -2.7734e-01],
         [ 1.4258e-01,  1.3184e-02,  1.0449e-01,  ...,  1.7500e+01,
           7.4375e+00, -4.0938e+00]],

        [[ 1.0156e+00, -4.4531e-01,  7.9297e-01,  ..., -5.3125e+00,
           6.3750e+00,  9.8125e+00],
         [ 5.8594e-01,  1.2734e+00,  9.8438e-01,  ...,  3.0312e+00,
          -2.2656e+00, -2.2031e+00],
         [ 1.4688e+00, -2.2754e-01,  9.9609e-02,  ..., -8.2812e-01,
           4.3125e+00,  2.6719e+00],
         ...,
         [ 5.6641e-01, -5.7812e-01, -1.4062e+00,  ...,  2.9844e+00,
          -6.0938e-01,  6.9688e+00],
         [-3.4062e+00,  2.2344e+00,  2.2656e+00,  ..., -1.9336e-01,
          -2.5781e+00, -1.1406e+00],
         [ 3.0664e-01,  2.5586e-01,  5.2734e-01,  ...,  4.9375e+00,
           4.1875e+00,  3.9062e+00]],

        [[ 8.5938e-02,  4.4922e-02,  1.7188e-01,  ..., -1.6562e+00,
           5.6250e+00,  9.1250e+00],
         [-7.1094e-01, -3.4180e-02,  6.6797e-01,  ...,  5.0625e+00,
           1.8203e+00, -3.2969e+00],
         [ 1.0234e+00, -1.5137e-02, -1.7969e-01,  ..., -3.2656e+00,
           3.0938e+00,  2.7344e+00],
         ...,
         [-1.3574e-01,  5.0964e-03, -4.6875e-02,  ...,  6.6562e+00,
           2.0469e+00,  7.4375e+00],
         [-2.5469e+00, -1.1719e-01,  1.8164e-01,  ...,  2.3633e-01,
          -1.5312e+00, -2.3047e-01],
         [ 1.2344e+00, -1.9287e-02,  4.5898e-01,  ...,  5.0312e+00,
          -1.3047e+00,  4.8125e+00]],

        ...,

        [[-2.2461e-01, -1.0391e+00,  5.0781e-01,  ...,  7.0312e-01,
           5.2812e+00,  5.0938e+00],
         [-5.8594e-02,  9.6484e-01,  6.3281e-01,  ...,  5.4375e+00,
          -1.2656e+00, -3.7812e+00],
         [ 5.3906e-01, -2.1094e-01, -4.6484e-01,  ..., -3.9062e+00,
           5.5625e+00,  2.7656e+00],
         ...,
         [ 3.5156e-01, -8.7891e-01, -1.0781e+00,  ...,  1.3672e+00,
           8.3594e-01,  6.1562e+00],
         [-5.7812e-01,  2.4531e+00,  1.4219e+00,  ...,  1.1094e+00,
          -2.6562e+00,  2.0469e+00],
         [ 1.1250e+00,  4.0234e-01,  3.2617e-01,  ...,  2.3438e+00,
           7.7344e-01,  3.5938e+00]],

        [[ 3.1836e-01, -1.7969e+00, -1.0781e+00,  ..., -5.2188e+00,
           4.3750e+00,  7.7188e+00],
         [ 2.8125e-01,  1.3906e+00,  3.6523e-01,  ...,  3.2031e+00,
          -2.8125e+00, -2.8125e+00],
         [-3.4570e-01, -5.7812e-01,  1.5723e-01,  ...,  2.3438e+00,
           8.5000e+00,  3.9531e+00],
         ...,
         [ 1.5332e-01, -7.8125e-01,  1.3281e-01,  ...,  5.8750e+00,
           1.3828e+00,  3.7812e+00],
         [ 2.1562e+00,  3.1094e+00, -1.9141e-01,  ..., -3.5000e+00,
          -4.9805e-01,  9.3359e-01],
         [ 5.5078e-01,  6.4062e-01, -3.0859e-01,  ...,  4.1875e+00,
           4.9062e+00,  1.5000e+00]],

        [[-1.5625e+00, -8.6328e-01,  7.8516e-01,  ..., -5.9688e+00,
           4.5000e+00,  1.0438e+01],
         [ 9.9219e-01,  9.8047e-01, -8.7500e-01,  ...,  2.1406e+00,
           1.8359e+00, -2.8750e+00],
         [-1.8672e+00, -2.3145e-01,  1.0156e+00,  ...,  2.3750e+00,
           5.5000e+00,  7.2500e+00],
         ...,
         [-6.7188e-01, -1.4375e+00,  3.7188e+00,  ...,  2.9531e+00,
          -1.6016e+00,  2.8281e+00],
         [ 2.0000e+00,  2.2656e+00, -6.3281e-01,  ..., -2.2031e+00,
          -2.1719e+00, -4.5508e-01],
         [-1.3281e+00,  5.9375e-01,  2.2852e-01,  ...,  4.5312e+00,
           1.7266e+00, -8.8750e+00]]], device='cuda:0', dtype=torch.bfloat16)
tensor([[[-7.6904e-03, -1.4099e-02, -5.2734e-02,  ..., -6.2188e+00,
           6.4688e+00,  5.4688e+00],
         [ 1.6357e-02,  4.5410e-02,  4.2969e-02,  ..., -2.5391e-01,
          -9.8047e-01,  2.7031e+00],
         [ 1.5869e-02,  4.8218e-03,  8.0078e-02,  ...,  3.0469e+00,
           7.1875e+00,  1.2688e+01],
         ...,
         [-1.2817e-02, -2.9785e-02,  1.0315e-02,  ...,  7.5938e+00,
           3.9688e+00,  1.1625e+01],
         [-8.3008e-03,  4.2725e-02, -1.0376e-02,  ...,  6.3281e-01,
           1.7875e+01, -2.7734e-01],
         [ 1.4258e-01,  1.3184e-02,  1.0449e-01,  ...,  1.7500e+01,
           7.4375e+00, -4.0938e+00]],

        [[ 1.0156e+00, -4.4531e-01,  7.9297e-01,  ..., -5.3125e+00,
           6.3750e+00,  9.8125e+00],
         [ 5.8594e-01,  1.2734e+00,  9.8438e-01,  ...,  3.0312e+00,
          -2.2656e+00, -2.2031e+00],
         [ 1.4688e+00, -2.2754e-01,  9.9609e-02,  ..., -8.2812e-01,
           4.3125e+00,  2.6719e+00],
         ...,
         [ 5.6641e-01, -5.7812e-01, -1.4062e+00,  ...,  2.9844e+00,
          -6.0938e-01,  6.9688e+00],
         [-3.4062e+00,  2.2344e+00,  2.2656e+00,  ..., -1.9336e-01,
          -2.5781e+00, -1.1406e+00],
         [ 3.0664e-01,  2.5586e-01,  5.2734e-01,  ...,  4.9375e+00,
           4.1875e+00,  3.9062e+00]],

        [[ 8.5938e-02,  4.4922e-02,  1.7188e-01,  ..., -1.6562e+00,
           5.6250e+00,  9.1250e+00],
         [-7.1094e-01, -3.4180e-02,  6.6797e-01,  ...,  5.0625e+00,
           1.8203e+00, -3.2969e+00],
         [ 1.0234e+00, -1.5137e-02, -1.7969e-01,  ..., -3.2656e+00,
           3.0938e+00,  2.7344e+00],
         ...,
         [-1.3574e-01,  5.0964e-03, -4.6875e-02,  ...,  6.6562e+00,
           2.0469e+00,  7.4375e+00],
         [-2.5469e+00, -1.1719e-01,  1.8164e-01,  ...,  2.3633e-01,
          -1.5312e+00, -2.3047e-01],
         [ 1.2344e+00, -1.9287e-02,  4.5898e-01,  ...,  5.0312e+00,
          -1.3047e+00,  4.8125e+00]],

        ...,

        [[-2.2461e-01, -1.0391e+00,  5.0781e-01,  ...,  7.0312e-01,
           5.2812e+00,  5.0938e+00],
         [-5.8594e-02,  9.6484e-01,  6.3281e-01,  ...,  5.4375e+00,
          -1.2656e+00, -3.7812e+00],
         [ 5.3906e-01, -2.1094e-01, -4.6484e-01,  ..., -3.9062e+00,
           5.5625e+00,  2.7656e+00],
         ...,
         [ 3.5156e-01, -8.7891e-01, -1.0781e+00,  ...,  1.3672e+00,
           8.3594e-01,  6.1562e+00],
         [-5.7812e-01,  2.4531e+00,  1.4219e+00,  ...,  1.1094e+00,
          -2.6562e+00,  2.0469e+00],
         [ 1.1250e+00,  4.0234e-01,  3.2617e-01,  ...,  2.3438e+00,
           7.7344e-01,  3.5938e+00]],

        [[ 3.1836e-01, -1.7969e+00, -1.0781e+00,  ..., -5.2188e+00,
           4.3750e+00,  7.7188e+00],
         [ 2.8125e-01,  1.3906e+00,  3.6523e-01,  ...,  3.2031e+00,
          -2.8125e+00, -2.8125e+00],
         [-3.4570e-01, -5.7812e-01,  1.5723e-01,  ...,  2.3438e+00,
           8.5000e+00,  3.9531e+00],
         ...,
         [ 1.5332e-01, -7.8125e-01,  1.3281e-01,  ...,  5.8750e+00,
           1.3828e+00,  3.7812e+00],
         [ 2.1562e+00,  3.1094e+00, -1.9141e-01,  ..., -3.5000e+00,
          -4.9805e-01,  9.3359e-01],
         [ 5.5078e-01,  6.4062e-01, -3.0859e-01,  ...,  4.1875e+00,
           4.9062e+00,  1.5000e+00]],

        [[-1.5625e+00, -8.6328e-01,  7.8516e-01,  ..., -5.9688e+00,
           4.5000e+00,  1.0438e+01],
         [ 9.9219e-01,  9.8047e-01, -8.7500e-01,  ...,  2.1406e+00,
           1.8359e+00, -2.8750e+00],
         [-1.8672e+00, -2.3145e-01,  1.0156e+00,  ...,  2.3750e+00,
           5.5000e+00,  7.2500e+00],
         ...,
         [-6.7188e-01, -1.4375e+00,  3.7188e+00,  ...,  2.9531e+00,
          -1.6016e+00,  2.8281e+00],
         [ 2.0000e+00,  2.2656e+00, -6.3281e-01,  ..., -2.2031e+00,
          -2.1719e+00, -4.5508e-01],
         [-1.3281e+00,  5.9375e-01,  2.2852e-01,  ...,  4.5312e+00,
           1.7266e+00, -8.8750e+00]]], device='cuda:0', dtype=torch.bfloat16)
tensor([[[ 4.9316e-02, -6.4087e-03, -2.6367e-02,  ...,  4.1562e+00,
           9.7500e+00, -7.9688e+00],
         [ 3.0884e-02,  7.7637e-02, -7.1777e-02,  ..., -3.1406e+00,
           9.4531e-01, -6.8438e+00],
         [ 1.9165e-02,  3.9795e-02,  1.3184e-02,  ..., -6.1562e+00,
          -1.1250e+01, -5.9062e+00],
         ...,
         [-1.4709e-02,  1.2390e-02, -2.1118e-02,  ..., -1.2344e+00,
           6.2109e-01, -1.3867e-01],
         [ 8.8120e-04,  1.0925e-02,  8.3008e-03,  ...,  1.3672e-01,
           3.9219e+00, -2.2812e+00],
         [-1.2512e-02, -2.7618e-03,  1.0986e-02,  ..., -4.9688e+00,
           3.9375e+00, -9.1250e+00]],

        [[ 7.6562e-01,  0.0000e+00, -1.1328e+00,  ...,  1.2812e+00,
           4.7188e+00, -7.9375e+00],
         [ 6.6406e-01, -1.0000e+00, -2.1289e-01,  ...,  2.5000e+00,
           7.3828e-01, -1.0250e+01],
         [ 6.9141e-01,  5.5078e-01,  1.4160e-01,  ..., -3.1250e+00,
          -1.0000e+01, -6.8125e+00],
         ...,
         [ 4.3125e+00,  5.8125e+00,  2.5938e+00,  ..., -7.9688e-01,
          -1.1016e+00,  8.9355e-02],
         [ 4.8438e-01, -6.4453e-01, -2.2852e-01,  ...,  2.7148e-01,
           4.2188e+00, -6.8438e+00],
         [ 1.9688e+00,  7.5000e-01, -1.2109e-01,  ..., -3.8438e+00,
           2.7500e+00, -7.4688e+00]],

        [[ 1.0791e-01, -2.5156e+00, -9.5312e-01,  ...,  7.8906e-01,
           8.1641e-01, -6.5000e+00],
         [ 1.7578e-02, -6.9531e-01, -7.6660e-02,  ...,  4.0938e+00,
           1.6094e+00, -1.3125e+01],
         [ 1.8750e-01, -8.2812e-01,  2.5781e-01,  ..., -1.9141e+00,
          -9.6250e+00, -5.8750e+00],
         ...,
         [ 3.6719e+00,  2.9531e+00, -4.0039e-01,  ..., -1.2031e+00,
           3.0312e+00, -1.2734e+00],
         [ 1.0469e+00,  7.5781e-01,  8.9844e-02,  ...,  2.6172e-01,
           3.5938e+00, -6.8125e+00],
         [ 6.0938e-01, -7.4609e-01,  3.3789e-01,  ..., -5.1875e+00,
           2.4844e+00, -7.5938e+00]],

        ...,

        [[ 1.3672e-01,  1.7500e+00, -3.2227e-02,  ..., -1.3379e-01,
           3.6250e+00, -5.5312e+00],
         [ 9.1797e-02, -2.2852e-01,  1.6357e-02,  ...,  3.9531e+00,
           1.1875e+00, -1.1188e+01],
         [ 9.3750e-01, -6.1719e-01, -3.6328e-01,  ...,  3.9648e-01,
          -7.1875e+00, -9.9375e+00],
         ...,
         [ 2.9219e+00, -1.8906e+00,  8.8281e-01,  ..., -2.9688e+00,
           1.8672e+00, -2.3125e+00],
         [ 1.9766e+00,  4.5312e+00,  1.6172e+00,  ...,  5.8105e-02,
          -7.9102e-02, -6.2188e+00],
         [ 7.3828e-01,  1.8359e-01,  4.1992e-01,  ..., -5.0000e+00,
           1.1953e+00, -6.5000e+00]],

        [[-3.6523e-01,  1.3516e+00, -1.9922e-01,  ...,  1.9297e+00,
          -3.9258e-01, -7.3125e+00],
         [-7.5000e-01, -1.8359e+00,  1.0156e-01,  ...,  1.0625e+00,
           2.4375e+00, -6.4688e+00],
         [ 7.5000e-01, -6.6016e-01, -4.2969e-02,  ..., -8.4766e-01,
          -9.3125e+00, -8.6875e+00],
         ...,
         [-6.3672e-01,  7.1875e-01,  8.0469e-01,  ..., -3.1250e+00,
          -2.8281e+00,  2.4316e-01],
         [ 5.1953e-01,  9.4922e-01,  3.8086e-01,  ..., -2.2500e+00,
           2.6172e-01, -1.9531e+00],
         [-9.4531e-01,  5.1562e-01,  6.7969e-01,  ..., -7.8438e+00,
           4.6562e+00, -8.2500e+00]],

        [[-4.8828e-01, -2.3281e+00,  3.4375e-01,  ..., -1.6328e+00,
           8.1250e-01,  1.1406e+00],
         [-8.4766e-01,  1.8047e+00,  3.4180e-01,  ..., -1.8125e+00,
          -6.9336e-02, -8.6875e+00],
         [-7.8516e-01, -7.8516e-01,  5.8594e-03,  ..., -1.7734e+00,
          -1.0688e+01, -7.5625e+00],
         ...,
         [-4.6250e+00,  2.9531e+00, -9.0234e-01,  ..., -2.9531e+00,
          -1.2344e+00, -2.0938e+00],
         [ 5.6250e-01,  3.2617e-01, -5.0391e-01,  ..., -2.4375e+00,
           3.6914e-01, -8.5000e+00],
         [-1.4922e+00,  4.8828e-01,  1.3906e+00,  ..., -4.9062e+00,
           1.4609e+00, -7.1250e+00]]], device='cuda:0', dtype=torch.bfloat16)
tensor([[[ 4.9316e-02, -6.4087e-03, -2.6367e-02,  ...,  4.1562e+00,
           9.7500e+00, -7.9688e+00],
         [ 3.0884e-02,  7.7637e-02, -7.1777e-02,  ..., -3.1406e+00,
           9.4531e-01, -6.8438e+00],
         [ 1.9165e-02,  3.9795e-02,  1.3184e-02,  ..., -6.1562e+00,
          -1.1250e+01, -5.9062e+00],
         ...,
         [-1.4709e-02,  1.2390e-02, -2.1118e-02,  ..., -1.2344e+00,
           6.2109e-01, -1.3867e-01],
         [ 8.8120e-04,  1.0925e-02,  8.3008e-03,  ...,  1.3672e-01,
           3.9219e+00, -2.2812e+00],
         [-1.2512e-02, -2.7618e-03,  1.0986e-02,  ..., -4.9688e+00,
           3.9375e+00, -9.1250e+00]],

        [[ 7.6562e-01,  0.0000e+00, -1.1328e+00,  ...,  1.2812e+00,
           4.7188e+00, -7.9375e+00],
         [ 6.6406e-01, -1.0000e+00, -2.1289e-01,  ...,  2.5000e+00,
           7.3828e-01, -1.0250e+01],
         [ 6.9141e-01,  5.5078e-01,  1.4160e-01,  ..., -3.1250e+00,
          -1.0000e+01, -6.8125e+00],
         ...,
         [ 4.3125e+00,  5.8125e+00,  2.5938e+00,  ..., -7.9688e-01,
          -1.1016e+00,  8.9355e-02],
         [ 4.8438e-01, -6.4453e-01, -2.2852e-01,  ...,  2.7148e-01,
           4.2188e+00, -6.8438e+00],
         [ 1.9688e+00,  7.5000e-01, -1.2109e-01,  ..., -3.8438e+00,
           2.7500e+00, -7.4688e+00]],

        [[ 1.0791e-01, -2.5156e+00, -9.5312e-01,  ...,  7.8906e-01,
           8.1641e-01, -6.5000e+00],
         [ 1.7578e-02, -6.9531e-01, -7.6660e-02,  ...,  4.0938e+00,
           1.6094e+00, -1.3125e+01],
         [ 1.8750e-01, -8.2812e-01,  2.5781e-01,  ..., -1.9141e+00,
          -9.6250e+00, -5.8750e+00],
         ...,
         [ 3.6719e+00,  2.9531e+00, -4.0039e-01,  ..., -1.2031e+00,
           3.0312e+00, -1.2734e+00],
         [ 1.0469e+00,  7.5781e-01,  8.9844e-02,  ...,  2.6172e-01,
           3.5938e+00, -6.8125e+00],
         [ 6.0938e-01, -7.4609e-01,  3.3789e-01,  ..., -5.1875e+00,
           2.4844e+00, -7.5938e+00]],

        ...,

        [[ 1.3672e-01,  1.7500e+00, -3.2227e-02,  ..., -1.3379e-01,
           3.6250e+00, -5.5312e+00],
         [ 9.1797e-02, -2.2852e-01,  1.6357e-02,  ...,  3.9531e+00,
           1.1875e+00, -1.1188e+01],
         [ 9.3750e-01, -6.1719e-01, -3.6328e-01,  ...,  3.9648e-01,
          -7.1875e+00, -9.9375e+00],
         ...,
         [ 2.9219e+00, -1.8906e+00,  8.8281e-01,  ..., -2.9688e+00,
           1.8672e+00, -2.3125e+00],
         [ 1.9766e+00,  4.5312e+00,  1.6172e+00,  ...,  5.8105e-02,
          -7.9102e-02, -6.2188e+00],
         [ 7.3828e-01,  1.8359e-01,  4.1992e-01,  ..., -5.0000e+00,
           1.1953e+00, -6.5000e+00]],

        [[-3.6523e-01,  1.3516e+00, -1.9922e-01,  ...,  1.9297e+00,
          -3.9258e-01, -7.3125e+00],
         [-7.5000e-01, -1.8359e+00,  1.0156e-01,  ...,  1.0625e+00,
           2.4375e+00, -6.4688e+00],
         [ 7.5000e-01, -6.6016e-01, -4.2969e-02,  ..., -8.4766e-01,
          -9.3125e+00, -8.6875e+00],
         ...,
         [-6.3672e-01,  7.1875e-01,  8.0469e-01,  ..., -3.1250e+00,
          -2.8281e+00,  2.4316e-01],
         [ 5.1953e-01,  9.4922e-01,  3.8086e-01,  ..., -2.2500e+00,
           2.6172e-01, -1.9531e+00],
         [-9.4531e-01,  5.1562e-01,  6.7969e-01,  ..., -7.8438e+00,
           4.6562e+00, -8.2500e+00]],

        [[-4.8828e-01, -2.3281e+00,  3.4375e-01,  ..., -1.6328e+00,
           8.1250e-01,  1.1406e+00],
         [-8.4766e-01,  1.8047e+00,  3.4180e-01,  ..., -1.8125e+00,
          -6.9336e-02, -8.6875e+00],
         [-7.8516e-01, -7.8516e-01,  5.8594e-03,  ..., -1.7734e+00,
          -1.0688e+01, -7.5625e+00],
         ...,
         [-4.6250e+00,  2.9531e+00, -9.0234e-01,  ..., -2.9531e+00,
          -1.2344e+00, -2.0938e+00],
         [ 5.6250e-01,  3.2617e-01, -5.0391e-01,  ..., -2.4375e+00,
           3.6914e-01, -8.5000e+00],
         [-1.4922e+00,  4.8828e-01,  1.3906e+00,  ..., -4.9062e+00,
           1.4609e+00, -7.1250e+00]]], device='cuda:0', dtype=torch.bfloat16)
tensor([[[ 4.9316e-02, -6.4087e-03, -2.6367e-02,  ...,  4.1562e+00,
           9.7500e+00, -7.9688e+00],
         [ 3.0884e-02,  7.7637e-02, -7.1777e-02,  ..., -3.1406e+00,
           9.4531e-01, -6.8438e+00],
         [ 1.9165e-02,  3.9795e-02,  1.3184e-02,  ..., -6.1562e+00,
          -1.1250e+01, -5.9062e+00],
         ...,
         [-1.4709e-02,  1.2390e-02, -2.1118e-02,  ..., -1.2344e+00,
           6.2109e-01, -1.3867e-01],
         [ 8.8120e-04,  1.0925e-02,  8.3008e-03,  ...,  1.3672e-01,
           3.9219e+00, -2.2812e+00],
         [-1.2512e-02, -2.7618e-03,  1.0986e-02,  ..., -4.9688e+00,
           3.9375e+00, -9.1250e+00]],

        [[ 7.6562e-01,  0.0000e+00, -1.1328e+00,  ...,  1.2812e+00,
           4.7188e+00, -7.9375e+00],
         [ 6.6406e-01, -1.0000e+00, -2.1289e-01,  ...,  2.5000e+00,
           7.3828e-01, -1.0250e+01],
         [ 6.9141e-01,  5.5078e-01,  1.4160e-01,  ..., -3.1250e+00,
          -1.0000e+01, -6.8125e+00],
         ...,
         [ 4.3125e+00,  5.8125e+00,  2.5938e+00,  ..., -7.9688e-01,
          -1.1016e+00,  8.9355e-02],
         [ 4.8438e-01, -6.4453e-01, -2.2852e-01,  ...,  2.7148e-01,
           4.2188e+00, -6.8438e+00],
         [ 1.9688e+00,  7.5000e-01, -1.2109e-01,  ..., -3.8438e+00,
           2.7500e+00, -7.4688e+00]],

        [[ 1.0791e-01, -2.5156e+00, -9.5312e-01,  ...,  7.8906e-01,
           8.1641e-01, -6.5000e+00],
         [ 1.7578e-02, -6.9531e-01, -7.6660e-02,  ...,  4.0938e+00,
           1.6094e+00, -1.3125e+01],
         [ 1.8750e-01, -8.2812e-01,  2.5781e-01,  ..., -1.9141e+00,
          -9.6250e+00, -5.8750e+00],
         ...,
         [ 3.6719e+00,  2.9531e+00, -4.0039e-01,  ..., -1.2031e+00,
           3.0312e+00, -1.2734e+00],
         [ 1.0469e+00,  7.5781e-01,  8.9844e-02,  ...,  2.6172e-01,
           3.5938e+00, -6.8125e+00],
         [ 6.0938e-01, -7.4609e-01,  3.3789e-01,  ..., -5.1875e+00,
           2.4844e+00, -7.5938e+00]],

        ...,

        [[ 1.3672e-01,  1.7500e+00, -3.2227e-02,  ..., -1.3379e-01,
           3.6250e+00, -5.5312e+00],
         [ 9.1797e-02, -2.2852e-01,  1.6357e-02,  ...,  3.9531e+00,
           1.1875e+00, -1.1188e+01],
         [ 9.3750e-01, -6.1719e-01, -3.6328e-01,  ...,  3.9648e-01,
          -7.1875e+00, -9.9375e+00],
         ...,
         [ 2.9219e+00, -1.8906e+00,  8.8281e-01,  ..., -2.9688e+00,
           1.8672e+00, -2.3125e+00],
         [ 1.9766e+00,  4.5312e+00,  1.6172e+00,  ...,  5.8105e-02,
          -7.9102e-02, -6.2188e+00],
         [ 7.3828e-01,  1.8359e-01,  4.1992e-01,  ..., -5.0000e+00,
           1.1953e+00, -6.5000e+00]],

        [[-3.6523e-01,  1.3516e+00, -1.9922e-01,  ...,  1.9297e+00,
          -3.9258e-01, -7.3125e+00],
         [-7.5000e-01, -1.8359e+00,  1.0156e-01,  ...,  1.0625e+00,
           2.4375e+00, -6.4688e+00],
         [ 7.5000e-01, -6.6016e-01, -4.2969e-02,  ..., -8.4766e-01,
          -9.3125e+00, -8.6875e+00],
         ...,
         [-6.3672e-01,  7.1875e-01,  8.0469e-01,  ..., -3.1250e+00,
          -2.8281e+00,  2.4316e-01],
         [ 5.1953e-01,  9.4922e-01,  3.8086e-01,  ..., -2.2500e+00,
           2.6172e-01, -1.9531e+00],
         [-9.4531e-01,  5.1562e-01,  6.7969e-01,  ..., -7.8438e+00,
           4.6562e+00, -8.2500e+00]],

        [[-4.8828e-01, -2.3281e+00,  3.4375e-01,  ..., -1.6328e+00,
           8.1250e-01,  1.1406e+00],
         [-8.4766e-01,  1.8047e+00,  3.4180e-01,  ..., -1.8125e+00,
          -6.9336e-02, -8.6875e+00],
         [-7.8516e-01, -7.8516e-01,  5.8594e-03,  ..., -1.7734e+00,
          -1.0688e+01, -7.5625e+00],
         ...,
         [-4.6250e+00,  2.9531e+00, -9.0234e-01,  ..., -2.9531e+00,
          -1.2344e+00, -2.0938e+00],
         [ 5.6250e-01,  3.2617e-01, -5.0391e-01,  ..., -2.4375e+00,
           3.6914e-01, -8.5000e+00],
         [-1.4922e+00,  4.8828e-01,  1.3906e+00,  ..., -4.9062e+00,
           1.4609e+00, -7.1250e+00]]], device='cuda:0', dtype=torch.bfloat16)
tensor([[[ 5.7068e-03, -9.6436e-03, -1.1047e-02,  ...,  5.0537e-02,
          -2.9053e-02,  2.3633e-01],
         [ 3.2349e-03, -1.0132e-02, -7.2937e-03,  ...,  7.6562e-01,
           2.7344e-01,  4.8047e-01],
         [ 3.4912e-02, -1.2573e-02,  4.7852e-02,  ..., -3.4844e+00,
           1.6328e+00,  1.0438e+01],
         ...,
         [ 9.2163e-03, -9.3384e-03, -2.4048e-02,  ...,  9.5703e-01,
          -2.0508e-01,  1.5188e+01],
         [-1.1047e-02,  1.2085e-02, -1.5747e-02,  ...,  4.0000e+00,
           5.1953e-01,  2.0781e+00],
         [-6.8665e-03, -7.9346e-03, -1.9287e-02,  ...,  2.7539e-01,
           3.0884e-02, -3.6133e-01]],

        [[-1.9922e+00,  2.4375e+00,  3.0938e+00,  ...,  7.7734e-01,
           2.1250e+00,  6.5918e-02],
         [ 2.6719e+00,  2.9062e+00, -2.0625e+00,  ..., -4.6875e-01,
           9.0234e-01,  4.0000e+00],
         [-1.0391e+00,  8.9844e-01, -3.9453e-01,  ..., -4.8438e+00,
           3.0000e+00,  8.8750e+00],
         ...,
         [-2.4375e+00,  2.3438e-01, -5.1953e-01,  ..., -6.6406e-02,
          -1.0625e+00,  1.4375e+00],
         [ 2.7344e+00, -3.3594e+00,  1.6016e+00,  ...,  3.3281e+00,
           4.7461e-01,  4.0312e+00],
         [ 2.9219e+00, -1.4688e+00,  2.2266e-01,  ...,  1.0234e+00,
          -1.4160e-01, -2.5781e+00]],

        [[ 4.9414e-01,  3.3750e+00,  2.0625e+00,  ..., -2.6562e-01,
           3.4688e+00,  2.2812e+00],
         [ 1.4688e+00,  1.6562e+00, -1.6172e+00,  ...,  4.6875e-01,
          -3.1250e-01,  5.0625e+00],
         [ 3.3203e-01, -2.0898e-01,  6.5430e-02,  ..., -3.6719e+00,
           4.4062e+00,  7.1875e+00],
         ...,
         [-1.8516e+00,  4.7461e-01, -2.9492e-01,  ...,  5.8984e-01,
          -1.0625e+00,  3.5781e+00],
         [ 1.2578e+00, -8.9844e-01,  2.0938e+00,  ...,  2.4219e+00,
          -1.2578e+00,  3.7812e+00],
         [ 1.3984e+00, -2.2500e+00,  1.1562e+00,  ...,  1.6406e+00,
           1.8945e-01, -3.5469e+00]],

        ...,

        [[ 5.2344e-01, -2.5625e+00,  3.3594e+00,  ...,  7.1094e-01,
           1.7969e+00, -7.0312e-01],
         [ 3.4688e+00, -6.4062e-01, -3.6719e+00,  ...,  2.3438e-01,
           1.2422e+00,  2.2969e+00],
         [ 1.7812e+00,  3.3594e-01, -1.0107e-01,  ..., -3.4219e+00,
           3.3281e+00,  7.7188e+00],
         ...,
         [-3.0312e+00, -2.1719e+00,  6.5625e-01,  ...,  3.8330e-02,
           4.7852e-01,  2.2812e+00],
         [ 2.5000e+00,  1.1406e+00,  1.9766e+00,  ...,  5.0312e+00,
           1.1094e+00,  4.1250e+00],
         [ 1.1719e+00,  2.2500e+00,  6.4062e-01,  ...,  1.5781e+00,
          -7.5781e-01, -2.8281e+00]],

        [[ 2.5625e+00,  8.7500e-01,  2.4219e+00,  ...,  1.7676e-01,
           1.9375e+00, -1.5859e+00],
         [-4.4141e-01,  5.8984e-01, -2.4531e+00,  ...,  7.4609e-01,
           3.8281e+00,  1.3594e+00],
         [ 2.5000e-01, -4.7461e-01,  6.0156e-01,  ..., -4.4062e+00,
           1.0781e+00,  9.4375e+00],
         ...,
         [ 1.8750e-01, -1.2422e+00,  1.0391e+00,  ..., -2.2969e+00,
          -2.9688e+00,  2.0625e+00],
         [-1.1328e+00, -2.2500e+00,  6.6797e-01,  ...,  3.7812e+00,
           2.5781e-01,  3.7812e+00],
         [-2.2031e+00, -1.5039e-01,  2.7031e+00,  ...,  1.4844e+00,
           1.0547e+00, -1.6484e+00]],

        [[ 5.2734e-01,  2.7500e+00,  3.8672e-01,  ..., -8.3984e-01,
           2.1719e+00, -1.4609e+00],
         [-2.6875e+00,  3.0625e+00,  5.6250e-01,  ..., -7.6172e-01,
           6.2109e-01,  3.6250e+00],
         [ 6.2500e-01,  5.6641e-01, -2.5195e-01,  ..., -4.9688e+00,
           5.6250e+00,  6.0938e+00],
         ...,
         [ 2.9219e+00,  4.9219e-01, -3.5352e-01,  ..., -3.2500e+00,
          -6.7188e-01,  1.7109e+00],
         [-3.3281e+00, -2.5156e+00,  1.3672e-02,  ...,  3.5469e+00,
           8.2422e-01,  2.6250e+00],
         [-3.1562e+00, -2.6875e+00,  1.7422e+00,  ...,  1.6875e+00,
           9.5703e-01, -1.9766e+00]]], device='cuda:0', dtype=torch.bfloat16)
tensor([[[ 5.7068e-03, -9.6436e-03, -1.1047e-02,  ...,  5.0537e-02,
          -2.9053e-02,  2.3633e-01],
         [ 3.2349e-03, -1.0132e-02, -7.2937e-03,  ...,  7.6562e-01,
           2.7344e-01,  4.8047e-01],
         [ 3.4912e-02, -1.2573e-02,  4.7852e-02,  ..., -3.4844e+00,
           1.6328e+00,  1.0438e+01],
         ...,
         [ 9.2163e-03, -9.3384e-03, -2.4048e-02,  ...,  9.5703e-01,
          -2.0508e-01,  1.5188e+01],
         [-1.1047e-02,  1.2085e-02, -1.5747e-02,  ...,  4.0000e+00,
           5.1953e-01,  2.0781e+00],
         [-6.8665e-03, -7.9346e-03, -1.9287e-02,  ...,  2.7539e-01,
           3.0884e-02, -3.6133e-01]],

        [[-1.9922e+00,  2.4375e+00,  3.0938e+00,  ...,  7.7734e-01,
           2.1250e+00,  6.5918e-02],
         [ 2.6719e+00,  2.9062e+00, -2.0625e+00,  ..., -4.6875e-01,
           9.0234e-01,  4.0000e+00],
         [-1.0391e+00,  8.9844e-01, -3.9453e-01,  ..., -4.8438e+00,
           3.0000e+00,  8.8750e+00],
         ...,
         [-2.4375e+00,  2.3438e-01, -5.1953e-01,  ..., -6.6406e-02,
          -1.0625e+00,  1.4375e+00],
         [ 2.7344e+00, -3.3594e+00,  1.6016e+00,  ...,  3.3281e+00,
           4.7461e-01,  4.0312e+00],
         [ 2.9219e+00, -1.4688e+00,  2.2266e-01,  ...,  1.0234e+00,
          -1.4160e-01, -2.5781e+00]],

        [[ 4.9414e-01,  3.3750e+00,  2.0625e+00,  ..., -2.6562e-01,
           3.4688e+00,  2.2812e+00],
         [ 1.4688e+00,  1.6562e+00, -1.6172e+00,  ...,  4.6875e-01,
          -3.1250e-01,  5.0625e+00],
         [ 3.3203e-01, -2.0898e-01,  6.5430e-02,  ..., -3.6719e+00,
           4.4062e+00,  7.1875e+00],
         ...,
         [-1.8516e+00,  4.7461e-01, -2.9492e-01,  ...,  5.8984e-01,
          -1.0625e+00,  3.5781e+00],
         [ 1.2578e+00, -8.9844e-01,  2.0938e+00,  ...,  2.4219e+00,
          -1.2578e+00,  3.7812e+00],
         [ 1.3984e+00, -2.2500e+00,  1.1562e+00,  ...,  1.6406e+00,
           1.8945e-01, -3.5469e+00]],

        ...,

        [[ 5.2344e-01, -2.5625e+00,  3.3594e+00,  ...,  7.1094e-01,
           1.7969e+00, -7.0312e-01],
         [ 3.4688e+00, -6.4062e-01, -3.6719e+00,  ...,  2.3438e-01,
           1.2422e+00,  2.2969e+00],
         [ 1.7812e+00,  3.3594e-01, -1.0107e-01,  ..., -3.4219e+00,
           3.3281e+00,  7.7188e+00],
         ...,
         [-3.0312e+00, -2.1719e+00,  6.5625e-01,  ...,  3.8330e-02,
           4.7852e-01,  2.2812e+00],
         [ 2.5000e+00,  1.1406e+00,  1.9766e+00,  ...,  5.0312e+00,
           1.1094e+00,  4.1250e+00],
         [ 1.1719e+00,  2.2500e+00,  6.4062e-01,  ...,  1.5781e+00,
          -7.5781e-01, -2.8281e+00]],

        [[ 2.5625e+00,  8.7500e-01,  2.4219e+00,  ...,  1.7676e-01,
           1.9375e+00, -1.5859e+00],
         [-4.4141e-01,  5.8984e-01, -2.4531e+00,  ...,  7.4609e-01,
           3.8281e+00,  1.3594e+00],
         [ 2.5000e-01, -4.7461e-01,  6.0156e-01,  ..., -4.4062e+00,
           1.0781e+00,  9.4375e+00],
         ...,
         [ 1.8750e-01, -1.2422e+00,  1.0391e+00,  ..., -2.2969e+00,
          -2.9688e+00,  2.0625e+00],
         [-1.1328e+00, -2.2500e+00,  6.6797e-01,  ...,  3.7812e+00,
           2.5781e-01,  3.7812e+00],
         [-2.2031e+00, -1.5039e-01,  2.7031e+00,  ...,  1.4844e+00,
           1.0547e+00, -1.6484e+00]],

        [[ 5.2734e-01,  2.7500e+00,  3.8672e-01,  ..., -8.3984e-01,
           2.1719e+00, -1.4609e+00],
         [-2.6875e+00,  3.0625e+00,  5.6250e-01,  ..., -7.6172e-01,
           6.2109e-01,  3.6250e+00],
         [ 6.2500e-01,  5.6641e-01, -2.5195e-01,  ..., -4.9688e+00,
           5.6250e+00,  6.0938e+00],
         ...,
         [ 2.9219e+00,  4.9219e-01, -3.5352e-01,  ..., -3.2500e+00,
          -6.7188e-01,  1.7109e+00],
         [-3.3281e+00, -2.5156e+00,  1.3672e-02,  ...,  3.5469e+00,
           8.2422e-01,  2.6250e+00],
         [-3.1562e+00, -2.6875e+00,  1.7422e+00,  ...,  1.6875e+00,
           9.5703e-01, -1.9766e+00]]], device='cuda:0', dtype=torch.bfloat16)
tensor([[[ 5.7068e-03, -9.6436e-03, -1.1047e-02,  ...,  5.0537e-02,
          -2.9053e-02,  2.3633e-01],
         [ 3.2349e-03, -1.0132e-02, -7.2937e-03,  ...,  7.6562e-01,
           2.7344e-01,  4.8047e-01],
         [ 3.4912e-02, -1.2573e-02,  4.7852e-02,  ..., -3.4844e+00,
           1.6328e+00,  1.0438e+01],
         ...,
         [ 9.2163e-03, -9.3384e-03, -2.4048e-02,  ...,  9.5703e-01,
          -2.0508e-01,  1.5188e+01],
         [-1.1047e-02,  1.2085e-02, -1.5747e-02,  ...,  4.0000e+00,
           5.1953e-01,  2.0781e+00],
         [-6.8665e-03, -7.9346e-03, -1.9287e-02,  ...,  2.7539e-01,
           3.0884e-02, -3.6133e-01]],

        [[-1.9922e+00,  2.4375e+00,  3.0938e+00,  ...,  7.7734e-01,
           2.1250e+00,  6.5918e-02],
         [ 2.6719e+00,  2.9062e+00, -2.0625e+00,  ..., -4.6875e-01,
           9.0234e-01,  4.0000e+00],
         [-1.0391e+00,  8.9844e-01, -3.9453e-01,  ..., -4.8438e+00,
           3.0000e+00,  8.8750e+00],
         ...,
         [-2.4375e+00,  2.3438e-01, -5.1953e-01,  ..., -6.6406e-02,
          -1.0625e+00,  1.4375e+00],
         [ 2.7344e+00, -3.3594e+00,  1.6016e+00,  ...,  3.3281e+00,
           4.7461e-01,  4.0312e+00],
         [ 2.9219e+00, -1.4688e+00,  2.2266e-01,  ...,  1.0234e+00,
          -1.4160e-01, -2.5781e+00]],

        [[ 4.9414e-01,  3.3750e+00,  2.0625e+00,  ..., -2.6562e-01,
           3.4688e+00,  2.2812e+00],
         [ 1.4688e+00,  1.6562e+00, -1.6172e+00,  ...,  4.6875e-01,
          -3.1250e-01,  5.0625e+00],
         [ 3.3203e-01, -2.0898e-01,  6.5430e-02,  ..., -3.6719e+00,
           4.4062e+00,  7.1875e+00],
         ...,
         [-1.8516e+00,  4.7461e-01, -2.9492e-01,  ...,  5.8984e-01,
          -1.0625e+00,  3.5781e+00],
         [ 1.2578e+00, -8.9844e-01,  2.0938e+00,  ...,  2.4219e+00,
          -1.2578e+00,  3.7812e+00],
         [ 1.3984e+00, -2.2500e+00,  1.1562e+00,  ...,  1.6406e+00,
           1.8945e-01, -3.5469e+00]],

        ...,

        [[ 5.2344e-01, -2.5625e+00,  3.3594e+00,  ...,  7.1094e-01,
           1.7969e+00, -7.0312e-01],
         [ 3.4688e+00, -6.4062e-01, -3.6719e+00,  ...,  2.3438e-01,
           1.2422e+00,  2.2969e+00],
         [ 1.7812e+00,  3.3594e-01, -1.0107e-01,  ..., -3.4219e+00,
           3.3281e+00,  7.7188e+00],
         ...,
         [-3.0312e+00, -2.1719e+00,  6.5625e-01,  ...,  3.8330e-02,
           4.7852e-01,  2.2812e+00],
         [ 2.5000e+00,  1.1406e+00,  1.9766e+00,  ...,  5.0312e+00,
           1.1094e+00,  4.1250e+00],
         [ 1.1719e+00,  2.2500e+00,  6.4062e-01,  ...,  1.5781e+00,
          -7.5781e-01, -2.8281e+00]],

        [[ 2.5625e+00,  8.7500e-01,  2.4219e+00,  ...,  1.7676e-01,
           1.9375e+00, -1.5859e+00],
         [-4.4141e-01,  5.8984e-01, -2.4531e+00,  ...,  7.4609e-01,
           3.8281e+00,  1.3594e+00],
         [ 2.5000e-01, -4.7461e-01,  6.0156e-01,  ..., -4.4062e+00,
           1.0781e+00,  9.4375e+00],
         ...,
         [ 1.8750e-01, -1.2422e+00,  1.0391e+00,  ..., -2.2969e+00,
          -2.9688e+00,  2.0625e+00],
         [-1.1328e+00, -2.2500e+00,  6.6797e-01,  ...,  3.7812e+00,
           2.5781e-01,  3.7812e+00],
         [-2.2031e+00, -1.5039e-01,  2.7031e+00,  ...,  1.4844e+00,
           1.0547e+00, -1.6484e+00]],

        [[ 5.2734e-01,  2.7500e+00,  3.8672e-01,  ..., -8.3984e-01,
           2.1719e+00, -1.4609e+00],
         [-2.6875e+00,  3.0625e+00,  5.6250e-01,  ..., -7.6172e-01,
           6.2109e-01,  3.6250e+00],
         [ 6.2500e-01,  5.6641e-01, -2.5195e-01,  ..., -4.9688e+00,
           5.6250e+00,  6.0938e+00],
         ...,
         [ 2.9219e+00,  4.9219e-01, -3.5352e-01,  ..., -3.2500e+00,
          -6.7188e-01,  1.7109e+00],
         [-3.3281e+00, -2.5156e+00,  1.3672e-02,  ...,  3.5469e+00,
           8.2422e-01,  2.6250e+00],
         [-3.1562e+00, -2.6875e+00,  1.7422e+00,  ...,  1.6875e+00,
           9.5703e-01, -1.9766e+00]]], device='cuda:0', dtype=torch.bfloat16)
output logit tensor([[[-10.6250, -10.1250,  -9.0625,  ...,  13.6250,  13.6250,  13.6250]],

        [[-10.6250, -10.1250,  -9.0625,  ...,  13.6250,  13.6250,  13.6250]],

        [[-10.6250, -10.1250,  -9.0625,  ...,  13.6250,  13.6250,  13.6250]]],
       device='cuda:0', dtype=torch.bfloat16)
input_ids: torch.Size([3, 1]) cache_seqlens tensor([151, 151, 151], device='cuda:0', dtype=torch.int32) cache_position tensor([150, 150, 150], device='cuda:0') position_ids tensor([[150],
        [150],
        [150]], device='cuda:0') attention_mask tensor([[1, 1, 1, 1, 1, 1, 1, 1, 1, 1, 1, 1, 1, 1, 1, 1, 1, 1, 1, 1, 1, 1, 1, 1,
         1, 1, 1, 1, 1, 1, 1, 1, 1, 1, 1, 1, 1, 1, 1, 1, 1, 1, 1, 1, 1, 1, 1, 1,
         1, 1, 1, 1, 1, 1, 1, 1, 1, 1, 1, 1, 1, 1, 1, 1, 1, 1, 1, 1, 1, 1, 1, 1,
         1, 1, 1, 1, 1, 1, 1, 1, 1, 1, 1, 1, 1, 1, 1, 1, 1, 1, 1, 1, 1, 1, 1, 1,
         1, 1, 1, 1, 1, 1, 1, 1, 1, 1, 1, 1, 1, 1, 1, 1, 1, 1, 1, 1, 1, 1, 1, 1,
         1, 1, 1, 1, 1, 1, 1, 1, 1, 1, 1, 1, 1, 1, 1, 1, 1, 1, 1, 1, 1, 1, 1, 1,
         1, 1, 1, 1, 1, 1, 1],
        [1, 1, 1, 1, 1, 1, 1, 1, 1, 1, 1, 1, 1, 1, 1, 1, 1, 1, 1, 1, 1, 1, 1, 1,
         1, 1, 1, 1, 1, 1, 1, 1, 1, 1, 1, 1, 1, 1, 1, 1, 1, 1, 1, 1, 1, 1, 1, 1,
         1, 1, 1, 1, 1, 1, 1, 1, 1, 1, 1, 1, 1, 1, 1, 1, 1, 1, 1, 1, 1, 1, 1, 1,
         1, 1, 1, 1, 1, 1, 1, 1, 1, 1, 1, 1, 1, 1, 1, 1, 1, 1, 1, 1, 1, 1, 1, 1,
         1, 1, 1, 1, 1, 1, 1, 1, 1, 1, 1, 1, 1, 1, 1, 1, 1, 1, 1, 1, 1, 1, 1, 1,
         1, 1, 1, 1, 1, 1, 1, 1, 1, 1, 1, 1, 1, 1, 1, 1, 1, 1, 1, 1, 1, 1, 1, 1,
         1, 1, 1, 1, 1, 1, 1],
        [1, 1, 1, 1, 1, 1, 1, 1, 1, 1, 1, 1, 1, 1, 1, 1, 1, 1, 1, 1, 1, 1, 1, 1,
         1, 1, 1, 1, 1, 1, 1, 1, 1, 1, 1, 1, 1, 1, 1, 1, 1, 1, 1, 1, 1, 1, 1, 1,
         1, 1, 1, 1, 1, 1, 1, 1, 1, 1, 1, 1, 1, 1, 1, 1, 1, 1, 1, 1, 1, 1, 1, 1,
         1, 1, 1, 1, 1, 1, 1, 1, 1, 1, 1, 1, 1, 1, 1, 1, 1, 1, 1, 1, 1, 1, 1, 1,
         1, 1, 1, 1, 1, 1, 1, 1, 1, 1, 1, 1, 1, 1, 1, 1, 1, 1, 1, 1, 1, 1, 1, 1,
         1, 1, 1, 1, 1, 1, 1, 1, 1, 1, 1, 1, 1, 1, 1, 1, 1, 1, 1, 1, 1, 1, 1, 1,
         1, 1, 1, 1, 1, 1, 1]], device='cuda:0') attnshape torch.Size([3, 151])
output logit tensor([[[ 5.8125,  5.1562, -0.8555,  ...,  5.3750,  5.3750,  5.3750]],

        [[ 5.8125,  5.1562, -0.8555,  ...,  5.3750,  5.3750,  5.3750]],

        [[ 5.8125,  5.1562, -0.8555,  ...,  5.3750,  5.3750,  5.3750]]],
       device='cuda:0', dtype=torch.bfloat16)
input_ids: torch.Size([3, 1]) cache_seqlens tensor([152, 152, 152], device='cuda:0', dtype=torch.int32) cache_position tensor([151, 151, 151], device='cuda:0') position_ids tensor([[151],
        [151],
        [151]], device='cuda:0') attention_mask tensor([[1, 1, 1, 1, 1, 1, 1, 1, 1, 1, 1, 1, 1, 1, 1, 1, 1, 1, 1, 1, 1, 1, 1, 1,
         1, 1, 1, 1, 1, 1, 1, 1, 1, 1, 1, 1, 1, 1, 1, 1, 1, 1, 1, 1, 1, 1, 1, 1,
         1, 1, 1, 1, 1, 1, 1, 1, 1, 1, 1, 1, 1, 1, 1, 1, 1, 1, 1, 1, 1, 1, 1, 1,
         1, 1, 1, 1, 1, 1, 1, 1, 1, 1, 1, 1, 1, 1, 1, 1, 1, 1, 1, 1, 1, 1, 1, 1,
         1, 1, 1, 1, 1, 1, 1, 1, 1, 1, 1, 1, 1, 1, 1, 1, 1, 1, 1, 1, 1, 1, 1, 1,
         1, 1, 1, 1, 1, 1, 1, 1, 1, 1, 1, 1, 1, 1, 1, 1, 1, 1, 1, 1, 1, 1, 1, 1,
         1, 1, 1, 1, 1, 1, 1, 1],
        [1, 1, 1, 1, 1, 1, 1, 1, 1, 1, 1, 1, 1, 1, 1, 1, 1, 1, 1, 1, 1, 1, 1, 1,
         1, 1, 1, 1, 1, 1, 1, 1, 1, 1, 1, 1, 1, 1, 1, 1, 1, 1, 1, 1, 1, 1, 1, 1,
         1, 1, 1, 1, 1, 1, 1, 1, 1, 1, 1, 1, 1, 1, 1, 1, 1, 1, 1, 1, 1, 1, 1, 1,
         1, 1, 1, 1, 1, 1, 1, 1, 1, 1, 1, 1, 1, 1, 1, 1, 1, 1, 1, 1, 1, 1, 1, 1,
         1, 1, 1, 1, 1, 1, 1, 1, 1, 1, 1, 1, 1, 1, 1, 1, 1, 1, 1, 1, 1, 1, 1, 1,
         1, 1, 1, 1, 1, 1, 1, 1, 1, 1, 1, 1, 1, 1, 1, 1, 1, 1, 1, 1, 1, 1, 1, 1,
         1, 1, 1, 1, 1, 1, 1, 1],
        [1, 1, 1, 1, 1, 1, 1, 1, 1, 1, 1, 1, 1, 1, 1, 1, 1, 1, 1, 1, 1, 1, 1, 1,
         1, 1, 1, 1, 1, 1, 1, 1, 1, 1, 1, 1, 1, 1, 1, 1, 1, 1, 1, 1, 1, 1, 1, 1,
         1, 1, 1, 1, 1, 1, 1, 1, 1, 1, 1, 1, 1, 1, 1, 1, 1, 1, 1, 1, 1, 1, 1, 1,
         1, 1, 1, 1, 1, 1, 1, 1, 1, 1, 1, 1, 1, 1, 1, 1, 1, 1, 1, 1, 1, 1, 1, 1,
         1, 1, 1, 1, 1, 1, 1, 1, 1, 1, 1, 1, 1, 1, 1, 1, 1, 1, 1, 1, 1, 1, 1, 1,
         1, 1, 1, 1, 1, 1, 1, 1, 1, 1, 1, 1, 1, 1, 1, 1, 1, 1, 1, 1, 1, 1, 1, 1,
         1, 1, 1, 1, 1, 1, 1, 1]], device='cuda:0') attnshape torch.Size([3, 152])
output logit tensor([[[ 3.3281, 11.5625,  8.8750,  ...,  2.2031,  2.2031,  2.2031]],

        [[ 3.3281, 11.5625,  8.8750,  ...,  2.2031,  2.2031,  2.2031]],

        [[ 3.3281, 11.5625,  8.8750,  ...,  2.2031,  2.2031,  2.2031]]],
       device='cuda:0', dtype=torch.bfloat16)
input_ids: torch.Size([3, 1]) cache_seqlens tensor([153, 153, 153], device='cuda:0', dtype=torch.int32) cache_position tensor([152, 152, 152], device='cuda:0') position_ids tensor([[152],
        [152],
        [152]], device='cuda:0') attention_mask tensor([[1, 1, 1, 1, 1, 1, 1, 1, 1, 1, 1, 1, 1, 1, 1, 1, 1, 1, 1, 1, 1, 1, 1, 1,
         1, 1, 1, 1, 1, 1, 1, 1, 1, 1, 1, 1, 1, 1, 1, 1, 1, 1, 1, 1, 1, 1, 1, 1,
         1, 1, 1, 1, 1, 1, 1, 1, 1, 1, 1, 1, 1, 1, 1, 1, 1, 1, 1, 1, 1, 1, 1, 1,
         1, 1, 1, 1, 1, 1, 1, 1, 1, 1, 1, 1, 1, 1, 1, 1, 1, 1, 1, 1, 1, 1, 1, 1,
         1, 1, 1, 1, 1, 1, 1, 1, 1, 1, 1, 1, 1, 1, 1, 1, 1, 1, 1, 1, 1, 1, 1, 1,
         1, 1, 1, 1, 1, 1, 1, 1, 1, 1, 1, 1, 1, 1, 1, 1, 1, 1, 1, 1, 1, 1, 1, 1,
         1, 1, 1, 1, 1, 1, 1, 1, 1],
        [1, 1, 1, 1, 1, 1, 1, 1, 1, 1, 1, 1, 1, 1, 1, 1, 1, 1, 1, 1, 1, 1, 1, 1,
         1, 1, 1, 1, 1, 1, 1, 1, 1, 1, 1, 1, 1, 1, 1, 1, 1, 1, 1, 1, 1, 1, 1, 1,
         1, 1, 1, 1, 1, 1, 1, 1, 1, 1, 1, 1, 1, 1, 1, 1, 1, 1, 1, 1, 1, 1, 1, 1,
         1, 1, 1, 1, 1, 1, 1, 1, 1, 1, 1, 1, 1, 1, 1, 1, 1, 1, 1, 1, 1, 1, 1, 1,
         1, 1, 1, 1, 1, 1, 1, 1, 1, 1, 1, 1, 1, 1, 1, 1, 1, 1, 1, 1, 1, 1, 1, 1,
         1, 1, 1, 1, 1, 1, 1, 1, 1, 1, 1, 1, 1, 1, 1, 1, 1, 1, 1, 1, 1, 1, 1, 1,
         1, 1, 1, 1, 1, 1, 1, 1, 1],
        [1, 1, 1, 1, 1, 1, 1, 1, 1, 1, 1, 1, 1, 1, 1, 1, 1, 1, 1, 1, 1, 1, 1, 1,
         1, 1, 1, 1, 1, 1, 1, 1, 1, 1, 1, 1, 1, 1, 1, 1, 1, 1, 1, 1, 1, 1, 1, 1,
         1, 1, 1, 1, 1, 1, 1, 1, 1, 1, 1, 1, 1, 1, 1, 1, 1, 1, 1, 1, 1, 1, 1, 1,
         1, 1, 1, 1, 1, 1, 1, 1, 1, 1, 1, 1, 1, 1, 1, 1, 1, 1, 1, 1, 1, 1, 1, 1,
         1, 1, 1, 1, 1, 1, 1, 1, 1, 1, 1, 1, 1, 1, 1, 1, 1, 1, 1, 1, 1, 1, 1, 1,
         1, 1, 1, 1, 1, 1, 1, 1, 1, 1, 1, 1, 1, 1, 1, 1, 1, 1, 1, 1, 1, 1, 1, 1,
         1, 1, 1, 1, 1, 1, 1, 1, 1]], device='cuda:0') attnshape torch.Size([3, 153])
output logit tensor([[[12.2500,  3.0938,  0.9844,  ..., -6.5312, -6.5312, -6.5312]],

        [[12.2500,  3.0938,  0.9844,  ..., -6.5312, -6.5312, -6.5312]],

        [[12.2500,  3.0938,  0.9844,  ..., -6.5312, -6.5312, -6.5312]]],
       device='cuda:0', dtype=torch.bfloat16)
input_ids: torch.Size([3, 1]) cache_seqlens tensor([154, 154, 154], device='cuda:0', dtype=torch.int32) cache_position tensor([153, 153, 153], device='cuda:0') position_ids tensor([[153],
        [153],
        [153]], device='cuda:0') attention_mask tensor([[1, 1, 1, 1, 1, 1, 1, 1, 1, 1, 1, 1, 1, 1, 1, 1, 1, 1, 1, 1, 1, 1, 1, 1,
         1, 1, 1, 1, 1, 1, 1, 1, 1, 1, 1, 1, 1, 1, 1, 1, 1, 1, 1, 1, 1, 1, 1, 1,
         1, 1, 1, 1, 1, 1, 1, 1, 1, 1, 1, 1, 1, 1, 1, 1, 1, 1, 1, 1, 1, 1, 1, 1,
         1, 1, 1, 1, 1, 1, 1, 1, 1, 1, 1, 1, 1, 1, 1, 1, 1, 1, 1, 1, 1, 1, 1, 1,
         1, 1, 1, 1, 1, 1, 1, 1, 1, 1, 1, 1, 1, 1, 1, 1, 1, 1, 1, 1, 1, 1, 1, 1,
         1, 1, 1, 1, 1, 1, 1, 1, 1, 1, 1, 1, 1, 1, 1, 1, 1, 1, 1, 1, 1, 1, 1, 1,
         1, 1, 1, 1, 1, 1, 1, 1, 1, 1],
        [1, 1, 1, 1, 1, 1, 1, 1, 1, 1, 1, 1, 1, 1, 1, 1, 1, 1, 1, 1, 1, 1, 1, 1,
         1, 1, 1, 1, 1, 1, 1, 1, 1, 1, 1, 1, 1, 1, 1, 1, 1, 1, 1, 1, 1, 1, 1, 1,
         1, 1, 1, 1, 1, 1, 1, 1, 1, 1, 1, 1, 1, 1, 1, 1, 1, 1, 1, 1, 1, 1, 1, 1,
         1, 1, 1, 1, 1, 1, 1, 1, 1, 1, 1, 1, 1, 1, 1, 1, 1, 1, 1, 1, 1, 1, 1, 1,
         1, 1, 1, 1, 1, 1, 1, 1, 1, 1, 1, 1, 1, 1, 1, 1, 1, 1, 1, 1, 1, 1, 1, 1,
         1, 1, 1, 1, 1, 1, 1, 1, 1, 1, 1, 1, 1, 1, 1, 1, 1, 1, 1, 1, 1, 1, 1, 1,
         1, 1, 1, 1, 1, 1, 1, 1, 1, 1],
        [1, 1, 1, 1, 1, 1, 1, 1, 1, 1, 1, 1, 1, 1, 1, 1, 1, 1, 1, 1, 1, 1, 1, 1,
         1, 1, 1, 1, 1, 1, 1, 1, 1, 1, 1, 1, 1, 1, 1, 1, 1, 1, 1, 1, 1, 1, 1, 1,
         1, 1, 1, 1, 1, 1, 1, 1, 1, 1, 1, 1, 1, 1, 1, 1, 1, 1, 1, 1, 1, 1, 1, 1,
         1, 1, 1, 1, 1, 1, 1, 1, 1, 1, 1, 1, 1, 1, 1, 1, 1, 1, 1, 1, 1, 1, 1, 1,
         1, 1, 1, 1, 1, 1, 1, 1, 1, 1, 1, 1, 1, 1, 1, 1, 1, 1, 1, 1, 1, 1, 1, 1,
         1, 1, 1, 1, 1, 1, 1, 1, 1, 1, 1, 1, 1, 1, 1, 1, 1, 1, 1, 1, 1, 1, 1, 1,
         1, 1, 1, 1, 1, 1, 1, 1, 1, 1]], device='cuda:0') attnshape torch.Size([3, 154])
output logit tensor([[[ 3.3125,  3.0469,  0.1338,  ..., -3.6094, -3.6094, -3.6094]],

        [[ 3.3125,  3.0469,  0.1338,  ..., -3.6094, -3.6094, -3.6094]],

        [[ 3.3125,  3.0469,  0.1338,  ..., -3.6094, -3.6094, -3.6094]]],
       device='cuda:0', dtype=torch.bfloat16)
input_ids: torch.Size([3, 1]) cache_seqlens tensor([155, 155, 155], device='cuda:0', dtype=torch.int32) cache_position tensor([154, 154, 154], device='cuda:0') position_ids tensor([[154],
        [154],
        [154]], device='cuda:0') attention_mask tensor([[1, 1, 1, 1, 1, 1, 1, 1, 1, 1, 1, 1, 1, 1, 1, 1, 1, 1, 1, 1, 1, 1, 1, 1,
         1, 1, 1, 1, 1, 1, 1, 1, 1, 1, 1, 1, 1, 1, 1, 1, 1, 1, 1, 1, 1, 1, 1, 1,
         1, 1, 1, 1, 1, 1, 1, 1, 1, 1, 1, 1, 1, 1, 1, 1, 1, 1, 1, 1, 1, 1, 1, 1,
         1, 1, 1, 1, 1, 1, 1, 1, 1, 1, 1, 1, 1, 1, 1, 1, 1, 1, 1, 1, 1, 1, 1, 1,
         1, 1, 1, 1, 1, 1, 1, 1, 1, 1, 1, 1, 1, 1, 1, 1, 1, 1, 1, 1, 1, 1, 1, 1,
         1, 1, 1, 1, 1, 1, 1, 1, 1, 1, 1, 1, 1, 1, 1, 1, 1, 1, 1, 1, 1, 1, 1, 1,
         1, 1, 1, 1, 1, 1, 1, 1, 1, 1, 1],
        [1, 1, 1, 1, 1, 1, 1, 1, 1, 1, 1, 1, 1, 1, 1, 1, 1, 1, 1, 1, 1, 1, 1, 1,
         1, 1, 1, 1, 1, 1, 1, 1, 1, 1, 1, 1, 1, 1, 1, 1, 1, 1, 1, 1, 1, 1, 1, 1,
         1, 1, 1, 1, 1, 1, 1, 1, 1, 1, 1, 1, 1, 1, 1, 1, 1, 1, 1, 1, 1, 1, 1, 1,
         1, 1, 1, 1, 1, 1, 1, 1, 1, 1, 1, 1, 1, 1, 1, 1, 1, 1, 1, 1, 1, 1, 1, 1,
         1, 1, 1, 1, 1, 1, 1, 1, 1, 1, 1, 1, 1, 1, 1, 1, 1, 1, 1, 1, 1, 1, 1, 1,
         1, 1, 1, 1, 1, 1, 1, 1, 1, 1, 1, 1, 1, 1, 1, 1, 1, 1, 1, 1, 1, 1, 1, 1,
         1, 1, 1, 1, 1, 1, 1, 1, 1, 1, 1],
        [1, 1, 1, 1, 1, 1, 1, 1, 1, 1, 1, 1, 1, 1, 1, 1, 1, 1, 1, 1, 1, 1, 1, 1,
         1, 1, 1, 1, 1, 1, 1, 1, 1, 1, 1, 1, 1, 1, 1, 1, 1, 1, 1, 1, 1, 1, 1, 1,
         1, 1, 1, 1, 1, 1, 1, 1, 1, 1, 1, 1, 1, 1, 1, 1, 1, 1, 1, 1, 1, 1, 1, 1,
         1, 1, 1, 1, 1, 1, 1, 1, 1, 1, 1, 1, 1, 1, 1, 1, 1, 1, 1, 1, 1, 1, 1, 1,
         1, 1, 1, 1, 1, 1, 1, 1, 1, 1, 1, 1, 1, 1, 1, 1, 1, 1, 1, 1, 1, 1, 1, 1,
         1, 1, 1, 1, 1, 1, 1, 1, 1, 1, 1, 1, 1, 1, 1, 1, 1, 1, 1, 1, 1, 1, 1, 1,
         1, 1, 1, 1, 1, 1, 1, 1, 1, 1, 1]], device='cuda:0') attnshape torch.Size([3, 155])
output logit tensor([[[ 6.7188,  3.7656,  1.9609,  ..., -4.7812, -4.7812, -4.7812]],

        [[ 6.7188,  3.7656,  1.9609,  ..., -4.7812, -4.7812, -4.7812]],

        [[ 6.7188,  3.7656,  1.9609,  ..., -4.7812, -4.7812, -4.7812]]],
       device='cuda:0', dtype=torch.bfloat16)
input_ids: torch.Size([3, 1]) cache_seqlens tensor([156, 156, 156], device='cuda:0', dtype=torch.int32) cache_position tensor([155, 155, 155], device='cuda:0') position_ids tensor([[155],
        [155],
        [155]], device='cuda:0') attention_mask tensor([[1, 1, 1, 1, 1, 1, 1, 1, 1, 1, 1, 1, 1, 1, 1, 1, 1, 1, 1, 1, 1, 1, 1, 1,
         1, 1, 1, 1, 1, 1, 1, 1, 1, 1, 1, 1, 1, 1, 1, 1, 1, 1, 1, 1, 1, 1, 1, 1,
         1, 1, 1, 1, 1, 1, 1, 1, 1, 1, 1, 1, 1, 1, 1, 1, 1, 1, 1, 1, 1, 1, 1, 1,
         1, 1, 1, 1, 1, 1, 1, 1, 1, 1, 1, 1, 1, 1, 1, 1, 1, 1, 1, 1, 1, 1, 1, 1,
         1, 1, 1, 1, 1, 1, 1, 1, 1, 1, 1, 1, 1, 1, 1, 1, 1, 1, 1, 1, 1, 1, 1, 1,
         1, 1, 1, 1, 1, 1, 1, 1, 1, 1, 1, 1, 1, 1, 1, 1, 1, 1, 1, 1, 1, 1, 1, 1,
         1, 1, 1, 1, 1, 1, 1, 1, 1, 1, 1, 1],
        [1, 1, 1, 1, 1, 1, 1, 1, 1, 1, 1, 1, 1, 1, 1, 1, 1, 1, 1, 1, 1, 1, 1, 1,
         1, 1, 1, 1, 1, 1, 1, 1, 1, 1, 1, 1, 1, 1, 1, 1, 1, 1, 1, 1, 1, 1, 1, 1,
         1, 1, 1, 1, 1, 1, 1, 1, 1, 1, 1, 1, 1, 1, 1, 1, 1, 1, 1, 1, 1, 1, 1, 1,
         1, 1, 1, 1, 1, 1, 1, 1, 1, 1, 1, 1, 1, 1, 1, 1, 1, 1, 1, 1, 1, 1, 1, 1,
         1, 1, 1, 1, 1, 1, 1, 1, 1, 1, 1, 1, 1, 1, 1, 1, 1, 1, 1, 1, 1, 1, 1, 1,
         1, 1, 1, 1, 1, 1, 1, 1, 1, 1, 1, 1, 1, 1, 1, 1, 1, 1, 1, 1, 1, 1, 1, 1,
         1, 1, 1, 1, 1, 1, 1, 1, 1, 1, 1, 1],
        [1, 1, 1, 1, 1, 1, 1, 1, 1, 1, 1, 1, 1, 1, 1, 1, 1, 1, 1, 1, 1, 1, 1, 1,
         1, 1, 1, 1, 1, 1, 1, 1, 1, 1, 1, 1, 1, 1, 1, 1, 1, 1, 1, 1, 1, 1, 1, 1,
         1, 1, 1, 1, 1, 1, 1, 1, 1, 1, 1, 1, 1, 1, 1, 1, 1, 1, 1, 1, 1, 1, 1, 1,
         1, 1, 1, 1, 1, 1, 1, 1, 1, 1, 1, 1, 1, 1, 1, 1, 1, 1, 1, 1, 1, 1, 1, 1,
         1, 1, 1, 1, 1, 1, 1, 1, 1, 1, 1, 1, 1, 1, 1, 1, 1, 1, 1, 1, 1, 1, 1, 1,
         1, 1, 1, 1, 1, 1, 1, 1, 1, 1, 1, 1, 1, 1, 1, 1, 1, 1, 1, 1, 1, 1, 1, 1,
         1, 1, 1, 1, 1, 1, 1, 1, 1, 1, 1, 1]], device='cuda:0') attnshape torch.Size([3, 156])
output logit tensor([[[ 5.0312, 10.0000,  4.4062,  ..., -4.5625, -4.5625, -4.5625]],

        [[ 5.0312, 10.0000,  4.4062,  ..., -4.5625, -4.5625, -4.5625]],

        [[ 5.0312, 10.0000,  4.4062,  ..., -4.5625, -4.5625, -4.5625]]],
       device='cuda:0', dtype=torch.bfloat16)
input_ids: torch.Size([3, 1]) cache_seqlens tensor([157, 157, 157], device='cuda:0', dtype=torch.int32) cache_position tensor([156, 156, 156], device='cuda:0') position_ids tensor([[156],
        [156],
        [156]], device='cuda:0') attention_mask tensor([[1, 1, 1, 1, 1, 1, 1, 1, 1, 1, 1, 1, 1, 1, 1, 1, 1, 1, 1, 1, 1, 1, 1, 1,
         1, 1, 1, 1, 1, 1, 1, 1, 1, 1, 1, 1, 1, 1, 1, 1, 1, 1, 1, 1, 1, 1, 1, 1,
         1, 1, 1, 1, 1, 1, 1, 1, 1, 1, 1, 1, 1, 1, 1, 1, 1, 1, 1, 1, 1, 1, 1, 1,
         1, 1, 1, 1, 1, 1, 1, 1, 1, 1, 1, 1, 1, 1, 1, 1, 1, 1, 1, 1, 1, 1, 1, 1,
         1, 1, 1, 1, 1, 1, 1, 1, 1, 1, 1, 1, 1, 1, 1, 1, 1, 1, 1, 1, 1, 1, 1, 1,
         1, 1, 1, 1, 1, 1, 1, 1, 1, 1, 1, 1, 1, 1, 1, 1, 1, 1, 1, 1, 1, 1, 1, 1,
         1, 1, 1, 1, 1, 1, 1, 1, 1, 1, 1, 1, 1],
        [1, 1, 1, 1, 1, 1, 1, 1, 1, 1, 1, 1, 1, 1, 1, 1, 1, 1, 1, 1, 1, 1, 1, 1,
         1, 1, 1, 1, 1, 1, 1, 1, 1, 1, 1, 1, 1, 1, 1, 1, 1, 1, 1, 1, 1, 1, 1, 1,
         1, 1, 1, 1, 1, 1, 1, 1, 1, 1, 1, 1, 1, 1, 1, 1, 1, 1, 1, 1, 1, 1, 1, 1,
         1, 1, 1, 1, 1, 1, 1, 1, 1, 1, 1, 1, 1, 1, 1, 1, 1, 1, 1, 1, 1, 1, 1, 1,
         1, 1, 1, 1, 1, 1, 1, 1, 1, 1, 1, 1, 1, 1, 1, 1, 1, 1, 1, 1, 1, 1, 1, 1,
         1, 1, 1, 1, 1, 1, 1, 1, 1, 1, 1, 1, 1, 1, 1, 1, 1, 1, 1, 1, 1, 1, 1, 1,
         1, 1, 1, 1, 1, 1, 1, 1, 1, 1, 1, 1, 1],
        [1, 1, 1, 1, 1, 1, 1, 1, 1, 1, 1, 1, 1, 1, 1, 1, 1, 1, 1, 1, 1, 1, 1, 1,
         1, 1, 1, 1, 1, 1, 1, 1, 1, 1, 1, 1, 1, 1, 1, 1, 1, 1, 1, 1, 1, 1, 1, 1,
         1, 1, 1, 1, 1, 1, 1, 1, 1, 1, 1, 1, 1, 1, 1, 1, 1, 1, 1, 1, 1, 1, 1, 1,
         1, 1, 1, 1, 1, 1, 1, 1, 1, 1, 1, 1, 1, 1, 1, 1, 1, 1, 1, 1, 1, 1, 1, 1,
         1, 1, 1, 1, 1, 1, 1, 1, 1, 1, 1, 1, 1, 1, 1, 1, 1, 1, 1, 1, 1, 1, 1, 1,
         1, 1, 1, 1, 1, 1, 1, 1, 1, 1, 1, 1, 1, 1, 1, 1, 1, 1, 1, 1, 1, 1, 1, 1,
         1, 1, 1, 1, 1, 1, 1, 1, 1, 1, 1, 1, 1]], device='cuda:0') attnshape torch.Size([3, 157])
output logit tensor([[[ 3.3594,  3.3438,  1.2500,  ..., -8.2500, -8.2500, -8.2500]],

        [[ 3.3594,  3.3438,  1.2500,  ..., -8.2500, -8.2500, -8.2500]],

        [[ 3.3594,  3.3438,  1.2500,  ..., -8.2500, -8.2500, -8.2500]]],
       device='cuda:0', dtype=torch.bfloat16)
input_ids: torch.Size([3, 1]) cache_seqlens tensor([158, 158, 158], device='cuda:0', dtype=torch.int32) cache_position tensor([157, 157, 157], device='cuda:0') position_ids tensor([[157],
        [157],
        [157]], device='cuda:0') attention_mask tensor([[1, 1, 1, 1, 1, 1, 1, 1, 1, 1, 1, 1, 1, 1, 1, 1, 1, 1, 1, 1, 1, 1, 1, 1,
         1, 1, 1, 1, 1, 1, 1, 1, 1, 1, 1, 1, 1, 1, 1, 1, 1, 1, 1, 1, 1, 1, 1, 1,
         1, 1, 1, 1, 1, 1, 1, 1, 1, 1, 1, 1, 1, 1, 1, 1, 1, 1, 1, 1, 1, 1, 1, 1,
         1, 1, 1, 1, 1, 1, 1, 1, 1, 1, 1, 1, 1, 1, 1, 1, 1, 1, 1, 1, 1, 1, 1, 1,
         1, 1, 1, 1, 1, 1, 1, 1, 1, 1, 1, 1, 1, 1, 1, 1, 1, 1, 1, 1, 1, 1, 1, 1,
         1, 1, 1, 1, 1, 1, 1, 1, 1, 1, 1, 1, 1, 1, 1, 1, 1, 1, 1, 1, 1, 1, 1, 1,
         1, 1, 1, 1, 1, 1, 1, 1, 1, 1, 1, 1, 1, 1],
        [1, 1, 1, 1, 1, 1, 1, 1, 1, 1, 1, 1, 1, 1, 1, 1, 1, 1, 1, 1, 1, 1, 1, 1,
         1, 1, 1, 1, 1, 1, 1, 1, 1, 1, 1, 1, 1, 1, 1, 1, 1, 1, 1, 1, 1, 1, 1, 1,
         1, 1, 1, 1, 1, 1, 1, 1, 1, 1, 1, 1, 1, 1, 1, 1, 1, 1, 1, 1, 1, 1, 1, 1,
         1, 1, 1, 1, 1, 1, 1, 1, 1, 1, 1, 1, 1, 1, 1, 1, 1, 1, 1, 1, 1, 1, 1, 1,
         1, 1, 1, 1, 1, 1, 1, 1, 1, 1, 1, 1, 1, 1, 1, 1, 1, 1, 1, 1, 1, 1, 1, 1,
         1, 1, 1, 1, 1, 1, 1, 1, 1, 1, 1, 1, 1, 1, 1, 1, 1, 1, 1, 1, 1, 1, 1, 1,
         1, 1, 1, 1, 1, 1, 1, 1, 1, 1, 1, 1, 1, 1],
        [1, 1, 1, 1, 1, 1, 1, 1, 1, 1, 1, 1, 1, 1, 1, 1, 1, 1, 1, 1, 1, 1, 1, 1,
         1, 1, 1, 1, 1, 1, 1, 1, 1, 1, 1, 1, 1, 1, 1, 1, 1, 1, 1, 1, 1, 1, 1, 1,
         1, 1, 1, 1, 1, 1, 1, 1, 1, 1, 1, 1, 1, 1, 1, 1, 1, 1, 1, 1, 1, 1, 1, 1,
         1, 1, 1, 1, 1, 1, 1, 1, 1, 1, 1, 1, 1, 1, 1, 1, 1, 1, 1, 1, 1, 1, 1, 1,
         1, 1, 1, 1, 1, 1, 1, 1, 1, 1, 1, 1, 1, 1, 1, 1, 1, 1, 1, 1, 1, 1, 1, 1,
         1, 1, 1, 1, 1, 1, 1, 1, 1, 1, 1, 1, 1, 1, 1, 1, 1, 1, 1, 1, 1, 1, 1, 1,
         1, 1, 1, 1, 1, 1, 1, 1, 1, 1, 1, 1, 1, 1]], device='cuda:0') attnshape torch.Size([3, 158])
output logit tensor([[[ 4.3750,  5.1875,  2.5000,  ..., -5.2500, -5.2500, -5.2500]],

        [[ 4.3750,  5.1875,  2.5000,  ..., -5.2500, -5.2500, -5.2500]],

        [[ 4.3750,  5.1875,  2.5000,  ..., -5.2500, -5.2500, -5.2500]]],
       device='cuda:0', dtype=torch.bfloat16)
input_ids: torch.Size([3, 1]) cache_seqlens tensor([159, 159, 159], device='cuda:0', dtype=torch.int32) cache_position tensor([158, 158, 158], device='cuda:0') position_ids tensor([[158],
        [158],
        [158]], device='cuda:0') attention_mask tensor([[1, 1, 1, 1, 1, 1, 1, 1, 1, 1, 1, 1, 1, 1, 1, 1, 1, 1, 1, 1, 1, 1, 1, 1,
         1, 1, 1, 1, 1, 1, 1, 1, 1, 1, 1, 1, 1, 1, 1, 1, 1, 1, 1, 1, 1, 1, 1, 1,
         1, 1, 1, 1, 1, 1, 1, 1, 1, 1, 1, 1, 1, 1, 1, 1, 1, 1, 1, 1, 1, 1, 1, 1,
         1, 1, 1, 1, 1, 1, 1, 1, 1, 1, 1, 1, 1, 1, 1, 1, 1, 1, 1, 1, 1, 1, 1, 1,
         1, 1, 1, 1, 1, 1, 1, 1, 1, 1, 1, 1, 1, 1, 1, 1, 1, 1, 1, 1, 1, 1, 1, 1,
         1, 1, 1, 1, 1, 1, 1, 1, 1, 1, 1, 1, 1, 1, 1, 1, 1, 1, 1, 1, 1, 1, 1, 1,
         1, 1, 1, 1, 1, 1, 1, 1, 1, 1, 1, 1, 1, 1, 1],
        [1, 1, 1, 1, 1, 1, 1, 1, 1, 1, 1, 1, 1, 1, 1, 1, 1, 1, 1, 1, 1, 1, 1, 1,
         1, 1, 1, 1, 1, 1, 1, 1, 1, 1, 1, 1, 1, 1, 1, 1, 1, 1, 1, 1, 1, 1, 1, 1,
         1, 1, 1, 1, 1, 1, 1, 1, 1, 1, 1, 1, 1, 1, 1, 1, 1, 1, 1, 1, 1, 1, 1, 1,
         1, 1, 1, 1, 1, 1, 1, 1, 1, 1, 1, 1, 1, 1, 1, 1, 1, 1, 1, 1, 1, 1, 1, 1,
         1, 1, 1, 1, 1, 1, 1, 1, 1, 1, 1, 1, 1, 1, 1, 1, 1, 1, 1, 1, 1, 1, 1, 1,
         1, 1, 1, 1, 1, 1, 1, 1, 1, 1, 1, 1, 1, 1, 1, 1, 1, 1, 1, 1, 1, 1, 1, 1,
         1, 1, 1, 1, 1, 1, 1, 1, 1, 1, 1, 1, 1, 1, 1],
        [1, 1, 1, 1, 1, 1, 1, 1, 1, 1, 1, 1, 1, 1, 1, 1, 1, 1, 1, 1, 1, 1, 1, 1,
         1, 1, 1, 1, 1, 1, 1, 1, 1, 1, 1, 1, 1, 1, 1, 1, 1, 1, 1, 1, 1, 1, 1, 1,
         1, 1, 1, 1, 1, 1, 1, 1, 1, 1, 1, 1, 1, 1, 1, 1, 1, 1, 1, 1, 1, 1, 1, 1,
         1, 1, 1, 1, 1, 1, 1, 1, 1, 1, 1, 1, 1, 1, 1, 1, 1, 1, 1, 1, 1, 1, 1, 1,
         1, 1, 1, 1, 1, 1, 1, 1, 1, 1, 1, 1, 1, 1, 1, 1, 1, 1, 1, 1, 1, 1, 1, 1,
         1, 1, 1, 1, 1, 1, 1, 1, 1, 1, 1, 1, 1, 1, 1, 1, 1, 1, 1, 1, 1, 1, 1, 1,
         1, 1, 1, 1, 1, 1, 1, 1, 1, 1, 1, 1, 1, 1, 1]], device='cuda:0') attnshape torch.Size([3, 159])
output logit tensor([[[  2.1875,   1.4297,  -1.9297,  ..., -11.1875, -11.1875, -11.1875]],

        [[  2.1875,   1.4297,  -1.9297,  ..., -11.1875, -11.1875, -11.1875]],

        [[  2.1875,   1.4297,  -1.9297,  ..., -11.1875, -11.1875, -11.1875]]],
       device='cuda:0', dtype=torch.bfloat16)
input_ids: torch.Size([3, 1]) cache_seqlens tensor([160, 160, 160], device='cuda:0', dtype=torch.int32) cache_position tensor([159, 159, 159], device='cuda:0') position_ids tensor([[159],
        [159],
        [159]], device='cuda:0') attention_mask tensor([[1, 1, 1, 1, 1, 1, 1, 1, 1, 1, 1, 1, 1, 1, 1, 1, 1, 1, 1, 1, 1, 1, 1, 1,
         1, 1, 1, 1, 1, 1, 1, 1, 1, 1, 1, 1, 1, 1, 1, 1, 1, 1, 1, 1, 1, 1, 1, 1,
         1, 1, 1, 1, 1, 1, 1, 1, 1, 1, 1, 1, 1, 1, 1, 1, 1, 1, 1, 1, 1, 1, 1, 1,
         1, 1, 1, 1, 1, 1, 1, 1, 1, 1, 1, 1, 1, 1, 1, 1, 1, 1, 1, 1, 1, 1, 1, 1,
         1, 1, 1, 1, 1, 1, 1, 1, 1, 1, 1, 1, 1, 1, 1, 1, 1, 1, 1, 1, 1, 1, 1, 1,
         1, 1, 1, 1, 1, 1, 1, 1, 1, 1, 1, 1, 1, 1, 1, 1, 1, 1, 1, 1, 1, 1, 1, 1,
         1, 1, 1, 1, 1, 1, 1, 1, 1, 1, 1, 1, 1, 1, 1, 1],
        [1, 1, 1, 1, 1, 1, 1, 1, 1, 1, 1, 1, 1, 1, 1, 1, 1, 1, 1, 1, 1, 1, 1, 1,
         1, 1, 1, 1, 1, 1, 1, 1, 1, 1, 1, 1, 1, 1, 1, 1, 1, 1, 1, 1, 1, 1, 1, 1,
         1, 1, 1, 1, 1, 1, 1, 1, 1, 1, 1, 1, 1, 1, 1, 1, 1, 1, 1, 1, 1, 1, 1, 1,
         1, 1, 1, 1, 1, 1, 1, 1, 1, 1, 1, 1, 1, 1, 1, 1, 1, 1, 1, 1, 1, 1, 1, 1,
         1, 1, 1, 1, 1, 1, 1, 1, 1, 1, 1, 1, 1, 1, 1, 1, 1, 1, 1, 1, 1, 1, 1, 1,
         1, 1, 1, 1, 1, 1, 1, 1, 1, 1, 1, 1, 1, 1, 1, 1, 1, 1, 1, 1, 1, 1, 1, 1,
         1, 1, 1, 1, 1, 1, 1, 1, 1, 1, 1, 1, 1, 1, 1, 1],
        [1, 1, 1, 1, 1, 1, 1, 1, 1, 1, 1, 1, 1, 1, 1, 1, 1, 1, 1, 1, 1, 1, 1, 1,
         1, 1, 1, 1, 1, 1, 1, 1, 1, 1, 1, 1, 1, 1, 1, 1, 1, 1, 1, 1, 1, 1, 1, 1,
         1, 1, 1, 1, 1, 1, 1, 1, 1, 1, 1, 1, 1, 1, 1, 1, 1, 1, 1, 1, 1, 1, 1, 1,
         1, 1, 1, 1, 1, 1, 1, 1, 1, 1, 1, 1, 1, 1, 1, 1, 1, 1, 1, 1, 1, 1, 1, 1,
         1, 1, 1, 1, 1, 1, 1, 1, 1, 1, 1, 1, 1, 1, 1, 1, 1, 1, 1, 1, 1, 1, 1, 1,
         1, 1, 1, 1, 1, 1, 1, 1, 1, 1, 1, 1, 1, 1, 1, 1, 1, 1, 1, 1, 1, 1, 1, 1,
         1, 1, 1, 1, 1, 1, 1, 1, 1, 1, 1, 1, 1, 1, 1, 1]], device='cuda:0') attnshape torch.Size([3, 160])
output logit tensor([[[ 4.9688,  2.4688,  2.7656,  ..., -7.9688, -7.9688, -7.9688]],

        [[ 4.9688,  2.4688,  2.7656,  ..., -7.9688, -7.9688, -7.9688]],

        [[ 4.9688,  2.4688,  2.7656,  ..., -7.9688, -7.9688, -7.9688]]],
       device='cuda:0', dtype=torch.bfloat16)
input_ids: torch.Size([3, 1]) cache_seqlens tensor([161, 161, 161], device='cuda:0', dtype=torch.int32) cache_position tensor([160, 160, 160], device='cuda:0') position_ids tensor([[160],
        [160],
        [160]], device='cuda:0') attention_mask tensor([[1, 1, 1, 1, 1, 1, 1, 1, 1, 1, 1, 1, 1, 1, 1, 1, 1, 1, 1, 1, 1, 1, 1, 1,
         1, 1, 1, 1, 1, 1, 1, 1, 1, 1, 1, 1, 1, 1, 1, 1, 1, 1, 1, 1, 1, 1, 1, 1,
         1, 1, 1, 1, 1, 1, 1, 1, 1, 1, 1, 1, 1, 1, 1, 1, 1, 1, 1, 1, 1, 1, 1, 1,
         1, 1, 1, 1, 1, 1, 1, 1, 1, 1, 1, 1, 1, 1, 1, 1, 1, 1, 1, 1, 1, 1, 1, 1,
         1, 1, 1, 1, 1, 1, 1, 1, 1, 1, 1, 1, 1, 1, 1, 1, 1, 1, 1, 1, 1, 1, 1, 1,
         1, 1, 1, 1, 1, 1, 1, 1, 1, 1, 1, 1, 1, 1, 1, 1, 1, 1, 1, 1, 1, 1, 1, 1,
         1, 1, 1, 1, 1, 1, 1, 1, 1, 1, 1, 1, 1, 1, 1, 1, 1],
        [1, 1, 1, 1, 1, 1, 1, 1, 1, 1, 1, 1, 1, 1, 1, 1, 1, 1, 1, 1, 1, 1, 1, 1,
         1, 1, 1, 1, 1, 1, 1, 1, 1, 1, 1, 1, 1, 1, 1, 1, 1, 1, 1, 1, 1, 1, 1, 1,
         1, 1, 1, 1, 1, 1, 1, 1, 1, 1, 1, 1, 1, 1, 1, 1, 1, 1, 1, 1, 1, 1, 1, 1,
         1, 1, 1, 1, 1, 1, 1, 1, 1, 1, 1, 1, 1, 1, 1, 1, 1, 1, 1, 1, 1, 1, 1, 1,
         1, 1, 1, 1, 1, 1, 1, 1, 1, 1, 1, 1, 1, 1, 1, 1, 1, 1, 1, 1, 1, 1, 1, 1,
         1, 1, 1, 1, 1, 1, 1, 1, 1, 1, 1, 1, 1, 1, 1, 1, 1, 1, 1, 1, 1, 1, 1, 1,
         1, 1, 1, 1, 1, 1, 1, 1, 1, 1, 1, 1, 1, 1, 1, 1, 1],
        [1, 1, 1, 1, 1, 1, 1, 1, 1, 1, 1, 1, 1, 1, 1, 1, 1, 1, 1, 1, 1, 1, 1, 1,
         1, 1, 1, 1, 1, 1, 1, 1, 1, 1, 1, 1, 1, 1, 1, 1, 1, 1, 1, 1, 1, 1, 1, 1,
         1, 1, 1, 1, 1, 1, 1, 1, 1, 1, 1, 1, 1, 1, 1, 1, 1, 1, 1, 1, 1, 1, 1, 1,
         1, 1, 1, 1, 1, 1, 1, 1, 1, 1, 1, 1, 1, 1, 1, 1, 1, 1, 1, 1, 1, 1, 1, 1,
         1, 1, 1, 1, 1, 1, 1, 1, 1, 1, 1, 1, 1, 1, 1, 1, 1, 1, 1, 1, 1, 1, 1, 1,
         1, 1, 1, 1, 1, 1, 1, 1, 1, 1, 1, 1, 1, 1, 1, 1, 1, 1, 1, 1, 1, 1, 1, 1,
         1, 1, 1, 1, 1, 1, 1, 1, 1, 1, 1, 1, 1, 1, 1, 1, 1]], device='cuda:0') attnshape torch.Size([3, 161])
output logit tensor([[[  1.6953,  -2.5000,  -4.8438,  ..., -14.0625, -14.0625, -14.0625]],

        [[  1.6953,  -2.5000,  -4.8438,  ..., -14.0625, -14.0625, -14.0625]],

        [[  1.6953,  -2.5000,  -4.8438,  ..., -14.0625, -14.0625, -14.0625]]],
       device='cuda:0', dtype=torch.bfloat16)
input_ids: torch.Size([3, 1]) cache_seqlens tensor([162, 162, 162], device='cuda:0', dtype=torch.int32) cache_position tensor([161, 161, 161], device='cuda:0') position_ids tensor([[161],
        [161],
        [161]], device='cuda:0') attention_mask tensor([[1, 1, 1, 1, 1, 1, 1, 1, 1, 1, 1, 1, 1, 1, 1, 1, 1, 1, 1, 1, 1, 1, 1, 1,
         1, 1, 1, 1, 1, 1, 1, 1, 1, 1, 1, 1, 1, 1, 1, 1, 1, 1, 1, 1, 1, 1, 1, 1,
         1, 1, 1, 1, 1, 1, 1, 1, 1, 1, 1, 1, 1, 1, 1, 1, 1, 1, 1, 1, 1, 1, 1, 1,
         1, 1, 1, 1, 1, 1, 1, 1, 1, 1, 1, 1, 1, 1, 1, 1, 1, 1, 1, 1, 1, 1, 1, 1,
         1, 1, 1, 1, 1, 1, 1, 1, 1, 1, 1, 1, 1, 1, 1, 1, 1, 1, 1, 1, 1, 1, 1, 1,
         1, 1, 1, 1, 1, 1, 1, 1, 1, 1, 1, 1, 1, 1, 1, 1, 1, 1, 1, 1, 1, 1, 1, 1,
         1, 1, 1, 1, 1, 1, 1, 1, 1, 1, 1, 1, 1, 1, 1, 1, 1, 1],
        [1, 1, 1, 1, 1, 1, 1, 1, 1, 1, 1, 1, 1, 1, 1, 1, 1, 1, 1, 1, 1, 1, 1, 1,
         1, 1, 1, 1, 1, 1, 1, 1, 1, 1, 1, 1, 1, 1, 1, 1, 1, 1, 1, 1, 1, 1, 1, 1,
         1, 1, 1, 1, 1, 1, 1, 1, 1, 1, 1, 1, 1, 1, 1, 1, 1, 1, 1, 1, 1, 1, 1, 1,
         1, 1, 1, 1, 1, 1, 1, 1, 1, 1, 1, 1, 1, 1, 1, 1, 1, 1, 1, 1, 1, 1, 1, 1,
         1, 1, 1, 1, 1, 1, 1, 1, 1, 1, 1, 1, 1, 1, 1, 1, 1, 1, 1, 1, 1, 1, 1, 1,
         1, 1, 1, 1, 1, 1, 1, 1, 1, 1, 1, 1, 1, 1, 1, 1, 1, 1, 1, 1, 1, 1, 1, 1,
         1, 1, 1, 1, 1, 1, 1, 1, 1, 1, 1, 1, 1, 1, 1, 1, 1, 1],
        [1, 1, 1, 1, 1, 1, 1, 1, 1, 1, 1, 1, 1, 1, 1, 1, 1, 1, 1, 1, 1, 1, 1, 1,
         1, 1, 1, 1, 1, 1, 1, 1, 1, 1, 1, 1, 1, 1, 1, 1, 1, 1, 1, 1, 1, 1, 1, 1,
         1, 1, 1, 1, 1, 1, 1, 1, 1, 1, 1, 1, 1, 1, 1, 1, 1, 1, 1, 1, 1, 1, 1, 1,
         1, 1, 1, 1, 1, 1, 1, 1, 1, 1, 1, 1, 1, 1, 1, 1, 1, 1, 1, 1, 1, 1, 1, 1,
         1, 1, 1, 1, 1, 1, 1, 1, 1, 1, 1, 1, 1, 1, 1, 1, 1, 1, 1, 1, 1, 1, 1, 1,
         1, 1, 1, 1, 1, 1, 1, 1, 1, 1, 1, 1, 1, 1, 1, 1, 1, 1, 1, 1, 1, 1, 1, 1,
         1, 1, 1, 1, 1, 1, 1, 1, 1, 1, 1, 1, 1, 1, 1, 1, 1, 1]],
       device='cuda:0') attnshape torch.Size([3, 162])
output logit tensor([[[ 3.5938,  6.5938, -0.9883,  ..., -8.3125, -8.3125, -8.3125]],

        [[ 3.5938,  6.5938, -0.9883,  ..., -8.3125, -8.3125, -8.3125]],

        [[ 3.5938,  6.5938, -0.9883,  ..., -8.3125, -8.3125, -8.3125]]],
       device='cuda:0', dtype=torch.bfloat16)
input_ids: torch.Size([3, 1]) cache_seqlens tensor([163, 163, 163], device='cuda:0', dtype=torch.int32) cache_position tensor([162, 162, 162], device='cuda:0') position_ids tensor([[162],
        [162],
        [162]], device='cuda:0') attention_mask tensor([[1, 1, 1, 1, 1, 1, 1, 1, 1, 1, 1, 1, 1, 1, 1, 1, 1, 1, 1, 1, 1, 1, 1, 1,
         1, 1, 1, 1, 1, 1, 1, 1, 1, 1, 1, 1, 1, 1, 1, 1, 1, 1, 1, 1, 1, 1, 1, 1,
         1, 1, 1, 1, 1, 1, 1, 1, 1, 1, 1, 1, 1, 1, 1, 1, 1, 1, 1, 1, 1, 1, 1, 1,
         1, 1, 1, 1, 1, 1, 1, 1, 1, 1, 1, 1, 1, 1, 1, 1, 1, 1, 1, 1, 1, 1, 1, 1,
         1, 1, 1, 1, 1, 1, 1, 1, 1, 1, 1, 1, 1, 1, 1, 1, 1, 1, 1, 1, 1, 1, 1, 1,
         1, 1, 1, 1, 1, 1, 1, 1, 1, 1, 1, 1, 1, 1, 1, 1, 1, 1, 1, 1, 1, 1, 1, 1,
         1, 1, 1, 1, 1, 1, 1, 1, 1, 1, 1, 1, 1, 1, 1, 1, 1, 1, 1],
        [1, 1, 1, 1, 1, 1, 1, 1, 1, 1, 1, 1, 1, 1, 1, 1, 1, 1, 1, 1, 1, 1, 1, 1,
         1, 1, 1, 1, 1, 1, 1, 1, 1, 1, 1, 1, 1, 1, 1, 1, 1, 1, 1, 1, 1, 1, 1, 1,
         1, 1, 1, 1, 1, 1, 1, 1, 1, 1, 1, 1, 1, 1, 1, 1, 1, 1, 1, 1, 1, 1, 1, 1,
         1, 1, 1, 1, 1, 1, 1, 1, 1, 1, 1, 1, 1, 1, 1, 1, 1, 1, 1, 1, 1, 1, 1, 1,
         1, 1, 1, 1, 1, 1, 1, 1, 1, 1, 1, 1, 1, 1, 1, 1, 1, 1, 1, 1, 1, 1, 1, 1,
         1, 1, 1, 1, 1, 1, 1, 1, 1, 1, 1, 1, 1, 1, 1, 1, 1, 1, 1, 1, 1, 1, 1, 1,
         1, 1, 1, 1, 1, 1, 1, 1, 1, 1, 1, 1, 1, 1, 1, 1, 1, 1, 1],
        [1, 1, 1, 1, 1, 1, 1, 1, 1, 1, 1, 1, 1, 1, 1, 1, 1, 1, 1, 1, 1, 1, 1, 1,
         1, 1, 1, 1, 1, 1, 1, 1, 1, 1, 1, 1, 1, 1, 1, 1, 1, 1, 1, 1, 1, 1, 1, 1,
         1, 1, 1, 1, 1, 1, 1, 1, 1, 1, 1, 1, 1, 1, 1, 1, 1, 1, 1, 1, 1, 1, 1, 1,
         1, 1, 1, 1, 1, 1, 1, 1, 1, 1, 1, 1, 1, 1, 1, 1, 1, 1, 1, 1, 1, 1, 1, 1,
         1, 1, 1, 1, 1, 1, 1, 1, 1, 1, 1, 1, 1, 1, 1, 1, 1, 1, 1, 1, 1, 1, 1, 1,
         1, 1, 1, 1, 1, 1, 1, 1, 1, 1, 1, 1, 1, 1, 1, 1, 1, 1, 1, 1, 1, 1, 1, 1,
         1, 1, 1, 1, 1, 1, 1, 1, 1, 1, 1, 1, 1, 1, 1, 1, 1, 1, 1]],
       device='cuda:0') attnshape torch.Size([3, 163])
output logit tensor([[[ 6.5000,  4.9375,  1.4531,  ..., -6.5312, -6.5312, -6.5312]],

        [[ 6.5000,  4.9375,  1.4531,  ..., -6.5312, -6.5312, -6.5312]],

        [[ 6.5000,  4.9375,  1.4531,  ..., -6.5312, -6.5312, -6.5312]]],
       device='cuda:0', dtype=torch.bfloat16)
input_ids: torch.Size([3, 1]) cache_seqlens tensor([164, 164, 164], device='cuda:0', dtype=torch.int32) cache_position tensor([163, 163, 163], device='cuda:0') position_ids tensor([[163],
        [163],
        [163]], device='cuda:0') attention_mask tensor([[1, 1, 1, 1, 1, 1, 1, 1, 1, 1, 1, 1, 1, 1, 1, 1, 1, 1, 1, 1, 1, 1, 1, 1,
         1, 1, 1, 1, 1, 1, 1, 1, 1, 1, 1, 1, 1, 1, 1, 1, 1, 1, 1, 1, 1, 1, 1, 1,
         1, 1, 1, 1, 1, 1, 1, 1, 1, 1, 1, 1, 1, 1, 1, 1, 1, 1, 1, 1, 1, 1, 1, 1,
         1, 1, 1, 1, 1, 1, 1, 1, 1, 1, 1, 1, 1, 1, 1, 1, 1, 1, 1, 1, 1, 1, 1, 1,
         1, 1, 1, 1, 1, 1, 1, 1, 1, 1, 1, 1, 1, 1, 1, 1, 1, 1, 1, 1, 1, 1, 1, 1,
         1, 1, 1, 1, 1, 1, 1, 1, 1, 1, 1, 1, 1, 1, 1, 1, 1, 1, 1, 1, 1, 1, 1, 1,
         1, 1, 1, 1, 1, 1, 1, 1, 1, 1, 1, 1, 1, 1, 1, 1, 1, 1, 1, 1],
        [1, 1, 1, 1, 1, 1, 1, 1, 1, 1, 1, 1, 1, 1, 1, 1, 1, 1, 1, 1, 1, 1, 1, 1,
         1, 1, 1, 1, 1, 1, 1, 1, 1, 1, 1, 1, 1, 1, 1, 1, 1, 1, 1, 1, 1, 1, 1, 1,
         1, 1, 1, 1, 1, 1, 1, 1, 1, 1, 1, 1, 1, 1, 1, 1, 1, 1, 1, 1, 1, 1, 1, 1,
         1, 1, 1, 1, 1, 1, 1, 1, 1, 1, 1, 1, 1, 1, 1, 1, 1, 1, 1, 1, 1, 1, 1, 1,
         1, 1, 1, 1, 1, 1, 1, 1, 1, 1, 1, 1, 1, 1, 1, 1, 1, 1, 1, 1, 1, 1, 1, 1,
         1, 1, 1, 1, 1, 1, 1, 1, 1, 1, 1, 1, 1, 1, 1, 1, 1, 1, 1, 1, 1, 1, 1, 1,
         1, 1, 1, 1, 1, 1, 1, 1, 1, 1, 1, 1, 1, 1, 1, 1, 1, 1, 1, 1],
        [1, 1, 1, 1, 1, 1, 1, 1, 1, 1, 1, 1, 1, 1, 1, 1, 1, 1, 1, 1, 1, 1, 1, 1,
         1, 1, 1, 1, 1, 1, 1, 1, 1, 1, 1, 1, 1, 1, 1, 1, 1, 1, 1, 1, 1, 1, 1, 1,
         1, 1, 1, 1, 1, 1, 1, 1, 1, 1, 1, 1, 1, 1, 1, 1, 1, 1, 1, 1, 1, 1, 1, 1,
         1, 1, 1, 1, 1, 1, 1, 1, 1, 1, 1, 1, 1, 1, 1, 1, 1, 1, 1, 1, 1, 1, 1, 1,
         1, 1, 1, 1, 1, 1, 1, 1, 1, 1, 1, 1, 1, 1, 1, 1, 1, 1, 1, 1, 1, 1, 1, 1,
         1, 1, 1, 1, 1, 1, 1, 1, 1, 1, 1, 1, 1, 1, 1, 1, 1, 1, 1, 1, 1, 1, 1, 1,
         1, 1, 1, 1, 1, 1, 1, 1, 1, 1, 1, 1, 1, 1, 1, 1, 1, 1, 1, 1]],
       device='cuda:0') attnshape torch.Size([3, 164])
output logit tensor([[[ 1.0781,  5.5938,  0.6367,  ..., -8.0625, -8.0625, -8.0625]],

        [[ 1.0781,  5.5938,  0.6367,  ..., -8.0625, -8.0625, -8.0625]],

        [[ 1.0781,  5.5938,  0.6367,  ..., -8.0625, -8.0625, -8.0625]]],
       device='cuda:0', dtype=torch.bfloat16)
input_ids: torch.Size([3, 1]) cache_seqlens tensor([165, 165, 165], device='cuda:0', dtype=torch.int32) cache_position tensor([164, 164, 164], device='cuda:0') position_ids tensor([[164],
        [164],
        [164]], device='cuda:0') attention_mask tensor([[1, 1, 1, 1, 1, 1, 1, 1, 1, 1, 1, 1, 1, 1, 1, 1, 1, 1, 1, 1, 1, 1, 1, 1,
         1, 1, 1, 1, 1, 1, 1, 1, 1, 1, 1, 1, 1, 1, 1, 1, 1, 1, 1, 1, 1, 1, 1, 1,
         1, 1, 1, 1, 1, 1, 1, 1, 1, 1, 1, 1, 1, 1, 1, 1, 1, 1, 1, 1, 1, 1, 1, 1,
         1, 1, 1, 1, 1, 1, 1, 1, 1, 1, 1, 1, 1, 1, 1, 1, 1, 1, 1, 1, 1, 1, 1, 1,
         1, 1, 1, 1, 1, 1, 1, 1, 1, 1, 1, 1, 1, 1, 1, 1, 1, 1, 1, 1, 1, 1, 1, 1,
         1, 1, 1, 1, 1, 1, 1, 1, 1, 1, 1, 1, 1, 1, 1, 1, 1, 1, 1, 1, 1, 1, 1, 1,
         1, 1, 1, 1, 1, 1, 1, 1, 1, 1, 1, 1, 1, 1, 1, 1, 1, 1, 1, 1, 1],
        [1, 1, 1, 1, 1, 1, 1, 1, 1, 1, 1, 1, 1, 1, 1, 1, 1, 1, 1, 1, 1, 1, 1, 1,
         1, 1, 1, 1, 1, 1, 1, 1, 1, 1, 1, 1, 1, 1, 1, 1, 1, 1, 1, 1, 1, 1, 1, 1,
         1, 1, 1, 1, 1, 1, 1, 1, 1, 1, 1, 1, 1, 1, 1, 1, 1, 1, 1, 1, 1, 1, 1, 1,
         1, 1, 1, 1, 1, 1, 1, 1, 1, 1, 1, 1, 1, 1, 1, 1, 1, 1, 1, 1, 1, 1, 1, 1,
         1, 1, 1, 1, 1, 1, 1, 1, 1, 1, 1, 1, 1, 1, 1, 1, 1, 1, 1, 1, 1, 1, 1, 1,
         1, 1, 1, 1, 1, 1, 1, 1, 1, 1, 1, 1, 1, 1, 1, 1, 1, 1, 1, 1, 1, 1, 1, 1,
         1, 1, 1, 1, 1, 1, 1, 1, 1, 1, 1, 1, 1, 1, 1, 1, 1, 1, 1, 1, 1],
        [1, 1, 1, 1, 1, 1, 1, 1, 1, 1, 1, 1, 1, 1, 1, 1, 1, 1, 1, 1, 1, 1, 1, 1,
         1, 1, 1, 1, 1, 1, 1, 1, 1, 1, 1, 1, 1, 1, 1, 1, 1, 1, 1, 1, 1, 1, 1, 1,
         1, 1, 1, 1, 1, 1, 1, 1, 1, 1, 1, 1, 1, 1, 1, 1, 1, 1, 1, 1, 1, 1, 1, 1,
         1, 1, 1, 1, 1, 1, 1, 1, 1, 1, 1, 1, 1, 1, 1, 1, 1, 1, 1, 1, 1, 1, 1, 1,
         1, 1, 1, 1, 1, 1, 1, 1, 1, 1, 1, 1, 1, 1, 1, 1, 1, 1, 1, 1, 1, 1, 1, 1,
         1, 1, 1, 1, 1, 1, 1, 1, 1, 1, 1, 1, 1, 1, 1, 1, 1, 1, 1, 1, 1, 1, 1, 1,
         1, 1, 1, 1, 1, 1, 1, 1, 1, 1, 1, 1, 1, 1, 1, 1, 1, 1, 1, 1, 1]],
       device='cuda:0') attnshape torch.Size([3, 165])
output logit tensor([[[ 3.3281,  5.1250,  1.8906,  ..., -7.7500, -7.7500, -7.7500]],

        [[ 3.3281,  5.1250,  1.8906,  ..., -7.7500, -7.7500, -7.7500]],

        [[ 3.3281,  5.1250,  1.8906,  ..., -7.7500, -7.7500, -7.7500]]],
       device='cuda:0', dtype=torch.bfloat16)
input_ids: torch.Size([3, 1]) cache_seqlens tensor([166, 166, 166], device='cuda:0', dtype=torch.int32) cache_position tensor([165, 165, 165], device='cuda:0') position_ids tensor([[165],
        [165],
        [165]], device='cuda:0') attention_mask tensor([[1, 1, 1, 1, 1, 1, 1, 1, 1, 1, 1, 1, 1, 1, 1, 1, 1, 1, 1, 1, 1, 1, 1, 1,
         1, 1, 1, 1, 1, 1, 1, 1, 1, 1, 1, 1, 1, 1, 1, 1, 1, 1, 1, 1, 1, 1, 1, 1,
         1, 1, 1, 1, 1, 1, 1, 1, 1, 1, 1, 1, 1, 1, 1, 1, 1, 1, 1, 1, 1, 1, 1, 1,
         1, 1, 1, 1, 1, 1, 1, 1, 1, 1, 1, 1, 1, 1, 1, 1, 1, 1, 1, 1, 1, 1, 1, 1,
         1, 1, 1, 1, 1, 1, 1, 1, 1, 1, 1, 1, 1, 1, 1, 1, 1, 1, 1, 1, 1, 1, 1, 1,
         1, 1, 1, 1, 1, 1, 1, 1, 1, 1, 1, 1, 1, 1, 1, 1, 1, 1, 1, 1, 1, 1, 1, 1,
         1, 1, 1, 1, 1, 1, 1, 1, 1, 1, 1, 1, 1, 1, 1, 1, 1, 1, 1, 1, 1, 1],
        [1, 1, 1, 1, 1, 1, 1, 1, 1, 1, 1, 1, 1, 1, 1, 1, 1, 1, 1, 1, 1, 1, 1, 1,
         1, 1, 1, 1, 1, 1, 1, 1, 1, 1, 1, 1, 1, 1, 1, 1, 1, 1, 1, 1, 1, 1, 1, 1,
         1, 1, 1, 1, 1, 1, 1, 1, 1, 1, 1, 1, 1, 1, 1, 1, 1, 1, 1, 1, 1, 1, 1, 1,
         1, 1, 1, 1, 1, 1, 1, 1, 1, 1, 1, 1, 1, 1, 1, 1, 1, 1, 1, 1, 1, 1, 1, 1,
         1, 1, 1, 1, 1, 1, 1, 1, 1, 1, 1, 1, 1, 1, 1, 1, 1, 1, 1, 1, 1, 1, 1, 1,
         1, 1, 1, 1, 1, 1, 1, 1, 1, 1, 1, 1, 1, 1, 1, 1, 1, 1, 1, 1, 1, 1, 1, 1,
         1, 1, 1, 1, 1, 1, 1, 1, 1, 1, 1, 1, 1, 1, 1, 1, 1, 1, 1, 1, 1, 1],
        [1, 1, 1, 1, 1, 1, 1, 1, 1, 1, 1, 1, 1, 1, 1, 1, 1, 1, 1, 1, 1, 1, 1, 1,
         1, 1, 1, 1, 1, 1, 1, 1, 1, 1, 1, 1, 1, 1, 1, 1, 1, 1, 1, 1, 1, 1, 1, 1,
         1, 1, 1, 1, 1, 1, 1, 1, 1, 1, 1, 1, 1, 1, 1, 1, 1, 1, 1, 1, 1, 1, 1, 1,
         1, 1, 1, 1, 1, 1, 1, 1, 1, 1, 1, 1, 1, 1, 1, 1, 1, 1, 1, 1, 1, 1, 1, 1,
         1, 1, 1, 1, 1, 1, 1, 1, 1, 1, 1, 1, 1, 1, 1, 1, 1, 1, 1, 1, 1, 1, 1, 1,
         1, 1, 1, 1, 1, 1, 1, 1, 1, 1, 1, 1, 1, 1, 1, 1, 1, 1, 1, 1, 1, 1, 1, 1,
         1, 1, 1, 1, 1, 1, 1, 1, 1, 1, 1, 1, 1, 1, 1, 1, 1, 1, 1, 1, 1, 1]],
       device='cuda:0') attnshape torch.Size([3, 166])
output logit tensor([[[ 4.1250,  2.1250,  0.3027,  ..., -4.5625, -4.5625, -4.5625]],

        [[ 4.1250,  2.1250,  0.3027,  ..., -4.5625, -4.5625, -4.5625]],

        [[ 4.1250,  2.1250,  0.3027,  ..., -4.5625, -4.5625, -4.5625]]],
       device='cuda:0', dtype=torch.bfloat16)
input_ids: torch.Size([3, 1]) cache_seqlens tensor([167, 167, 167], device='cuda:0', dtype=torch.int32) cache_position tensor([166, 166, 166], device='cuda:0') position_ids tensor([[166],
        [166],
        [166]], device='cuda:0') attention_mask tensor([[1, 1, 1, 1, 1, 1, 1, 1, 1, 1, 1, 1, 1, 1, 1, 1, 1, 1, 1, 1, 1, 1, 1, 1,
         1, 1, 1, 1, 1, 1, 1, 1, 1, 1, 1, 1, 1, 1, 1, 1, 1, 1, 1, 1, 1, 1, 1, 1,
         1, 1, 1, 1, 1, 1, 1, 1, 1, 1, 1, 1, 1, 1, 1, 1, 1, 1, 1, 1, 1, 1, 1, 1,
         1, 1, 1, 1, 1, 1, 1, 1, 1, 1, 1, 1, 1, 1, 1, 1, 1, 1, 1, 1, 1, 1, 1, 1,
         1, 1, 1, 1, 1, 1, 1, 1, 1, 1, 1, 1, 1, 1, 1, 1, 1, 1, 1, 1, 1, 1, 1, 1,
         1, 1, 1, 1, 1, 1, 1, 1, 1, 1, 1, 1, 1, 1, 1, 1, 1, 1, 1, 1, 1, 1, 1, 1,
         1, 1, 1, 1, 1, 1, 1, 1, 1, 1, 1, 1, 1, 1, 1, 1, 1, 1, 1, 1, 1, 1, 1],
        [1, 1, 1, 1, 1, 1, 1, 1, 1, 1, 1, 1, 1, 1, 1, 1, 1, 1, 1, 1, 1, 1, 1, 1,
         1, 1, 1, 1, 1, 1, 1, 1, 1, 1, 1, 1, 1, 1, 1, 1, 1, 1, 1, 1, 1, 1, 1, 1,
         1, 1, 1, 1, 1, 1, 1, 1, 1, 1, 1, 1, 1, 1, 1, 1, 1, 1, 1, 1, 1, 1, 1, 1,
         1, 1, 1, 1, 1, 1, 1, 1, 1, 1, 1, 1, 1, 1, 1, 1, 1, 1, 1, 1, 1, 1, 1, 1,
         1, 1, 1, 1, 1, 1, 1, 1, 1, 1, 1, 1, 1, 1, 1, 1, 1, 1, 1, 1, 1, 1, 1, 1,
         1, 1, 1, 1, 1, 1, 1, 1, 1, 1, 1, 1, 1, 1, 1, 1, 1, 1, 1, 1, 1, 1, 1, 1,
         1, 1, 1, 1, 1, 1, 1, 1, 1, 1, 1, 1, 1, 1, 1, 1, 1, 1, 1, 1, 1, 1, 1],
        [1, 1, 1, 1, 1, 1, 1, 1, 1, 1, 1, 1, 1, 1, 1, 1, 1, 1, 1, 1, 1, 1, 1, 1,
         1, 1, 1, 1, 1, 1, 1, 1, 1, 1, 1, 1, 1, 1, 1, 1, 1, 1, 1, 1, 1, 1, 1, 1,
         1, 1, 1, 1, 1, 1, 1, 1, 1, 1, 1, 1, 1, 1, 1, 1, 1, 1, 1, 1, 1, 1, 1, 1,
         1, 1, 1, 1, 1, 1, 1, 1, 1, 1, 1, 1, 1, 1, 1, 1, 1, 1, 1, 1, 1, 1, 1, 1,
         1, 1, 1, 1, 1, 1, 1, 1, 1, 1, 1, 1, 1, 1, 1, 1, 1, 1, 1, 1, 1, 1, 1, 1,
         1, 1, 1, 1, 1, 1, 1, 1, 1, 1, 1, 1, 1, 1, 1, 1, 1, 1, 1, 1, 1, 1, 1, 1,
         1, 1, 1, 1, 1, 1, 1, 1, 1, 1, 1, 1, 1, 1, 1, 1, 1, 1, 1, 1, 1, 1, 1]],
       device='cuda:0') attnshape torch.Size([3, 167])
output logit tensor([[[ 3.2344,  1.1250,  0.0554,  ..., -4.9062, -4.9062, -4.9062]],

        [[ 3.2344,  1.1250,  0.0554,  ..., -4.9062, -4.9062, -4.9062]],

        [[ 3.2344,  1.1250,  0.0554,  ..., -4.9062, -4.9062, -4.9062]]],
       device='cuda:0', dtype=torch.bfloat16)
input_ids: torch.Size([3, 1]) cache_seqlens tensor([168, 168, 168], device='cuda:0', dtype=torch.int32) cache_position tensor([167, 167, 167], device='cuda:0') position_ids tensor([[167],
        [167],
        [167]], device='cuda:0') attention_mask tensor([[1, 1, 1, 1, 1, 1, 1, 1, 1, 1, 1, 1, 1, 1, 1, 1, 1, 1, 1, 1, 1, 1, 1, 1,
         1, 1, 1, 1, 1, 1, 1, 1, 1, 1, 1, 1, 1, 1, 1, 1, 1, 1, 1, 1, 1, 1, 1, 1,
         1, 1, 1, 1, 1, 1, 1, 1, 1, 1, 1, 1, 1, 1, 1, 1, 1, 1, 1, 1, 1, 1, 1, 1,
         1, 1, 1, 1, 1, 1, 1, 1, 1, 1, 1, 1, 1, 1, 1, 1, 1, 1, 1, 1, 1, 1, 1, 1,
         1, 1, 1, 1, 1, 1, 1, 1, 1, 1, 1, 1, 1, 1, 1, 1, 1, 1, 1, 1, 1, 1, 1, 1,
         1, 1, 1, 1, 1, 1, 1, 1, 1, 1, 1, 1, 1, 1, 1, 1, 1, 1, 1, 1, 1, 1, 1, 1,
         1, 1, 1, 1, 1, 1, 1, 1, 1, 1, 1, 1, 1, 1, 1, 1, 1, 1, 1, 1, 1, 1, 1, 1],
        [1, 1, 1, 1, 1, 1, 1, 1, 1, 1, 1, 1, 1, 1, 1, 1, 1, 1, 1, 1, 1, 1, 1, 1,
         1, 1, 1, 1, 1, 1, 1, 1, 1, 1, 1, 1, 1, 1, 1, 1, 1, 1, 1, 1, 1, 1, 1, 1,
         1, 1, 1, 1, 1, 1, 1, 1, 1, 1, 1, 1, 1, 1, 1, 1, 1, 1, 1, 1, 1, 1, 1, 1,
         1, 1, 1, 1, 1, 1, 1, 1, 1, 1, 1, 1, 1, 1, 1, 1, 1, 1, 1, 1, 1, 1, 1, 1,
         1, 1, 1, 1, 1, 1, 1, 1, 1, 1, 1, 1, 1, 1, 1, 1, 1, 1, 1, 1, 1, 1, 1, 1,
         1, 1, 1, 1, 1, 1, 1, 1, 1, 1, 1, 1, 1, 1, 1, 1, 1, 1, 1, 1, 1, 1, 1, 1,
         1, 1, 1, 1, 1, 1, 1, 1, 1, 1, 1, 1, 1, 1, 1, 1, 1, 1, 1, 1, 1, 1, 1, 1],
        [1, 1, 1, 1, 1, 1, 1, 1, 1, 1, 1, 1, 1, 1, 1, 1, 1, 1, 1, 1, 1, 1, 1, 1,
         1, 1, 1, 1, 1, 1, 1, 1, 1, 1, 1, 1, 1, 1, 1, 1, 1, 1, 1, 1, 1, 1, 1, 1,
         1, 1, 1, 1, 1, 1, 1, 1, 1, 1, 1, 1, 1, 1, 1, 1, 1, 1, 1, 1, 1, 1, 1, 1,
         1, 1, 1, 1, 1, 1, 1, 1, 1, 1, 1, 1, 1, 1, 1, 1, 1, 1, 1, 1, 1, 1, 1, 1,
         1, 1, 1, 1, 1, 1, 1, 1, 1, 1, 1, 1, 1, 1, 1, 1, 1, 1, 1, 1, 1, 1, 1, 1,
         1, 1, 1, 1, 1, 1, 1, 1, 1, 1, 1, 1, 1, 1, 1, 1, 1, 1, 1, 1, 1, 1, 1, 1,
         1, 1, 1, 1, 1, 1, 1, 1, 1, 1, 1, 1, 1, 1, 1, 1, 1, 1, 1, 1, 1, 1, 1, 1]],
       device='cuda:0') attnshape torch.Size([3, 168])
output logit tensor([[[ 4.5000,  4.5312,  5.3438,  ..., -8.0625, -8.0625, -8.0625]],

        [[ 4.5000,  4.5312,  5.3438,  ..., -8.0625, -8.0625, -8.0625]],

        [[ 4.5000,  4.5312,  5.3438,  ..., -8.0625, -8.0625, -8.0625]]],
       device='cuda:0', dtype=torch.bfloat16)
input_ids: torch.Size([3, 1]) cache_seqlens tensor([169, 169, 169], device='cuda:0', dtype=torch.int32) cache_position tensor([168, 168, 168], device='cuda:0') position_ids tensor([[168],
        [168],
        [168]], device='cuda:0') attention_mask tensor([[1, 1, 1, 1, 1, 1, 1, 1, 1, 1, 1, 1, 1, 1, 1, 1, 1, 1, 1, 1, 1, 1, 1, 1,
         1, 1, 1, 1, 1, 1, 1, 1, 1, 1, 1, 1, 1, 1, 1, 1, 1, 1, 1, 1, 1, 1, 1, 1,
         1, 1, 1, 1, 1, 1, 1, 1, 1, 1, 1, 1, 1, 1, 1, 1, 1, 1, 1, 1, 1, 1, 1, 1,
         1, 1, 1, 1, 1, 1, 1, 1, 1, 1, 1, 1, 1, 1, 1, 1, 1, 1, 1, 1, 1, 1, 1, 1,
         1, 1, 1, 1, 1, 1, 1, 1, 1, 1, 1, 1, 1, 1, 1, 1, 1, 1, 1, 1, 1, 1, 1, 1,
         1, 1, 1, 1, 1, 1, 1, 1, 1, 1, 1, 1, 1, 1, 1, 1, 1, 1, 1, 1, 1, 1, 1, 1,
         1, 1, 1, 1, 1, 1, 1, 1, 1, 1, 1, 1, 1, 1, 1, 1, 1, 1, 1, 1, 1, 1, 1, 1,
         1],
        [1, 1, 1, 1, 1, 1, 1, 1, 1, 1, 1, 1, 1, 1, 1, 1, 1, 1, 1, 1, 1, 1, 1, 1,
         1, 1, 1, 1, 1, 1, 1, 1, 1, 1, 1, 1, 1, 1, 1, 1, 1, 1, 1, 1, 1, 1, 1, 1,
         1, 1, 1, 1, 1, 1, 1, 1, 1, 1, 1, 1, 1, 1, 1, 1, 1, 1, 1, 1, 1, 1, 1, 1,
         1, 1, 1, 1, 1, 1, 1, 1, 1, 1, 1, 1, 1, 1, 1, 1, 1, 1, 1, 1, 1, 1, 1, 1,
         1, 1, 1, 1, 1, 1, 1, 1, 1, 1, 1, 1, 1, 1, 1, 1, 1, 1, 1, 1, 1, 1, 1, 1,
         1, 1, 1, 1, 1, 1, 1, 1, 1, 1, 1, 1, 1, 1, 1, 1, 1, 1, 1, 1, 1, 1, 1, 1,
         1, 1, 1, 1, 1, 1, 1, 1, 1, 1, 1, 1, 1, 1, 1, 1, 1, 1, 1, 1, 1, 1, 1, 1,
         1],
        [1, 1, 1, 1, 1, 1, 1, 1, 1, 1, 1, 1, 1, 1, 1, 1, 1, 1, 1, 1, 1, 1, 1, 1,
         1, 1, 1, 1, 1, 1, 1, 1, 1, 1, 1, 1, 1, 1, 1, 1, 1, 1, 1, 1, 1, 1, 1, 1,
         1, 1, 1, 1, 1, 1, 1, 1, 1, 1, 1, 1, 1, 1, 1, 1, 1, 1, 1, 1, 1, 1, 1, 1,
         1, 1, 1, 1, 1, 1, 1, 1, 1, 1, 1, 1, 1, 1, 1, 1, 1, 1, 1, 1, 1, 1, 1, 1,
         1, 1, 1, 1, 1, 1, 1, 1, 1, 1, 1, 1, 1, 1, 1, 1, 1, 1, 1, 1, 1, 1, 1, 1,
         1, 1, 1, 1, 1, 1, 1, 1, 1, 1, 1, 1, 1, 1, 1, 1, 1, 1, 1, 1, 1, 1, 1, 1,
         1, 1, 1, 1, 1, 1, 1, 1, 1, 1, 1, 1, 1, 1, 1, 1, 1, 1, 1, 1, 1, 1, 1, 1,
         1]], device='cuda:0') attnshape torch.Size([3, 169])
output logit tensor([[[ 6.8125,  8.8125,  2.1094,  ..., -6.7500, -6.7500, -6.7500]],

        [[ 6.8125,  8.8125,  2.1094,  ..., -6.7500, -6.7500, -6.7500]],

        [[ 6.8125,  8.8125,  2.1094,  ..., -6.7500, -6.7500, -6.7500]]],
       device='cuda:0', dtype=torch.bfloat16)
input_ids: torch.Size([3, 1]) cache_seqlens tensor([170, 170, 170], device='cuda:0', dtype=torch.int32) cache_position tensor([169, 169, 169], device='cuda:0') position_ids tensor([[169],
        [169],
        [169]], device='cuda:0') attention_mask tensor([[1, 1, 1, 1, 1, 1, 1, 1, 1, 1, 1, 1, 1, 1, 1, 1, 1, 1, 1, 1, 1, 1, 1, 1,
         1, 1, 1, 1, 1, 1, 1, 1, 1, 1, 1, 1, 1, 1, 1, 1, 1, 1, 1, 1, 1, 1, 1, 1,
         1, 1, 1, 1, 1, 1, 1, 1, 1, 1, 1, 1, 1, 1, 1, 1, 1, 1, 1, 1, 1, 1, 1, 1,
         1, 1, 1, 1, 1, 1, 1, 1, 1, 1, 1, 1, 1, 1, 1, 1, 1, 1, 1, 1, 1, 1, 1, 1,
         1, 1, 1, 1, 1, 1, 1, 1, 1, 1, 1, 1, 1, 1, 1, 1, 1, 1, 1, 1, 1, 1, 1, 1,
         1, 1, 1, 1, 1, 1, 1, 1, 1, 1, 1, 1, 1, 1, 1, 1, 1, 1, 1, 1, 1, 1, 1, 1,
         1, 1, 1, 1, 1, 1, 1, 1, 1, 1, 1, 1, 1, 1, 1, 1, 1, 1, 1, 1, 1, 1, 1, 1,
         1, 1],
        [1, 1, 1, 1, 1, 1, 1, 1, 1, 1, 1, 1, 1, 1, 1, 1, 1, 1, 1, 1, 1, 1, 1, 1,
         1, 1, 1, 1, 1, 1, 1, 1, 1, 1, 1, 1, 1, 1, 1, 1, 1, 1, 1, 1, 1, 1, 1, 1,
         1, 1, 1, 1, 1, 1, 1, 1, 1, 1, 1, 1, 1, 1, 1, 1, 1, 1, 1, 1, 1, 1, 1, 1,
         1, 1, 1, 1, 1, 1, 1, 1, 1, 1, 1, 1, 1, 1, 1, 1, 1, 1, 1, 1, 1, 1, 1, 1,
         1, 1, 1, 1, 1, 1, 1, 1, 1, 1, 1, 1, 1, 1, 1, 1, 1, 1, 1, 1, 1, 1, 1, 1,
         1, 1, 1, 1, 1, 1, 1, 1, 1, 1, 1, 1, 1, 1, 1, 1, 1, 1, 1, 1, 1, 1, 1, 1,
         1, 1, 1, 1, 1, 1, 1, 1, 1, 1, 1, 1, 1, 1, 1, 1, 1, 1, 1, 1, 1, 1, 1, 1,
         1, 1],
        [1, 1, 1, 1, 1, 1, 1, 1, 1, 1, 1, 1, 1, 1, 1, 1, 1, 1, 1, 1, 1, 1, 1, 1,
         1, 1, 1, 1, 1, 1, 1, 1, 1, 1, 1, 1, 1, 1, 1, 1, 1, 1, 1, 1, 1, 1, 1, 1,
         1, 1, 1, 1, 1, 1, 1, 1, 1, 1, 1, 1, 1, 1, 1, 1, 1, 1, 1, 1, 1, 1, 1, 1,
         1, 1, 1, 1, 1, 1, 1, 1, 1, 1, 1, 1, 1, 1, 1, 1, 1, 1, 1, 1, 1, 1, 1, 1,
         1, 1, 1, 1, 1, 1, 1, 1, 1, 1, 1, 1, 1, 1, 1, 1, 1, 1, 1, 1, 1, 1, 1, 1,
         1, 1, 1, 1, 1, 1, 1, 1, 1, 1, 1, 1, 1, 1, 1, 1, 1, 1, 1, 1, 1, 1, 1, 1,
         1, 1, 1, 1, 1, 1, 1, 1, 1, 1, 1, 1, 1, 1, 1, 1, 1, 1, 1, 1, 1, 1, 1, 1,
         1, 1]], device='cuda:0') attnshape torch.Size([3, 170])
output logit tensor([[[ 2.9688,  6.0000, -2.7500,  ..., -6.2500, -6.2500, -6.2500]],

        [[ 2.9688,  6.0000, -2.7500,  ..., -6.2500, -6.2500, -6.2500]],

        [[ 2.9688,  6.0000, -2.7500,  ..., -6.2500, -6.2500, -6.2500]]],
       device='cuda:0', dtype=torch.bfloat16)
input_ids: torch.Size([3, 1]) cache_seqlens tensor([171, 171, 171], device='cuda:0', dtype=torch.int32) cache_position tensor([170, 170, 170], device='cuda:0') position_ids tensor([[170],
        [170],
        [170]], device='cuda:0') attention_mask tensor([[1, 1, 1, 1, 1, 1, 1, 1, 1, 1, 1, 1, 1, 1, 1, 1, 1, 1, 1, 1, 1, 1, 1, 1,
         1, 1, 1, 1, 1, 1, 1, 1, 1, 1, 1, 1, 1, 1, 1, 1, 1, 1, 1, 1, 1, 1, 1, 1,
         1, 1, 1, 1, 1, 1, 1, 1, 1, 1, 1, 1, 1, 1, 1, 1, 1, 1, 1, 1, 1, 1, 1, 1,
         1, 1, 1, 1, 1, 1, 1, 1, 1, 1, 1, 1, 1, 1, 1, 1, 1, 1, 1, 1, 1, 1, 1, 1,
         1, 1, 1, 1, 1, 1, 1, 1, 1, 1, 1, 1, 1, 1, 1, 1, 1, 1, 1, 1, 1, 1, 1, 1,
         1, 1, 1, 1, 1, 1, 1, 1, 1, 1, 1, 1, 1, 1, 1, 1, 1, 1, 1, 1, 1, 1, 1, 1,
         1, 1, 1, 1, 1, 1, 1, 1, 1, 1, 1, 1, 1, 1, 1, 1, 1, 1, 1, 1, 1, 1, 1, 1,
         1, 1, 1],
        [1, 1, 1, 1, 1, 1, 1, 1, 1, 1, 1, 1, 1, 1, 1, 1, 1, 1, 1, 1, 1, 1, 1, 1,
         1, 1, 1, 1, 1, 1, 1, 1, 1, 1, 1, 1, 1, 1, 1, 1, 1, 1, 1, 1, 1, 1, 1, 1,
         1, 1, 1, 1, 1, 1, 1, 1, 1, 1, 1, 1, 1, 1, 1, 1, 1, 1, 1, 1, 1, 1, 1, 1,
         1, 1, 1, 1, 1, 1, 1, 1, 1, 1, 1, 1, 1, 1, 1, 1, 1, 1, 1, 1, 1, 1, 1, 1,
         1, 1, 1, 1, 1, 1, 1, 1, 1, 1, 1, 1, 1, 1, 1, 1, 1, 1, 1, 1, 1, 1, 1, 1,
         1, 1, 1, 1, 1, 1, 1, 1, 1, 1, 1, 1, 1, 1, 1, 1, 1, 1, 1, 1, 1, 1, 1, 1,
         1, 1, 1, 1, 1, 1, 1, 1, 1, 1, 1, 1, 1, 1, 1, 1, 1, 1, 1, 1, 1, 1, 1, 1,
         1, 1, 1],
        [1, 1, 1, 1, 1, 1, 1, 1, 1, 1, 1, 1, 1, 1, 1, 1, 1, 1, 1, 1, 1, 1, 1, 1,
         1, 1, 1, 1, 1, 1, 1, 1, 1, 1, 1, 1, 1, 1, 1, 1, 1, 1, 1, 1, 1, 1, 1, 1,
         1, 1, 1, 1, 1, 1, 1, 1, 1, 1, 1, 1, 1, 1, 1, 1, 1, 1, 1, 1, 1, 1, 1, 1,
         1, 1, 1, 1, 1, 1, 1, 1, 1, 1, 1, 1, 1, 1, 1, 1, 1, 1, 1, 1, 1, 1, 1, 1,
         1, 1, 1, 1, 1, 1, 1, 1, 1, 1, 1, 1, 1, 1, 1, 1, 1, 1, 1, 1, 1, 1, 1, 1,
         1, 1, 1, 1, 1, 1, 1, 1, 1, 1, 1, 1, 1, 1, 1, 1, 1, 1, 1, 1, 1, 1, 1, 1,
         1, 1, 1, 1, 1, 1, 1, 1, 1, 1, 1, 1, 1, 1, 1, 1, 1, 1, 1, 1, 1, 1, 1, 1,
         1, 1, 1]], device='cuda:0') attnshape torch.Size([3, 171])
output logit tensor([[[ 0.1934,  2.5625, -0.4336,  ..., -7.6562, -7.6562, -7.6562]],

        [[ 0.1934,  2.5625, -0.4336,  ..., -7.6562, -7.6562, -7.6562]],

        [[ 0.1934,  2.5625, -0.4336,  ..., -7.6562, -7.6562, -7.6562]]],
       device='cuda:0', dtype=torch.bfloat16)
input_ids: torch.Size([3, 1]) cache_seqlens tensor([172, 172, 172], device='cuda:0', dtype=torch.int32) cache_position tensor([171, 171, 171], device='cuda:0') position_ids tensor([[171],
        [171],
        [171]], device='cuda:0') attention_mask tensor([[1, 1, 1, 1, 1, 1, 1, 1, 1, 1, 1, 1, 1, 1, 1, 1, 1, 1, 1, 1, 1, 1, 1, 1,
         1, 1, 1, 1, 1, 1, 1, 1, 1, 1, 1, 1, 1, 1, 1, 1, 1, 1, 1, 1, 1, 1, 1, 1,
         1, 1, 1, 1, 1, 1, 1, 1, 1, 1, 1, 1, 1, 1, 1, 1, 1, 1, 1, 1, 1, 1, 1, 1,
         1, 1, 1, 1, 1, 1, 1, 1, 1, 1, 1, 1, 1, 1, 1, 1, 1, 1, 1, 1, 1, 1, 1, 1,
         1, 1, 1, 1, 1, 1, 1, 1, 1, 1, 1, 1, 1, 1, 1, 1, 1, 1, 1, 1, 1, 1, 1, 1,
         1, 1, 1, 1, 1, 1, 1, 1, 1, 1, 1, 1, 1, 1, 1, 1, 1, 1, 1, 1, 1, 1, 1, 1,
         1, 1, 1, 1, 1, 1, 1, 1, 1, 1, 1, 1, 1, 1, 1, 1, 1, 1, 1, 1, 1, 1, 1, 1,
         1, 1, 1, 1],
        [1, 1, 1, 1, 1, 1, 1, 1, 1, 1, 1, 1, 1, 1, 1, 1, 1, 1, 1, 1, 1, 1, 1, 1,
         1, 1, 1, 1, 1, 1, 1, 1, 1, 1, 1, 1, 1, 1, 1, 1, 1, 1, 1, 1, 1, 1, 1, 1,
         1, 1, 1, 1, 1, 1, 1, 1, 1, 1, 1, 1, 1, 1, 1, 1, 1, 1, 1, 1, 1, 1, 1, 1,
         1, 1, 1, 1, 1, 1, 1, 1, 1, 1, 1, 1, 1, 1, 1, 1, 1, 1, 1, 1, 1, 1, 1, 1,
         1, 1, 1, 1, 1, 1, 1, 1, 1, 1, 1, 1, 1, 1, 1, 1, 1, 1, 1, 1, 1, 1, 1, 1,
         1, 1, 1, 1, 1, 1, 1, 1, 1, 1, 1, 1, 1, 1, 1, 1, 1, 1, 1, 1, 1, 1, 1, 1,
         1, 1, 1, 1, 1, 1, 1, 1, 1, 1, 1, 1, 1, 1, 1, 1, 1, 1, 1, 1, 1, 1, 1, 1,
         1, 1, 1, 1],
        [1, 1, 1, 1, 1, 1, 1, 1, 1, 1, 1, 1, 1, 1, 1, 1, 1, 1, 1, 1, 1, 1, 1, 1,
         1, 1, 1, 1, 1, 1, 1, 1, 1, 1, 1, 1, 1, 1, 1, 1, 1, 1, 1, 1, 1, 1, 1, 1,
         1, 1, 1, 1, 1, 1, 1, 1, 1, 1, 1, 1, 1, 1, 1, 1, 1, 1, 1, 1, 1, 1, 1, 1,
         1, 1, 1, 1, 1, 1, 1, 1, 1, 1, 1, 1, 1, 1, 1, 1, 1, 1, 1, 1, 1, 1, 1, 1,
         1, 1, 1, 1, 1, 1, 1, 1, 1, 1, 1, 1, 1, 1, 1, 1, 1, 1, 1, 1, 1, 1, 1, 1,
         1, 1, 1, 1, 1, 1, 1, 1, 1, 1, 1, 1, 1, 1, 1, 1, 1, 1, 1, 1, 1, 1, 1, 1,
         1, 1, 1, 1, 1, 1, 1, 1, 1, 1, 1, 1, 1, 1, 1, 1, 1, 1, 1, 1, 1, 1, 1, 1,
         1, 1, 1, 1]], device='cuda:0') attnshape torch.Size([3, 172])
output logit tensor([[[ 4.0938,  5.1875, -4.0625,  ..., -6.5938, -6.5938, -6.5938]],

        [[ 4.0938,  5.1875, -4.0625,  ..., -6.5938, -6.5938, -6.5938]],

        [[ 4.0938,  5.1875, -4.0625,  ..., -6.5938, -6.5938, -6.5938]]],
       device='cuda:0', dtype=torch.bfloat16)
input_ids: torch.Size([3, 1]) cache_seqlens tensor([173, 173, 173], device='cuda:0', dtype=torch.int32) cache_position tensor([172, 172, 172], device='cuda:0') position_ids tensor([[172],
        [172],
        [172]], device='cuda:0') attention_mask tensor([[1, 1, 1, 1, 1, 1, 1, 1, 1, 1, 1, 1, 1, 1, 1, 1, 1, 1, 1, 1, 1, 1, 1, 1,
         1, 1, 1, 1, 1, 1, 1, 1, 1, 1, 1, 1, 1, 1, 1, 1, 1, 1, 1, 1, 1, 1, 1, 1,
         1, 1, 1, 1, 1, 1, 1, 1, 1, 1, 1, 1, 1, 1, 1, 1, 1, 1, 1, 1, 1, 1, 1, 1,
         1, 1, 1, 1, 1, 1, 1, 1, 1, 1, 1, 1, 1, 1, 1, 1, 1, 1, 1, 1, 1, 1, 1, 1,
         1, 1, 1, 1, 1, 1, 1, 1, 1, 1, 1, 1, 1, 1, 1, 1, 1, 1, 1, 1, 1, 1, 1, 1,
         1, 1, 1, 1, 1, 1, 1, 1, 1, 1, 1, 1, 1, 1, 1, 1, 1, 1, 1, 1, 1, 1, 1, 1,
         1, 1, 1, 1, 1, 1, 1, 1, 1, 1, 1, 1, 1, 1, 1, 1, 1, 1, 1, 1, 1, 1, 1, 1,
         1, 1, 1, 1, 1],
        [1, 1, 1, 1, 1, 1, 1, 1, 1, 1, 1, 1, 1, 1, 1, 1, 1, 1, 1, 1, 1, 1, 1, 1,
         1, 1, 1, 1, 1, 1, 1, 1, 1, 1, 1, 1, 1, 1, 1, 1, 1, 1, 1, 1, 1, 1, 1, 1,
         1, 1, 1, 1, 1, 1, 1, 1, 1, 1, 1, 1, 1, 1, 1, 1, 1, 1, 1, 1, 1, 1, 1, 1,
         1, 1, 1, 1, 1, 1, 1, 1, 1, 1, 1, 1, 1, 1, 1, 1, 1, 1, 1, 1, 1, 1, 1, 1,
         1, 1, 1, 1, 1, 1, 1, 1, 1, 1, 1, 1, 1, 1, 1, 1, 1, 1, 1, 1, 1, 1, 1, 1,
         1, 1, 1, 1, 1, 1, 1, 1, 1, 1, 1, 1, 1, 1, 1, 1, 1, 1, 1, 1, 1, 1, 1, 1,
         1, 1, 1, 1, 1, 1, 1, 1, 1, 1, 1, 1, 1, 1, 1, 1, 1, 1, 1, 1, 1, 1, 1, 1,
         1, 1, 1, 1, 1],
        [1, 1, 1, 1, 1, 1, 1, 1, 1, 1, 1, 1, 1, 1, 1, 1, 1, 1, 1, 1, 1, 1, 1, 1,
         1, 1, 1, 1, 1, 1, 1, 1, 1, 1, 1, 1, 1, 1, 1, 1, 1, 1, 1, 1, 1, 1, 1, 1,
         1, 1, 1, 1, 1, 1, 1, 1, 1, 1, 1, 1, 1, 1, 1, 1, 1, 1, 1, 1, 1, 1, 1, 1,
         1, 1, 1, 1, 1, 1, 1, 1, 1, 1, 1, 1, 1, 1, 1, 1, 1, 1, 1, 1, 1, 1, 1, 1,
         1, 1, 1, 1, 1, 1, 1, 1, 1, 1, 1, 1, 1, 1, 1, 1, 1, 1, 1, 1, 1, 1, 1, 1,
         1, 1, 1, 1, 1, 1, 1, 1, 1, 1, 1, 1, 1, 1, 1, 1, 1, 1, 1, 1, 1, 1, 1, 1,
         1, 1, 1, 1, 1, 1, 1, 1, 1, 1, 1, 1, 1, 1, 1, 1, 1, 1, 1, 1, 1, 1, 1, 1,
         1, 1, 1, 1, 1]], device='cuda:0') attnshape torch.Size([3, 173])
output logit tensor([[[12.3125, 11.1250,  4.2500,  ..., -5.9375, -5.9375, -5.9375]],

        [[12.3125, 11.1250,  4.2500,  ..., -5.9375, -5.9375, -5.9375]],

        [[12.3125, 11.1250,  4.2500,  ..., -5.9375, -5.9375, -5.9375]]],
       device='cuda:0', dtype=torch.bfloat16)
input_ids: torch.Size([3, 1]) cache_seqlens tensor([174, 174, 174], device='cuda:0', dtype=torch.int32) cache_position tensor([173, 173, 173], device='cuda:0') position_ids tensor([[173],
        [173],
        [173]], device='cuda:0') attention_mask tensor([[1, 1, 1, 1, 1, 1, 1, 1, 1, 1, 1, 1, 1, 1, 1, 1, 1, 1, 1, 1, 1, 1, 1, 1,
         1, 1, 1, 1, 1, 1, 1, 1, 1, 1, 1, 1, 1, 1, 1, 1, 1, 1, 1, 1, 1, 1, 1, 1,
         1, 1, 1, 1, 1, 1, 1, 1, 1, 1, 1, 1, 1, 1, 1, 1, 1, 1, 1, 1, 1, 1, 1, 1,
         1, 1, 1, 1, 1, 1, 1, 1, 1, 1, 1, 1, 1, 1, 1, 1, 1, 1, 1, 1, 1, 1, 1, 1,
         1, 1, 1, 1, 1, 1, 1, 1, 1, 1, 1, 1, 1, 1, 1, 1, 1, 1, 1, 1, 1, 1, 1, 1,
         1, 1, 1, 1, 1, 1, 1, 1, 1, 1, 1, 1, 1, 1, 1, 1, 1, 1, 1, 1, 1, 1, 1, 1,
         1, 1, 1, 1, 1, 1, 1, 1, 1, 1, 1, 1, 1, 1, 1, 1, 1, 1, 1, 1, 1, 1, 1, 1,
         1, 1, 1, 1, 1, 1],
        [1, 1, 1, 1, 1, 1, 1, 1, 1, 1, 1, 1, 1, 1, 1, 1, 1, 1, 1, 1, 1, 1, 1, 1,
         1, 1, 1, 1, 1, 1, 1, 1, 1, 1, 1, 1, 1, 1, 1, 1, 1, 1, 1, 1, 1, 1, 1, 1,
         1, 1, 1, 1, 1, 1, 1, 1, 1, 1, 1, 1, 1, 1, 1, 1, 1, 1, 1, 1, 1, 1, 1, 1,
         1, 1, 1, 1, 1, 1, 1, 1, 1, 1, 1, 1, 1, 1, 1, 1, 1, 1, 1, 1, 1, 1, 1, 1,
         1, 1, 1, 1, 1, 1, 1, 1, 1, 1, 1, 1, 1, 1, 1, 1, 1, 1, 1, 1, 1, 1, 1, 1,
         1, 1, 1, 1, 1, 1, 1, 1, 1, 1, 1, 1, 1, 1, 1, 1, 1, 1, 1, 1, 1, 1, 1, 1,
         1, 1, 1, 1, 1, 1, 1, 1, 1, 1, 1, 1, 1, 1, 1, 1, 1, 1, 1, 1, 1, 1, 1, 1,
         1, 1, 1, 1, 1, 1],
        [1, 1, 1, 1, 1, 1, 1, 1, 1, 1, 1, 1, 1, 1, 1, 1, 1, 1, 1, 1, 1, 1, 1, 1,
         1, 1, 1, 1, 1, 1, 1, 1, 1, 1, 1, 1, 1, 1, 1, 1, 1, 1, 1, 1, 1, 1, 1, 1,
         1, 1, 1, 1, 1, 1, 1, 1, 1, 1, 1, 1, 1, 1, 1, 1, 1, 1, 1, 1, 1, 1, 1, 1,
         1, 1, 1, 1, 1, 1, 1, 1, 1, 1, 1, 1, 1, 1, 1, 1, 1, 1, 1, 1, 1, 1, 1, 1,
         1, 1, 1, 1, 1, 1, 1, 1, 1, 1, 1, 1, 1, 1, 1, 1, 1, 1, 1, 1, 1, 1, 1, 1,
         1, 1, 1, 1, 1, 1, 1, 1, 1, 1, 1, 1, 1, 1, 1, 1, 1, 1, 1, 1, 1, 1, 1, 1,
         1, 1, 1, 1, 1, 1, 1, 1, 1, 1, 1, 1, 1, 1, 1, 1, 1, 1, 1, 1, 1, 1, 1, 1,
         1, 1, 1, 1, 1, 1]], device='cuda:0') attnshape torch.Size([3, 174])
output logit tensor([[[ 2.7500,  1.1406, -0.8203,  ..., -6.1562, -6.1562, -6.1562]],

        [[ 2.7500,  1.1406, -0.8203,  ..., -6.1562, -6.1562, -6.1562]],

        [[ 2.7500,  1.1406, -0.8203,  ..., -6.1562, -6.1562, -6.1562]]],
       device='cuda:0', dtype=torch.bfloat16)
input_ids: torch.Size([3, 1]) cache_seqlens tensor([175, 175, 175], device='cuda:0', dtype=torch.int32) cache_position tensor([174, 174, 174], device='cuda:0') position_ids tensor([[174],
        [174],
        [174]], device='cuda:0') attention_mask tensor([[1, 1, 1, 1, 1, 1, 1, 1, 1, 1, 1, 1, 1, 1, 1, 1, 1, 1, 1, 1, 1, 1, 1, 1,
         1, 1, 1, 1, 1, 1, 1, 1, 1, 1, 1, 1, 1, 1, 1, 1, 1, 1, 1, 1, 1, 1, 1, 1,
         1, 1, 1, 1, 1, 1, 1, 1, 1, 1, 1, 1, 1, 1, 1, 1, 1, 1, 1, 1, 1, 1, 1, 1,
         1, 1, 1, 1, 1, 1, 1, 1, 1, 1, 1, 1, 1, 1, 1, 1, 1, 1, 1, 1, 1, 1, 1, 1,
         1, 1, 1, 1, 1, 1, 1, 1, 1, 1, 1, 1, 1, 1, 1, 1, 1, 1, 1, 1, 1, 1, 1, 1,
         1, 1, 1, 1, 1, 1, 1, 1, 1, 1, 1, 1, 1, 1, 1, 1, 1, 1, 1, 1, 1, 1, 1, 1,
         1, 1, 1, 1, 1, 1, 1, 1, 1, 1, 1, 1, 1, 1, 1, 1, 1, 1, 1, 1, 1, 1, 1, 1,
         1, 1, 1, 1, 1, 1, 1],
        [1, 1, 1, 1, 1, 1, 1, 1, 1, 1, 1, 1, 1, 1, 1, 1, 1, 1, 1, 1, 1, 1, 1, 1,
         1, 1, 1, 1, 1, 1, 1, 1, 1, 1, 1, 1, 1, 1, 1, 1, 1, 1, 1, 1, 1, 1, 1, 1,
         1, 1, 1, 1, 1, 1, 1, 1, 1, 1, 1, 1, 1, 1, 1, 1, 1, 1, 1, 1, 1, 1, 1, 1,
         1, 1, 1, 1, 1, 1, 1, 1, 1, 1, 1, 1, 1, 1, 1, 1, 1, 1, 1, 1, 1, 1, 1, 1,
         1, 1, 1, 1, 1, 1, 1, 1, 1, 1, 1, 1, 1, 1, 1, 1, 1, 1, 1, 1, 1, 1, 1, 1,
         1, 1, 1, 1, 1, 1, 1, 1, 1, 1, 1, 1, 1, 1, 1, 1, 1, 1, 1, 1, 1, 1, 1, 1,
         1, 1, 1, 1, 1, 1, 1, 1, 1, 1, 1, 1, 1, 1, 1, 1, 1, 1, 1, 1, 1, 1, 1, 1,
         1, 1, 1, 1, 1, 1, 1],
        [1, 1, 1, 1, 1, 1, 1, 1, 1, 1, 1, 1, 1, 1, 1, 1, 1, 1, 1, 1, 1, 1, 1, 1,
         1, 1, 1, 1, 1, 1, 1, 1, 1, 1, 1, 1, 1, 1, 1, 1, 1, 1, 1, 1, 1, 1, 1, 1,
         1, 1, 1, 1, 1, 1, 1, 1, 1, 1, 1, 1, 1, 1, 1, 1, 1, 1, 1, 1, 1, 1, 1, 1,
         1, 1, 1, 1, 1, 1, 1, 1, 1, 1, 1, 1, 1, 1, 1, 1, 1, 1, 1, 1, 1, 1, 1, 1,
         1, 1, 1, 1, 1, 1, 1, 1, 1, 1, 1, 1, 1, 1, 1, 1, 1, 1, 1, 1, 1, 1, 1, 1,
         1, 1, 1, 1, 1, 1, 1, 1, 1, 1, 1, 1, 1, 1, 1, 1, 1, 1, 1, 1, 1, 1, 1, 1,
         1, 1, 1, 1, 1, 1, 1, 1, 1, 1, 1, 1, 1, 1, 1, 1, 1, 1, 1, 1, 1, 1, 1, 1,
         1, 1, 1, 1, 1, 1, 1]], device='cuda:0') attnshape torch.Size([3, 175])
output logit tensor([[[ 4.4688,  2.6250,  1.2734,  ..., -4.1250, -4.1250, -4.1250]],

        [[ 4.4688,  2.6250,  1.2734,  ..., -4.1250, -4.1250, -4.1250]],

        [[ 4.4688,  2.6250,  1.2734,  ..., -4.1250, -4.1250, -4.1250]]],
       device='cuda:0', dtype=torch.bfloat16)
input_ids: torch.Size([3, 1]) cache_seqlens tensor([176, 176, 176], device='cuda:0', dtype=torch.int32) cache_position tensor([175, 175, 175], device='cuda:0') position_ids tensor([[175],
        [175],
        [175]], device='cuda:0') attention_mask tensor([[1, 1, 1, 1, 1, 1, 1, 1, 1, 1, 1, 1, 1, 1, 1, 1, 1, 1, 1, 1, 1, 1, 1, 1,
         1, 1, 1, 1, 1, 1, 1, 1, 1, 1, 1, 1, 1, 1, 1, 1, 1, 1, 1, 1, 1, 1, 1, 1,
         1, 1, 1, 1, 1, 1, 1, 1, 1, 1, 1, 1, 1, 1, 1, 1, 1, 1, 1, 1, 1, 1, 1, 1,
         1, 1, 1, 1, 1, 1, 1, 1, 1, 1, 1, 1, 1, 1, 1, 1, 1, 1, 1, 1, 1, 1, 1, 1,
         1, 1, 1, 1, 1, 1, 1, 1, 1, 1, 1, 1, 1, 1, 1, 1, 1, 1, 1, 1, 1, 1, 1, 1,
         1, 1, 1, 1, 1, 1, 1, 1, 1, 1, 1, 1, 1, 1, 1, 1, 1, 1, 1, 1, 1, 1, 1, 1,
         1, 1, 1, 1, 1, 1, 1, 1, 1, 1, 1, 1, 1, 1, 1, 1, 1, 1, 1, 1, 1, 1, 1, 1,
         1, 1, 1, 1, 1, 1, 1, 1],
        [1, 1, 1, 1, 1, 1, 1, 1, 1, 1, 1, 1, 1, 1, 1, 1, 1, 1, 1, 1, 1, 1, 1, 1,
         1, 1, 1, 1, 1, 1, 1, 1, 1, 1, 1, 1, 1, 1, 1, 1, 1, 1, 1, 1, 1, 1, 1, 1,
         1, 1, 1, 1, 1, 1, 1, 1, 1, 1, 1, 1, 1, 1, 1, 1, 1, 1, 1, 1, 1, 1, 1, 1,
         1, 1, 1, 1, 1, 1, 1, 1, 1, 1, 1, 1, 1, 1, 1, 1, 1, 1, 1, 1, 1, 1, 1, 1,
         1, 1, 1, 1, 1, 1, 1, 1, 1, 1, 1, 1, 1, 1, 1, 1, 1, 1, 1, 1, 1, 1, 1, 1,
         1, 1, 1, 1, 1, 1, 1, 1, 1, 1, 1, 1, 1, 1, 1, 1, 1, 1, 1, 1, 1, 1, 1, 1,
         1, 1, 1, 1, 1, 1, 1, 1, 1, 1, 1, 1, 1, 1, 1, 1, 1, 1, 1, 1, 1, 1, 1, 1,
         1, 1, 1, 1, 1, 1, 1, 1],
        [1, 1, 1, 1, 1, 1, 1, 1, 1, 1, 1, 1, 1, 1, 1, 1, 1, 1, 1, 1, 1, 1, 1, 1,
         1, 1, 1, 1, 1, 1, 1, 1, 1, 1, 1, 1, 1, 1, 1, 1, 1, 1, 1, 1, 1, 1, 1, 1,
         1, 1, 1, 1, 1, 1, 1, 1, 1, 1, 1, 1, 1, 1, 1, 1, 1, 1, 1, 1, 1, 1, 1, 1,
         1, 1, 1, 1, 1, 1, 1, 1, 1, 1, 1, 1, 1, 1, 1, 1, 1, 1, 1, 1, 1, 1, 1, 1,
         1, 1, 1, 1, 1, 1, 1, 1, 1, 1, 1, 1, 1, 1, 1, 1, 1, 1, 1, 1, 1, 1, 1, 1,
         1, 1, 1, 1, 1, 1, 1, 1, 1, 1, 1, 1, 1, 1, 1, 1, 1, 1, 1, 1, 1, 1, 1, 1,
         1, 1, 1, 1, 1, 1, 1, 1, 1, 1, 1, 1, 1, 1, 1, 1, 1, 1, 1, 1, 1, 1, 1, 1,
         1, 1, 1, 1, 1, 1, 1, 1]], device='cuda:0') attnshape torch.Size([3, 176])
output logit tensor([[[ 6.0000,  2.8281,  3.5312,  ..., -7.1562, -7.1562, -7.1562]],

        [[ 6.0000,  2.8281,  3.5312,  ..., -7.1562, -7.1562, -7.1562]],

        [[ 6.0000,  2.8281,  3.5312,  ..., -7.1562, -7.1562, -7.1562]]],
       device='cuda:0', dtype=torch.bfloat16)
input_ids: torch.Size([3, 1]) cache_seqlens tensor([177, 177, 177], device='cuda:0', dtype=torch.int32) cache_position tensor([176, 176, 176], device='cuda:0') position_ids tensor([[176],
        [176],
        [176]], device='cuda:0') attention_mask tensor([[1, 1, 1, 1, 1, 1, 1, 1, 1, 1, 1, 1, 1, 1, 1, 1, 1, 1, 1, 1, 1, 1, 1, 1,
         1, 1, 1, 1, 1, 1, 1, 1, 1, 1, 1, 1, 1, 1, 1, 1, 1, 1, 1, 1, 1, 1, 1, 1,
         1, 1, 1, 1, 1, 1, 1, 1, 1, 1, 1, 1, 1, 1, 1, 1, 1, 1, 1, 1, 1, 1, 1, 1,
         1, 1, 1, 1, 1, 1, 1, 1, 1, 1, 1, 1, 1, 1, 1, 1, 1, 1, 1, 1, 1, 1, 1, 1,
         1, 1, 1, 1, 1, 1, 1, 1, 1, 1, 1, 1, 1, 1, 1, 1, 1, 1, 1, 1, 1, 1, 1, 1,
         1, 1, 1, 1, 1, 1, 1, 1, 1, 1, 1, 1, 1, 1, 1, 1, 1, 1, 1, 1, 1, 1, 1, 1,
         1, 1, 1, 1, 1, 1, 1, 1, 1, 1, 1, 1, 1, 1, 1, 1, 1, 1, 1, 1, 1, 1, 1, 1,
         1, 1, 1, 1, 1, 1, 1, 1, 1],
        [1, 1, 1, 1, 1, 1, 1, 1, 1, 1, 1, 1, 1, 1, 1, 1, 1, 1, 1, 1, 1, 1, 1, 1,
         1, 1, 1, 1, 1, 1, 1, 1, 1, 1, 1, 1, 1, 1, 1, 1, 1, 1, 1, 1, 1, 1, 1, 1,
         1, 1, 1, 1, 1, 1, 1, 1, 1, 1, 1, 1, 1, 1, 1, 1, 1, 1, 1, 1, 1, 1, 1, 1,
         1, 1, 1, 1, 1, 1, 1, 1, 1, 1, 1, 1, 1, 1, 1, 1, 1, 1, 1, 1, 1, 1, 1, 1,
         1, 1, 1, 1, 1, 1, 1, 1, 1, 1, 1, 1, 1, 1, 1, 1, 1, 1, 1, 1, 1, 1, 1, 1,
         1, 1, 1, 1, 1, 1, 1, 1, 1, 1, 1, 1, 1, 1, 1, 1, 1, 1, 1, 1, 1, 1, 1, 1,
         1, 1, 1, 1, 1, 1, 1, 1, 1, 1, 1, 1, 1, 1, 1, 1, 1, 1, 1, 1, 1, 1, 1, 1,
         1, 1, 1, 1, 1, 1, 1, 1, 1],
        [1, 1, 1, 1, 1, 1, 1, 1, 1, 1, 1, 1, 1, 1, 1, 1, 1, 1, 1, 1, 1, 1, 1, 1,
         1, 1, 1, 1, 1, 1, 1, 1, 1, 1, 1, 1, 1, 1, 1, 1, 1, 1, 1, 1, 1, 1, 1, 1,
         1, 1, 1, 1, 1, 1, 1, 1, 1, 1, 1, 1, 1, 1, 1, 1, 1, 1, 1, 1, 1, 1, 1, 1,
         1, 1, 1, 1, 1, 1, 1, 1, 1, 1, 1, 1, 1, 1, 1, 1, 1, 1, 1, 1, 1, 1, 1, 1,
         1, 1, 1, 1, 1, 1, 1, 1, 1, 1, 1, 1, 1, 1, 1, 1, 1, 1, 1, 1, 1, 1, 1, 1,
         1, 1, 1, 1, 1, 1, 1, 1, 1, 1, 1, 1, 1, 1, 1, 1, 1, 1, 1, 1, 1, 1, 1, 1,
         1, 1, 1, 1, 1, 1, 1, 1, 1, 1, 1, 1, 1, 1, 1, 1, 1, 1, 1, 1, 1, 1, 1, 1,
         1, 1, 1, 1, 1, 1, 1, 1, 1]], device='cuda:0') attnshape torch.Size([3, 177])
output logit tensor([[[ 3.7969,  1.1562, -2.7344,  ..., -4.4375, -4.4375, -4.4375]],

        [[ 3.7969,  1.1562, -2.7344,  ..., -4.4375, -4.4375, -4.4375]],

        [[ 3.7969,  1.1562, -2.7344,  ..., -4.4375, -4.4375, -4.4375]]],
       device='cuda:0', dtype=torch.bfloat16)
input_ids: torch.Size([3, 1]) cache_seqlens tensor([178, 178, 178], device='cuda:0', dtype=torch.int32) cache_position tensor([177, 177, 177], device='cuda:0') position_ids tensor([[177],
        [177],
        [177]], device='cuda:0') attention_mask tensor([[1, 1, 1, 1, 1, 1, 1, 1, 1, 1, 1, 1, 1, 1, 1, 1, 1, 1, 1, 1, 1, 1, 1, 1,
         1, 1, 1, 1, 1, 1, 1, 1, 1, 1, 1, 1, 1, 1, 1, 1, 1, 1, 1, 1, 1, 1, 1, 1,
         1, 1, 1, 1, 1, 1, 1, 1, 1, 1, 1, 1, 1, 1, 1, 1, 1, 1, 1, 1, 1, 1, 1, 1,
         1, 1, 1, 1, 1, 1, 1, 1, 1, 1, 1, 1, 1, 1, 1, 1, 1, 1, 1, 1, 1, 1, 1, 1,
         1, 1, 1, 1, 1, 1, 1, 1, 1, 1, 1, 1, 1, 1, 1, 1, 1, 1, 1, 1, 1, 1, 1, 1,
         1, 1, 1, 1, 1, 1, 1, 1, 1, 1, 1, 1, 1, 1, 1, 1, 1, 1, 1, 1, 1, 1, 1, 1,
         1, 1, 1, 1, 1, 1, 1, 1, 1, 1, 1, 1, 1, 1, 1, 1, 1, 1, 1, 1, 1, 1, 1, 1,
         1, 1, 1, 1, 1, 1, 1, 1, 1, 1],
        [1, 1, 1, 1, 1, 1, 1, 1, 1, 1, 1, 1, 1, 1, 1, 1, 1, 1, 1, 1, 1, 1, 1, 1,
         1, 1, 1, 1, 1, 1, 1, 1, 1, 1, 1, 1, 1, 1, 1, 1, 1, 1, 1, 1, 1, 1, 1, 1,
         1, 1, 1, 1, 1, 1, 1, 1, 1, 1, 1, 1, 1, 1, 1, 1, 1, 1, 1, 1, 1, 1, 1, 1,
         1, 1, 1, 1, 1, 1, 1, 1, 1, 1, 1, 1, 1, 1, 1, 1, 1, 1, 1, 1, 1, 1, 1, 1,
         1, 1, 1, 1, 1, 1, 1, 1, 1, 1, 1, 1, 1, 1, 1, 1, 1, 1, 1, 1, 1, 1, 1, 1,
         1, 1, 1, 1, 1, 1, 1, 1, 1, 1, 1, 1, 1, 1, 1, 1, 1, 1, 1, 1, 1, 1, 1, 1,
         1, 1, 1, 1, 1, 1, 1, 1, 1, 1, 1, 1, 1, 1, 1, 1, 1, 1, 1, 1, 1, 1, 1, 1,
         1, 1, 1, 1, 1, 1, 1, 1, 1, 1],
        [1, 1, 1, 1, 1, 1, 1, 1, 1, 1, 1, 1, 1, 1, 1, 1, 1, 1, 1, 1, 1, 1, 1, 1,
         1, 1, 1, 1, 1, 1, 1, 1, 1, 1, 1, 1, 1, 1, 1, 1, 1, 1, 1, 1, 1, 1, 1, 1,
         1, 1, 1, 1, 1, 1, 1, 1, 1, 1, 1, 1, 1, 1, 1, 1, 1, 1, 1, 1, 1, 1, 1, 1,
         1, 1, 1, 1, 1, 1, 1, 1, 1, 1, 1, 1, 1, 1, 1, 1, 1, 1, 1, 1, 1, 1, 1, 1,
         1, 1, 1, 1, 1, 1, 1, 1, 1, 1, 1, 1, 1, 1, 1, 1, 1, 1, 1, 1, 1, 1, 1, 1,
         1, 1, 1, 1, 1, 1, 1, 1, 1, 1, 1, 1, 1, 1, 1, 1, 1, 1, 1, 1, 1, 1, 1, 1,
         1, 1, 1, 1, 1, 1, 1, 1, 1, 1, 1, 1, 1, 1, 1, 1, 1, 1, 1, 1, 1, 1, 1, 1,
         1, 1, 1, 1, 1, 1, 1, 1, 1, 1]], device='cuda:0') attnshape torch.Size([3, 178])
output logit tensor([[[ 5.9062,  0.2871, -0.3867,  ..., -3.9219, -3.9219, -3.9219]],

        [[ 5.9062,  0.2871, -0.3867,  ..., -3.9219, -3.9219, -3.9219]],

        [[ 5.9062,  0.2871, -0.3867,  ..., -3.9219, -3.9219, -3.9219]]],
       device='cuda:0', dtype=torch.bfloat16)
input_ids: torch.Size([3, 1]) cache_seqlens tensor([179, 179, 179], device='cuda:0', dtype=torch.int32) cache_position tensor([178, 178, 178], device='cuda:0') position_ids tensor([[178],
        [178],
        [178]], device='cuda:0') attention_mask tensor([[1, 1, 1, 1, 1, 1, 1, 1, 1, 1, 1, 1, 1, 1, 1, 1, 1, 1, 1, 1, 1, 1, 1, 1,
         1, 1, 1, 1, 1, 1, 1, 1, 1, 1, 1, 1, 1, 1, 1, 1, 1, 1, 1, 1, 1, 1, 1, 1,
         1, 1, 1, 1, 1, 1, 1, 1, 1, 1, 1, 1, 1, 1, 1, 1, 1, 1, 1, 1, 1, 1, 1, 1,
         1, 1, 1, 1, 1, 1, 1, 1, 1, 1, 1, 1, 1, 1, 1, 1, 1, 1, 1, 1, 1, 1, 1, 1,
         1, 1, 1, 1, 1, 1, 1, 1, 1, 1, 1, 1, 1, 1, 1, 1, 1, 1, 1, 1, 1, 1, 1, 1,
         1, 1, 1, 1, 1, 1, 1, 1, 1, 1, 1, 1, 1, 1, 1, 1, 1, 1, 1, 1, 1, 1, 1, 1,
         1, 1, 1, 1, 1, 1, 1, 1, 1, 1, 1, 1, 1, 1, 1, 1, 1, 1, 1, 1, 1, 1, 1, 1,
         1, 1, 1, 1, 1, 1, 1, 1, 1, 1, 1],
        [1, 1, 1, 1, 1, 1, 1, 1, 1, 1, 1, 1, 1, 1, 1, 1, 1, 1, 1, 1, 1, 1, 1, 1,
         1, 1, 1, 1, 1, 1, 1, 1, 1, 1, 1, 1, 1, 1, 1, 1, 1, 1, 1, 1, 1, 1, 1, 1,
         1, 1, 1, 1, 1, 1, 1, 1, 1, 1, 1, 1, 1, 1, 1, 1, 1, 1, 1, 1, 1, 1, 1, 1,
         1, 1, 1, 1, 1, 1, 1, 1, 1, 1, 1, 1, 1, 1, 1, 1, 1, 1, 1, 1, 1, 1, 1, 1,
         1, 1, 1, 1, 1, 1, 1, 1, 1, 1, 1, 1, 1, 1, 1, 1, 1, 1, 1, 1, 1, 1, 1, 1,
         1, 1, 1, 1, 1, 1, 1, 1, 1, 1, 1, 1, 1, 1, 1, 1, 1, 1, 1, 1, 1, 1, 1, 1,
         1, 1, 1, 1, 1, 1, 1, 1, 1, 1, 1, 1, 1, 1, 1, 1, 1, 1, 1, 1, 1, 1, 1, 1,
         1, 1, 1, 1, 1, 1, 1, 1, 1, 1, 1],
        [1, 1, 1, 1, 1, 1, 1, 1, 1, 1, 1, 1, 1, 1, 1, 1, 1, 1, 1, 1, 1, 1, 1, 1,
         1, 1, 1, 1, 1, 1, 1, 1, 1, 1, 1, 1, 1, 1, 1, 1, 1, 1, 1, 1, 1, 1, 1, 1,
         1, 1, 1, 1, 1, 1, 1, 1, 1, 1, 1, 1, 1, 1, 1, 1, 1, 1, 1, 1, 1, 1, 1, 1,
         1, 1, 1, 1, 1, 1, 1, 1, 1, 1, 1, 1, 1, 1, 1, 1, 1, 1, 1, 1, 1, 1, 1, 1,
         1, 1, 1, 1, 1, 1, 1, 1, 1, 1, 1, 1, 1, 1, 1, 1, 1, 1, 1, 1, 1, 1, 1, 1,
         1, 1, 1, 1, 1, 1, 1, 1, 1, 1, 1, 1, 1, 1, 1, 1, 1, 1, 1, 1, 1, 1, 1, 1,
         1, 1, 1, 1, 1, 1, 1, 1, 1, 1, 1, 1, 1, 1, 1, 1, 1, 1, 1, 1, 1, 1, 1, 1,
         1, 1, 1, 1, 1, 1, 1, 1, 1, 1, 1]], device='cuda:0') attnshape torch.Size([3, 179])
output logit tensor([[[ 3.8906,  1.4219, -0.2832,  ..., -7.0000, -7.0000, -7.0000]],

        [[ 3.8906,  1.4219, -0.2832,  ..., -7.0000, -7.0000, -7.0000]],

        [[ 3.8906,  1.4219, -0.2832,  ..., -7.0000, -7.0000, -7.0000]]],
       device='cuda:0', dtype=torch.bfloat16)
input_ids: torch.Size([3, 1]) cache_seqlens tensor([180, 180, 180], device='cuda:0', dtype=torch.int32) cache_position tensor([179, 179, 179], device='cuda:0') position_ids tensor([[179],
        [179],
        [179]], device='cuda:0') attention_mask tensor([[1, 1, 1, 1, 1, 1, 1, 1, 1, 1, 1, 1, 1, 1, 1, 1, 1, 1, 1, 1, 1, 1, 1, 1,
         1, 1, 1, 1, 1, 1, 1, 1, 1, 1, 1, 1, 1, 1, 1, 1, 1, 1, 1, 1, 1, 1, 1, 1,
         1, 1, 1, 1, 1, 1, 1, 1, 1, 1, 1, 1, 1, 1, 1, 1, 1, 1, 1, 1, 1, 1, 1, 1,
         1, 1, 1, 1, 1, 1, 1, 1, 1, 1, 1, 1, 1, 1, 1, 1, 1, 1, 1, 1, 1, 1, 1, 1,
         1, 1, 1, 1, 1, 1, 1, 1, 1, 1, 1, 1, 1, 1, 1, 1, 1, 1, 1, 1, 1, 1, 1, 1,
         1, 1, 1, 1, 1, 1, 1, 1, 1, 1, 1, 1, 1, 1, 1, 1, 1, 1, 1, 1, 1, 1, 1, 1,
         1, 1, 1, 1, 1, 1, 1, 1, 1, 1, 1, 1, 1, 1, 1, 1, 1, 1, 1, 1, 1, 1, 1, 1,
         1, 1, 1, 1, 1, 1, 1, 1, 1, 1, 1, 1],
        [1, 1, 1, 1, 1, 1, 1, 1, 1, 1, 1, 1, 1, 1, 1, 1, 1, 1, 1, 1, 1, 1, 1, 1,
         1, 1, 1, 1, 1, 1, 1, 1, 1, 1, 1, 1, 1, 1, 1, 1, 1, 1, 1, 1, 1, 1, 1, 1,
         1, 1, 1, 1, 1, 1, 1, 1, 1, 1, 1, 1, 1, 1, 1, 1, 1, 1, 1, 1, 1, 1, 1, 1,
         1, 1, 1, 1, 1, 1, 1, 1, 1, 1, 1, 1, 1, 1, 1, 1, 1, 1, 1, 1, 1, 1, 1, 1,
         1, 1, 1, 1, 1, 1, 1, 1, 1, 1, 1, 1, 1, 1, 1, 1, 1, 1, 1, 1, 1, 1, 1, 1,
         1, 1, 1, 1, 1, 1, 1, 1, 1, 1, 1, 1, 1, 1, 1, 1, 1, 1, 1, 1, 1, 1, 1, 1,
         1, 1, 1, 1, 1, 1, 1, 1, 1, 1, 1, 1, 1, 1, 1, 1, 1, 1, 1, 1, 1, 1, 1, 1,
         1, 1, 1, 1, 1, 1, 1, 1, 1, 1, 1, 1],
        [1, 1, 1, 1, 1, 1, 1, 1, 1, 1, 1, 1, 1, 1, 1, 1, 1, 1, 1, 1, 1, 1, 1, 1,
         1, 1, 1, 1, 1, 1, 1, 1, 1, 1, 1, 1, 1, 1, 1, 1, 1, 1, 1, 1, 1, 1, 1, 1,
         1, 1, 1, 1, 1, 1, 1, 1, 1, 1, 1, 1, 1, 1, 1, 1, 1, 1, 1, 1, 1, 1, 1, 1,
         1, 1, 1, 1, 1, 1, 1, 1, 1, 1, 1, 1, 1, 1, 1, 1, 1, 1, 1, 1, 1, 1, 1, 1,
         1, 1, 1, 1, 1, 1, 1, 1, 1, 1, 1, 1, 1, 1, 1, 1, 1, 1, 1, 1, 1, 1, 1, 1,
         1, 1, 1, 1, 1, 1, 1, 1, 1, 1, 1, 1, 1, 1, 1, 1, 1, 1, 1, 1, 1, 1, 1, 1,
         1, 1, 1, 1, 1, 1, 1, 1, 1, 1, 1, 1, 1, 1, 1, 1, 1, 1, 1, 1, 1, 1, 1, 1,
         1, 1, 1, 1, 1, 1, 1, 1, 1, 1, 1, 1]], device='cuda:0') attnshape torch.Size([3, 180])
output logit tensor([[[ 4.8438,  3.1719,  0.4941,  ..., -4.5000, -4.5000, -4.5000]],

        [[ 4.8438,  3.1719,  0.4941,  ..., -4.5000, -4.5000, -4.5000]],

        [[ 4.8438,  3.1719,  0.4941,  ..., -4.5000, -4.5000, -4.5000]]],
       device='cuda:0', dtype=torch.bfloat16)
input_ids: torch.Size([3, 1]) cache_seqlens tensor([181, 181, 181], device='cuda:0', dtype=torch.int32) cache_position tensor([180, 180, 180], device='cuda:0') position_ids tensor([[180],
        [180],
        [180]], device='cuda:0') attention_mask tensor([[1, 1, 1, 1, 1, 1, 1, 1, 1, 1, 1, 1, 1, 1, 1, 1, 1, 1, 1, 1, 1, 1, 1, 1,
         1, 1, 1, 1, 1, 1, 1, 1, 1, 1, 1, 1, 1, 1, 1, 1, 1, 1, 1, 1, 1, 1, 1, 1,
         1, 1, 1, 1, 1, 1, 1, 1, 1, 1, 1, 1, 1, 1, 1, 1, 1, 1, 1, 1, 1, 1, 1, 1,
         1, 1, 1, 1, 1, 1, 1, 1, 1, 1, 1, 1, 1, 1, 1, 1, 1, 1, 1, 1, 1, 1, 1, 1,
         1, 1, 1, 1, 1, 1, 1, 1, 1, 1, 1, 1, 1, 1, 1, 1, 1, 1, 1, 1, 1, 1, 1, 1,
         1, 1, 1, 1, 1, 1, 1, 1, 1, 1, 1, 1, 1, 1, 1, 1, 1, 1, 1, 1, 1, 1, 1, 1,
         1, 1, 1, 1, 1, 1, 1, 1, 1, 1, 1, 1, 1, 1, 1, 1, 1, 1, 1, 1, 1, 1, 1, 1,
         1, 1, 1, 1, 1, 1, 1, 1, 1, 1, 1, 1, 1],
        [1, 1, 1, 1, 1, 1, 1, 1, 1, 1, 1, 1, 1, 1, 1, 1, 1, 1, 1, 1, 1, 1, 1, 1,
         1, 1, 1, 1, 1, 1, 1, 1, 1, 1, 1, 1, 1, 1, 1, 1, 1, 1, 1, 1, 1, 1, 1, 1,
         1, 1, 1, 1, 1, 1, 1, 1, 1, 1, 1, 1, 1, 1, 1, 1, 1, 1, 1, 1, 1, 1, 1, 1,
         1, 1, 1, 1, 1, 1, 1, 1, 1, 1, 1, 1, 1, 1, 1, 1, 1, 1, 1, 1, 1, 1, 1, 1,
         1, 1, 1, 1, 1, 1, 1, 1, 1, 1, 1, 1, 1, 1, 1, 1, 1, 1, 1, 1, 1, 1, 1, 1,
         1, 1, 1, 1, 1, 1, 1, 1, 1, 1, 1, 1, 1, 1, 1, 1, 1, 1, 1, 1, 1, 1, 1, 1,
         1, 1, 1, 1, 1, 1, 1, 1, 1, 1, 1, 1, 1, 1, 1, 1, 1, 1, 1, 1, 1, 1, 1, 1,
         1, 1, 1, 1, 1, 1, 1, 1, 1, 1, 1, 1, 1],
        [1, 1, 1, 1, 1, 1, 1, 1, 1, 1, 1, 1, 1, 1, 1, 1, 1, 1, 1, 1, 1, 1, 1, 1,
         1, 1, 1, 1, 1, 1, 1, 1, 1, 1, 1, 1, 1, 1, 1, 1, 1, 1, 1, 1, 1, 1, 1, 1,
         1, 1, 1, 1, 1, 1, 1, 1, 1, 1, 1, 1, 1, 1, 1, 1, 1, 1, 1, 1, 1, 1, 1, 1,
         1, 1, 1, 1, 1, 1, 1, 1, 1, 1, 1, 1, 1, 1, 1, 1, 1, 1, 1, 1, 1, 1, 1, 1,
         1, 1, 1, 1, 1, 1, 1, 1, 1, 1, 1, 1, 1, 1, 1, 1, 1, 1, 1, 1, 1, 1, 1, 1,
         1, 1, 1, 1, 1, 1, 1, 1, 1, 1, 1, 1, 1, 1, 1, 1, 1, 1, 1, 1, 1, 1, 1, 1,
         1, 1, 1, 1, 1, 1, 1, 1, 1, 1, 1, 1, 1, 1, 1, 1, 1, 1, 1, 1, 1, 1, 1, 1,
         1, 1, 1, 1, 1, 1, 1, 1, 1, 1, 1, 1, 1]], device='cuda:0') attnshape torch.Size([3, 181])
output logit tensor([[[ 3.0156,  1.1875, -2.7031,  ..., -6.1562, -6.1562, -6.1562]],

        [[ 3.0156,  1.1875, -2.7031,  ..., -6.1562, -6.1562, -6.1562]],

        [[ 3.0156,  1.1875, -2.7031,  ..., -6.1562, -6.1562, -6.1562]]],
       device='cuda:0', dtype=torch.bfloat16)
input_ids: torch.Size([3, 1]) cache_seqlens tensor([182, 182, 182], device='cuda:0', dtype=torch.int32) cache_position tensor([181, 181, 181], device='cuda:0') position_ids tensor([[181],
        [181],
        [181]], device='cuda:0') attention_mask tensor([[1, 1, 1, 1, 1, 1, 1, 1, 1, 1, 1, 1, 1, 1, 1, 1, 1, 1, 1, 1, 1, 1, 1, 1,
         1, 1, 1, 1, 1, 1, 1, 1, 1, 1, 1, 1, 1, 1, 1, 1, 1, 1, 1, 1, 1, 1, 1, 1,
         1, 1, 1, 1, 1, 1, 1, 1, 1, 1, 1, 1, 1, 1, 1, 1, 1, 1, 1, 1, 1, 1, 1, 1,
         1, 1, 1, 1, 1, 1, 1, 1, 1, 1, 1, 1, 1, 1, 1, 1, 1, 1, 1, 1, 1, 1, 1, 1,
         1, 1, 1, 1, 1, 1, 1, 1, 1, 1, 1, 1, 1, 1, 1, 1, 1, 1, 1, 1, 1, 1, 1, 1,
         1, 1, 1, 1, 1, 1, 1, 1, 1, 1, 1, 1, 1, 1, 1, 1, 1, 1, 1, 1, 1, 1, 1, 1,
         1, 1, 1, 1, 1, 1, 1, 1, 1, 1, 1, 1, 1, 1, 1, 1, 1, 1, 1, 1, 1, 1, 1, 1,
         1, 1, 1, 1, 1, 1, 1, 1, 1, 1, 1, 1, 1, 1],
        [1, 1, 1, 1, 1, 1, 1, 1, 1, 1, 1, 1, 1, 1, 1, 1, 1, 1, 1, 1, 1, 1, 1, 1,
         1, 1, 1, 1, 1, 1, 1, 1, 1, 1, 1, 1, 1, 1, 1, 1, 1, 1, 1, 1, 1, 1, 1, 1,
         1, 1, 1, 1, 1, 1, 1, 1, 1, 1, 1, 1, 1, 1, 1, 1, 1, 1, 1, 1, 1, 1, 1, 1,
         1, 1, 1, 1, 1, 1, 1, 1, 1, 1, 1, 1, 1, 1, 1, 1, 1, 1, 1, 1, 1, 1, 1, 1,
         1, 1, 1, 1, 1, 1, 1, 1, 1, 1, 1, 1, 1, 1, 1, 1, 1, 1, 1, 1, 1, 1, 1, 1,
         1, 1, 1, 1, 1, 1, 1, 1, 1, 1, 1, 1, 1, 1, 1, 1, 1, 1, 1, 1, 1, 1, 1, 1,
         1, 1, 1, 1, 1, 1, 1, 1, 1, 1, 1, 1, 1, 1, 1, 1, 1, 1, 1, 1, 1, 1, 1, 1,
         1, 1, 1, 1, 1, 1, 1, 1, 1, 1, 1, 1, 1, 1],
        [1, 1, 1, 1, 1, 1, 1, 1, 1, 1, 1, 1, 1, 1, 1, 1, 1, 1, 1, 1, 1, 1, 1, 1,
         1, 1, 1, 1, 1, 1, 1, 1, 1, 1, 1, 1, 1, 1, 1, 1, 1, 1, 1, 1, 1, 1, 1, 1,
         1, 1, 1, 1, 1, 1, 1, 1, 1, 1, 1, 1, 1, 1, 1, 1, 1, 1, 1, 1, 1, 1, 1, 1,
         1, 1, 1, 1, 1, 1, 1, 1, 1, 1, 1, 1, 1, 1, 1, 1, 1, 1, 1, 1, 1, 1, 1, 1,
         1, 1, 1, 1, 1, 1, 1, 1, 1, 1, 1, 1, 1, 1, 1, 1, 1, 1, 1, 1, 1, 1, 1, 1,
         1, 1, 1, 1, 1, 1, 1, 1, 1, 1, 1, 1, 1, 1, 1, 1, 1, 1, 1, 1, 1, 1, 1, 1,
         1, 1, 1, 1, 1, 1, 1, 1, 1, 1, 1, 1, 1, 1, 1, 1, 1, 1, 1, 1, 1, 1, 1, 1,
         1, 1, 1, 1, 1, 1, 1, 1, 1, 1, 1, 1, 1, 1]], device='cuda:0') attnshape torch.Size([3, 182])
output logit tensor([[[ 5.1875,  2.1719, -2.5469,  ..., -6.9375, -6.9375, -6.9375]],

        [[ 5.1875,  2.1719, -2.5469,  ..., -6.9375, -6.9375, -6.9375]],

        [[ 5.1875,  2.1719, -2.5469,  ..., -6.9375, -6.9375, -6.9375]]],
       device='cuda:0', dtype=torch.bfloat16)
input_ids: torch.Size([3, 1]) cache_seqlens tensor([183, 183, 183], device='cuda:0', dtype=torch.int32) cache_position tensor([182, 182, 182], device='cuda:0') position_ids tensor([[182],
        [182],
        [182]], device='cuda:0') attention_mask tensor([[1, 1, 1, 1, 1, 1, 1, 1, 1, 1, 1, 1, 1, 1, 1, 1, 1, 1, 1, 1, 1, 1, 1, 1,
         1, 1, 1, 1, 1, 1, 1, 1, 1, 1, 1, 1, 1, 1, 1, 1, 1, 1, 1, 1, 1, 1, 1, 1,
         1, 1, 1, 1, 1, 1, 1, 1, 1, 1, 1, 1, 1, 1, 1, 1, 1, 1, 1, 1, 1, 1, 1, 1,
         1, 1, 1, 1, 1, 1, 1, 1, 1, 1, 1, 1, 1, 1, 1, 1, 1, 1, 1, 1, 1, 1, 1, 1,
         1, 1, 1, 1, 1, 1, 1, 1, 1, 1, 1, 1, 1, 1, 1, 1, 1, 1, 1, 1, 1, 1, 1, 1,
         1, 1, 1, 1, 1, 1, 1, 1, 1, 1, 1, 1, 1, 1, 1, 1, 1, 1, 1, 1, 1, 1, 1, 1,
         1, 1, 1, 1, 1, 1, 1, 1, 1, 1, 1, 1, 1, 1, 1, 1, 1, 1, 1, 1, 1, 1, 1, 1,
         1, 1, 1, 1, 1, 1, 1, 1, 1, 1, 1, 1, 1, 1, 1],
        [1, 1, 1, 1, 1, 1, 1, 1, 1, 1, 1, 1, 1, 1, 1, 1, 1, 1, 1, 1, 1, 1, 1, 1,
         1, 1, 1, 1, 1, 1, 1, 1, 1, 1, 1, 1, 1, 1, 1, 1, 1, 1, 1, 1, 1, 1, 1, 1,
         1, 1, 1, 1, 1, 1, 1, 1, 1, 1, 1, 1, 1, 1, 1, 1, 1, 1, 1, 1, 1, 1, 1, 1,
         1, 1, 1, 1, 1, 1, 1, 1, 1, 1, 1, 1, 1, 1, 1, 1, 1, 1, 1, 1, 1, 1, 1, 1,
         1, 1, 1, 1, 1, 1, 1, 1, 1, 1, 1, 1, 1, 1, 1, 1, 1, 1, 1, 1, 1, 1, 1, 1,
         1, 1, 1, 1, 1, 1, 1, 1, 1, 1, 1, 1, 1, 1, 1, 1, 1, 1, 1, 1, 1, 1, 1, 1,
         1, 1, 1, 1, 1, 1, 1, 1, 1, 1, 1, 1, 1, 1, 1, 1, 1, 1, 1, 1, 1, 1, 1, 1,
         1, 1, 1, 1, 1, 1, 1, 1, 1, 1, 1, 1, 1, 1, 1],
        [1, 1, 1, 1, 1, 1, 1, 1, 1, 1, 1, 1, 1, 1, 1, 1, 1, 1, 1, 1, 1, 1, 1, 1,
         1, 1, 1, 1, 1, 1, 1, 1, 1, 1, 1, 1, 1, 1, 1, 1, 1, 1, 1, 1, 1, 1, 1, 1,
         1, 1, 1, 1, 1, 1, 1, 1, 1, 1, 1, 1, 1, 1, 1, 1, 1, 1, 1, 1, 1, 1, 1, 1,
         1, 1, 1, 1, 1, 1, 1, 1, 1, 1, 1, 1, 1, 1, 1, 1, 1, 1, 1, 1, 1, 1, 1, 1,
         1, 1, 1, 1, 1, 1, 1, 1, 1, 1, 1, 1, 1, 1, 1, 1, 1, 1, 1, 1, 1, 1, 1, 1,
         1, 1, 1, 1, 1, 1, 1, 1, 1, 1, 1, 1, 1, 1, 1, 1, 1, 1, 1, 1, 1, 1, 1, 1,
         1, 1, 1, 1, 1, 1, 1, 1, 1, 1, 1, 1, 1, 1, 1, 1, 1, 1, 1, 1, 1, 1, 1, 1,
         1, 1, 1, 1, 1, 1, 1, 1, 1, 1, 1, 1, 1, 1, 1]], device='cuda:0') attnshape torch.Size([3, 183])
output logit tensor([[[ 8.1250,  7.7500,  0.9844,  ..., -3.8125, -3.8125, -3.8125]],

        [[ 8.1250,  7.7500,  0.9844,  ..., -3.8125, -3.8125, -3.8125]],

        [[ 8.1250,  7.7500,  0.9844,  ..., -3.8125, -3.8125, -3.8125]]],
       device='cuda:0', dtype=torch.bfloat16)
input_ids: torch.Size([3, 1]) cache_seqlens tensor([184, 184, 184], device='cuda:0', dtype=torch.int32) cache_position tensor([183, 183, 183], device='cuda:0') position_ids tensor([[183],
        [183],
        [183]], device='cuda:0') attention_mask tensor([[1, 1, 1, 1, 1, 1, 1, 1, 1, 1, 1, 1, 1, 1, 1, 1, 1, 1, 1, 1, 1, 1, 1, 1,
         1, 1, 1, 1, 1, 1, 1, 1, 1, 1, 1, 1, 1, 1, 1, 1, 1, 1, 1, 1, 1, 1, 1, 1,
         1, 1, 1, 1, 1, 1, 1, 1, 1, 1, 1, 1, 1, 1, 1, 1, 1, 1, 1, 1, 1, 1, 1, 1,
         1, 1, 1, 1, 1, 1, 1, 1, 1, 1, 1, 1, 1, 1, 1, 1, 1, 1, 1, 1, 1, 1, 1, 1,
         1, 1, 1, 1, 1, 1, 1, 1, 1, 1, 1, 1, 1, 1, 1, 1, 1, 1, 1, 1, 1, 1, 1, 1,
         1, 1, 1, 1, 1, 1, 1, 1, 1, 1, 1, 1, 1, 1, 1, 1, 1, 1, 1, 1, 1, 1, 1, 1,
         1, 1, 1, 1, 1, 1, 1, 1, 1, 1, 1, 1, 1, 1, 1, 1, 1, 1, 1, 1, 1, 1, 1, 1,
         1, 1, 1, 1, 1, 1, 1, 1, 1, 1, 1, 1, 1, 1, 1, 1],
        [1, 1, 1, 1, 1, 1, 1, 1, 1, 1, 1, 1, 1, 1, 1, 1, 1, 1, 1, 1, 1, 1, 1, 1,
         1, 1, 1, 1, 1, 1, 1, 1, 1, 1, 1, 1, 1, 1, 1, 1, 1, 1, 1, 1, 1, 1, 1, 1,
         1, 1, 1, 1, 1, 1, 1, 1, 1, 1, 1, 1, 1, 1, 1, 1, 1, 1, 1, 1, 1, 1, 1, 1,
         1, 1, 1, 1, 1, 1, 1, 1, 1, 1, 1, 1, 1, 1, 1, 1, 1, 1, 1, 1, 1, 1, 1, 1,
         1, 1, 1, 1, 1, 1, 1, 1, 1, 1, 1, 1, 1, 1, 1, 1, 1, 1, 1, 1, 1, 1, 1, 1,
         1, 1, 1, 1, 1, 1, 1, 1, 1, 1, 1, 1, 1, 1, 1, 1, 1, 1, 1, 1, 1, 1, 1, 1,
         1, 1, 1, 1, 1, 1, 1, 1, 1, 1, 1, 1, 1, 1, 1, 1, 1, 1, 1, 1, 1, 1, 1, 1,
         1, 1, 1, 1, 1, 1, 1, 1, 1, 1, 1, 1, 1, 1, 1, 1],
        [1, 1, 1, 1, 1, 1, 1, 1, 1, 1, 1, 1, 1, 1, 1, 1, 1, 1, 1, 1, 1, 1, 1, 1,
         1, 1, 1, 1, 1, 1, 1, 1, 1, 1, 1, 1, 1, 1, 1, 1, 1, 1, 1, 1, 1, 1, 1, 1,
         1, 1, 1, 1, 1, 1, 1, 1, 1, 1, 1, 1, 1, 1, 1, 1, 1, 1, 1, 1, 1, 1, 1, 1,
         1, 1, 1, 1, 1, 1, 1, 1, 1, 1, 1, 1, 1, 1, 1, 1, 1, 1, 1, 1, 1, 1, 1, 1,
         1, 1, 1, 1, 1, 1, 1, 1, 1, 1, 1, 1, 1, 1, 1, 1, 1, 1, 1, 1, 1, 1, 1, 1,
         1, 1, 1, 1, 1, 1, 1, 1, 1, 1, 1, 1, 1, 1, 1, 1, 1, 1, 1, 1, 1, 1, 1, 1,
         1, 1, 1, 1, 1, 1, 1, 1, 1, 1, 1, 1, 1, 1, 1, 1, 1, 1, 1, 1, 1, 1, 1, 1,
         1, 1, 1, 1, 1, 1, 1, 1, 1, 1, 1, 1, 1, 1, 1, 1]], device='cuda:0') attnshape torch.Size([3, 184])
output logit tensor([[[ 1.0859, -2.2969, -1.1172,  ..., -4.3750, -4.3750, -4.3750]],

        [[ 1.0859, -2.2969, -1.1172,  ..., -4.3750, -4.3750, -4.3750]],

        [[ 1.0859, -2.2969, -1.1172,  ..., -4.3750, -4.3750, -4.3750]]],
       device='cuda:0', dtype=torch.bfloat16)
input_ids: torch.Size([3, 1]) cache_seqlens tensor([185, 185, 185], device='cuda:0', dtype=torch.int32) cache_position tensor([184, 184, 184], device='cuda:0') position_ids tensor([[184],
        [184],
        [184]], device='cuda:0') attention_mask tensor([[1, 1, 1, 1, 1, 1, 1, 1, 1, 1, 1, 1, 1, 1, 1, 1, 1, 1, 1, 1, 1, 1, 1, 1,
         1, 1, 1, 1, 1, 1, 1, 1, 1, 1, 1, 1, 1, 1, 1, 1, 1, 1, 1, 1, 1, 1, 1, 1,
         1, 1, 1, 1, 1, 1, 1, 1, 1, 1, 1, 1, 1, 1, 1, 1, 1, 1, 1, 1, 1, 1, 1, 1,
         1, 1, 1, 1, 1, 1, 1, 1, 1, 1, 1, 1, 1, 1, 1, 1, 1, 1, 1, 1, 1, 1, 1, 1,
         1, 1, 1, 1, 1, 1, 1, 1, 1, 1, 1, 1, 1, 1, 1, 1, 1, 1, 1, 1, 1, 1, 1, 1,
         1, 1, 1, 1, 1, 1, 1, 1, 1, 1, 1, 1, 1, 1, 1, 1, 1, 1, 1, 1, 1, 1, 1, 1,
         1, 1, 1, 1, 1, 1, 1, 1, 1, 1, 1, 1, 1, 1, 1, 1, 1, 1, 1, 1, 1, 1, 1, 1,
         1, 1, 1, 1, 1, 1, 1, 1, 1, 1, 1, 1, 1, 1, 1, 1, 1],
        [1, 1, 1, 1, 1, 1, 1, 1, 1, 1, 1, 1, 1, 1, 1, 1, 1, 1, 1, 1, 1, 1, 1, 1,
         1, 1, 1, 1, 1, 1, 1, 1, 1, 1, 1, 1, 1, 1, 1, 1, 1, 1, 1, 1, 1, 1, 1, 1,
         1, 1, 1, 1, 1, 1, 1, 1, 1, 1, 1, 1, 1, 1, 1, 1, 1, 1, 1, 1, 1, 1, 1, 1,
         1, 1, 1, 1, 1, 1, 1, 1, 1, 1, 1, 1, 1, 1, 1, 1, 1, 1, 1, 1, 1, 1, 1, 1,
         1, 1, 1, 1, 1, 1, 1, 1, 1, 1, 1, 1, 1, 1, 1, 1, 1, 1, 1, 1, 1, 1, 1, 1,
         1, 1, 1, 1, 1, 1, 1, 1, 1, 1, 1, 1, 1, 1, 1, 1, 1, 1, 1, 1, 1, 1, 1, 1,
         1, 1, 1, 1, 1, 1, 1, 1, 1, 1, 1, 1, 1, 1, 1, 1, 1, 1, 1, 1, 1, 1, 1, 1,
         1, 1, 1, 1, 1, 1, 1, 1, 1, 1, 1, 1, 1, 1, 1, 1, 1],
        [1, 1, 1, 1, 1, 1, 1, 1, 1, 1, 1, 1, 1, 1, 1, 1, 1, 1, 1, 1, 1, 1, 1, 1,
         1, 1, 1, 1, 1, 1, 1, 1, 1, 1, 1, 1, 1, 1, 1, 1, 1, 1, 1, 1, 1, 1, 1, 1,
         1, 1, 1, 1, 1, 1, 1, 1, 1, 1, 1, 1, 1, 1, 1, 1, 1, 1, 1, 1, 1, 1, 1, 1,
         1, 1, 1, 1, 1, 1, 1, 1, 1, 1, 1, 1, 1, 1, 1, 1, 1, 1, 1, 1, 1, 1, 1, 1,
         1, 1, 1, 1, 1, 1, 1, 1, 1, 1, 1, 1, 1, 1, 1, 1, 1, 1, 1, 1, 1, 1, 1, 1,
         1, 1, 1, 1, 1, 1, 1, 1, 1, 1, 1, 1, 1, 1, 1, 1, 1, 1, 1, 1, 1, 1, 1, 1,
         1, 1, 1, 1, 1, 1, 1, 1, 1, 1, 1, 1, 1, 1, 1, 1, 1, 1, 1, 1, 1, 1, 1, 1,
         1, 1, 1, 1, 1, 1, 1, 1, 1, 1, 1, 1, 1, 1, 1, 1, 1]], device='cuda:0') attnshape torch.Size([3, 185])
output logit tensor([[[ 3.3750,  2.2031, -0.2559,  ..., -5.6562, -5.6562, -5.6562]],

        [[ 3.3750,  2.2031, -0.2559,  ..., -5.6562, -5.6562, -5.6562]],

        [[ 3.3750,  2.2031, -0.2559,  ..., -5.6562, -5.6562, -5.6562]]],
       device='cuda:0', dtype=torch.bfloat16)
input_ids: torch.Size([3, 1]) cache_seqlens tensor([186, 186, 186], device='cuda:0', dtype=torch.int32) cache_position tensor([185, 185, 185], device='cuda:0') position_ids tensor([[185],
        [185],
        [185]], device='cuda:0') attention_mask tensor([[1, 1, 1, 1, 1, 1, 1, 1, 1, 1, 1, 1, 1, 1, 1, 1, 1, 1, 1, 1, 1, 1, 1, 1,
         1, 1, 1, 1, 1, 1, 1, 1, 1, 1, 1, 1, 1, 1, 1, 1, 1, 1, 1, 1, 1, 1, 1, 1,
         1, 1, 1, 1, 1, 1, 1, 1, 1, 1, 1, 1, 1, 1, 1, 1, 1, 1, 1, 1, 1, 1, 1, 1,
         1, 1, 1, 1, 1, 1, 1, 1, 1, 1, 1, 1, 1, 1, 1, 1, 1, 1, 1, 1, 1, 1, 1, 1,
         1, 1, 1, 1, 1, 1, 1, 1, 1, 1, 1, 1, 1, 1, 1, 1, 1, 1, 1, 1, 1, 1, 1, 1,
         1, 1, 1, 1, 1, 1, 1, 1, 1, 1, 1, 1, 1, 1, 1, 1, 1, 1, 1, 1, 1, 1, 1, 1,
         1, 1, 1, 1, 1, 1, 1, 1, 1, 1, 1, 1, 1, 1, 1, 1, 1, 1, 1, 1, 1, 1, 1, 1,
         1, 1, 1, 1, 1, 1, 1, 1, 1, 1, 1, 1, 1, 1, 1, 1, 1, 1],
        [1, 1, 1, 1, 1, 1, 1, 1, 1, 1, 1, 1, 1, 1, 1, 1, 1, 1, 1, 1, 1, 1, 1, 1,
         1, 1, 1, 1, 1, 1, 1, 1, 1, 1, 1, 1, 1, 1, 1, 1, 1, 1, 1, 1, 1, 1, 1, 1,
         1, 1, 1, 1, 1, 1, 1, 1, 1, 1, 1, 1, 1, 1, 1, 1, 1, 1, 1, 1, 1, 1, 1, 1,
         1, 1, 1, 1, 1, 1, 1, 1, 1, 1, 1, 1, 1, 1, 1, 1, 1, 1, 1, 1, 1, 1, 1, 1,
         1, 1, 1, 1, 1, 1, 1, 1, 1, 1, 1, 1, 1, 1, 1, 1, 1, 1, 1, 1, 1, 1, 1, 1,
         1, 1, 1, 1, 1, 1, 1, 1, 1, 1, 1, 1, 1, 1, 1, 1, 1, 1, 1, 1, 1, 1, 1, 1,
         1, 1, 1, 1, 1, 1, 1, 1, 1, 1, 1, 1, 1, 1, 1, 1, 1, 1, 1, 1, 1, 1, 1, 1,
         1, 1, 1, 1, 1, 1, 1, 1, 1, 1, 1, 1, 1, 1, 1, 1, 1, 1],
        [1, 1, 1, 1, 1, 1, 1, 1, 1, 1, 1, 1, 1, 1, 1, 1, 1, 1, 1, 1, 1, 1, 1, 1,
         1, 1, 1, 1, 1, 1, 1, 1, 1, 1, 1, 1, 1, 1, 1, 1, 1, 1, 1, 1, 1, 1, 1, 1,
         1, 1, 1, 1, 1, 1, 1, 1, 1, 1, 1, 1, 1, 1, 1, 1, 1, 1, 1, 1, 1, 1, 1, 1,
         1, 1, 1, 1, 1, 1, 1, 1, 1, 1, 1, 1, 1, 1, 1, 1, 1, 1, 1, 1, 1, 1, 1, 1,
         1, 1, 1, 1, 1, 1, 1, 1, 1, 1, 1, 1, 1, 1, 1, 1, 1, 1, 1, 1, 1, 1, 1, 1,
         1, 1, 1, 1, 1, 1, 1, 1, 1, 1, 1, 1, 1, 1, 1, 1, 1, 1, 1, 1, 1, 1, 1, 1,
         1, 1, 1, 1, 1, 1, 1, 1, 1, 1, 1, 1, 1, 1, 1, 1, 1, 1, 1, 1, 1, 1, 1, 1,
         1, 1, 1, 1, 1, 1, 1, 1, 1, 1, 1, 1, 1, 1, 1, 1, 1, 1]],
       device='cuda:0') attnshape torch.Size([3, 186])
output logit tensor([[[ 4.9688,  2.4688,  1.2344,  ..., -3.9688, -3.9688, -3.9688]],

        [[ 4.9688,  2.4688,  1.2344,  ..., -3.9688, -3.9688, -3.9688]],

        [[ 4.9688,  2.4688,  1.2344,  ..., -3.9688, -3.9688, -3.9688]]],
       device='cuda:0', dtype=torch.bfloat16)
input_ids: torch.Size([3, 1]) cache_seqlens tensor([187, 187, 187], device='cuda:0', dtype=torch.int32) cache_position tensor([186, 186, 186], device='cuda:0') position_ids tensor([[186],
        [186],
        [186]], device='cuda:0') attention_mask tensor([[1, 1, 1, 1, 1, 1, 1, 1, 1, 1, 1, 1, 1, 1, 1, 1, 1, 1, 1, 1, 1, 1, 1, 1,
         1, 1, 1, 1, 1, 1, 1, 1, 1, 1, 1, 1, 1, 1, 1, 1, 1, 1, 1, 1, 1, 1, 1, 1,
         1, 1, 1, 1, 1, 1, 1, 1, 1, 1, 1, 1, 1, 1, 1, 1, 1, 1, 1, 1, 1, 1, 1, 1,
         1, 1, 1, 1, 1, 1, 1, 1, 1, 1, 1, 1, 1, 1, 1, 1, 1, 1, 1, 1, 1, 1, 1, 1,
         1, 1, 1, 1, 1, 1, 1, 1, 1, 1, 1, 1, 1, 1, 1, 1, 1, 1, 1, 1, 1, 1, 1, 1,
         1, 1, 1, 1, 1, 1, 1, 1, 1, 1, 1, 1, 1, 1, 1, 1, 1, 1, 1, 1, 1, 1, 1, 1,
         1, 1, 1, 1, 1, 1, 1, 1, 1, 1, 1, 1, 1, 1, 1, 1, 1, 1, 1, 1, 1, 1, 1, 1,
         1, 1, 1, 1, 1, 1, 1, 1, 1, 1, 1, 1, 1, 1, 1, 1, 1, 1, 1],
        [1, 1, 1, 1, 1, 1, 1, 1, 1, 1, 1, 1, 1, 1, 1, 1, 1, 1, 1, 1, 1, 1, 1, 1,
         1, 1, 1, 1, 1, 1, 1, 1, 1, 1, 1, 1, 1, 1, 1, 1, 1, 1, 1, 1, 1, 1, 1, 1,
         1, 1, 1, 1, 1, 1, 1, 1, 1, 1, 1, 1, 1, 1, 1, 1, 1, 1, 1, 1, 1, 1, 1, 1,
         1, 1, 1, 1, 1, 1, 1, 1, 1, 1, 1, 1, 1, 1, 1, 1, 1, 1, 1, 1, 1, 1, 1, 1,
         1, 1, 1, 1, 1, 1, 1, 1, 1, 1, 1, 1, 1, 1, 1, 1, 1, 1, 1, 1, 1, 1, 1, 1,
         1, 1, 1, 1, 1, 1, 1, 1, 1, 1, 1, 1, 1, 1, 1, 1, 1, 1, 1, 1, 1, 1, 1, 1,
         1, 1, 1, 1, 1, 1, 1, 1, 1, 1, 1, 1, 1, 1, 1, 1, 1, 1, 1, 1, 1, 1, 1, 1,
         1, 1, 1, 1, 1, 1, 1, 1, 1, 1, 1, 1, 1, 1, 1, 1, 1, 1, 1],
        [1, 1, 1, 1, 1, 1, 1, 1, 1, 1, 1, 1, 1, 1, 1, 1, 1, 1, 1, 1, 1, 1, 1, 1,
         1, 1, 1, 1, 1, 1, 1, 1, 1, 1, 1, 1, 1, 1, 1, 1, 1, 1, 1, 1, 1, 1, 1, 1,
         1, 1, 1, 1, 1, 1, 1, 1, 1, 1, 1, 1, 1, 1, 1, 1, 1, 1, 1, 1, 1, 1, 1, 1,
         1, 1, 1, 1, 1, 1, 1, 1, 1, 1, 1, 1, 1, 1, 1, 1, 1, 1, 1, 1, 1, 1, 1, 1,
         1, 1, 1, 1, 1, 1, 1, 1, 1, 1, 1, 1, 1, 1, 1, 1, 1, 1, 1, 1, 1, 1, 1, 1,
         1, 1, 1, 1, 1, 1, 1, 1, 1, 1, 1, 1, 1, 1, 1, 1, 1, 1, 1, 1, 1, 1, 1, 1,
         1, 1, 1, 1, 1, 1, 1, 1, 1, 1, 1, 1, 1, 1, 1, 1, 1, 1, 1, 1, 1, 1, 1, 1,
         1, 1, 1, 1, 1, 1, 1, 1, 1, 1, 1, 1, 1, 1, 1, 1, 1, 1, 1]],
       device='cuda:0') attnshape torch.Size([3, 187])
output logit tensor([[[ 4.7812,  1.6953, -0.0146,  ..., -6.9688, -6.9688, -6.9688]],

        [[ 4.7812,  1.6953, -0.0146,  ..., -6.9688, -6.9688, -6.9688]],

        [[ 4.7812,  1.6953, -0.0146,  ..., -6.9688, -6.9688, -6.9688]]],
       device='cuda:0', dtype=torch.bfloat16)
input_ids: torch.Size([3, 1]) cache_seqlens tensor([188, 188, 188], device='cuda:0', dtype=torch.int32) cache_position tensor([187, 187, 187], device='cuda:0') position_ids tensor([[187],
        [187],
        [187]], device='cuda:0') attention_mask tensor([[1, 1, 1, 1, 1, 1, 1, 1, 1, 1, 1, 1, 1, 1, 1, 1, 1, 1, 1, 1, 1, 1, 1, 1,
         1, 1, 1, 1, 1, 1, 1, 1, 1, 1, 1, 1, 1, 1, 1, 1, 1, 1, 1, 1, 1, 1, 1, 1,
         1, 1, 1, 1, 1, 1, 1, 1, 1, 1, 1, 1, 1, 1, 1, 1, 1, 1, 1, 1, 1, 1, 1, 1,
         1, 1, 1, 1, 1, 1, 1, 1, 1, 1, 1, 1, 1, 1, 1, 1, 1, 1, 1, 1, 1, 1, 1, 1,
         1, 1, 1, 1, 1, 1, 1, 1, 1, 1, 1, 1, 1, 1, 1, 1, 1, 1, 1, 1, 1, 1, 1, 1,
         1, 1, 1, 1, 1, 1, 1, 1, 1, 1, 1, 1, 1, 1, 1, 1, 1, 1, 1, 1, 1, 1, 1, 1,
         1, 1, 1, 1, 1, 1, 1, 1, 1, 1, 1, 1, 1, 1, 1, 1, 1, 1, 1, 1, 1, 1, 1, 1,
         1, 1, 1, 1, 1, 1, 1, 1, 1, 1, 1, 1, 1, 1, 1, 1, 1, 1, 1, 1],
        [1, 1, 1, 1, 1, 1, 1, 1, 1, 1, 1, 1, 1, 1, 1, 1, 1, 1, 1, 1, 1, 1, 1, 1,
         1, 1, 1, 1, 1, 1, 1, 1, 1, 1, 1, 1, 1, 1, 1, 1, 1, 1, 1, 1, 1, 1, 1, 1,
         1, 1, 1, 1, 1, 1, 1, 1, 1, 1, 1, 1, 1, 1, 1, 1, 1, 1, 1, 1, 1, 1, 1, 1,
         1, 1, 1, 1, 1, 1, 1, 1, 1, 1, 1, 1, 1, 1, 1, 1, 1, 1, 1, 1, 1, 1, 1, 1,
         1, 1, 1, 1, 1, 1, 1, 1, 1, 1, 1, 1, 1, 1, 1, 1, 1, 1, 1, 1, 1, 1, 1, 1,
         1, 1, 1, 1, 1, 1, 1, 1, 1, 1, 1, 1, 1, 1, 1, 1, 1, 1, 1, 1, 1, 1, 1, 1,
         1, 1, 1, 1, 1, 1, 1, 1, 1, 1, 1, 1, 1, 1, 1, 1, 1, 1, 1, 1, 1, 1, 1, 1,
         1, 1, 1, 1, 1, 1, 1, 1, 1, 1, 1, 1, 1, 1, 1, 1, 1, 1, 1, 1],
        [1, 1, 1, 1, 1, 1, 1, 1, 1, 1, 1, 1, 1, 1, 1, 1, 1, 1, 1, 1, 1, 1, 1, 1,
         1, 1, 1, 1, 1, 1, 1, 1, 1, 1, 1, 1, 1, 1, 1, 1, 1, 1, 1, 1, 1, 1, 1, 1,
         1, 1, 1, 1, 1, 1, 1, 1, 1, 1, 1, 1, 1, 1, 1, 1, 1, 1, 1, 1, 1, 1, 1, 1,
         1, 1, 1, 1, 1, 1, 1, 1, 1, 1, 1, 1, 1, 1, 1, 1, 1, 1, 1, 1, 1, 1, 1, 1,
         1, 1, 1, 1, 1, 1, 1, 1, 1, 1, 1, 1, 1, 1, 1, 1, 1, 1, 1, 1, 1, 1, 1, 1,
         1, 1, 1, 1, 1, 1, 1, 1, 1, 1, 1, 1, 1, 1, 1, 1, 1, 1, 1, 1, 1, 1, 1, 1,
         1, 1, 1, 1, 1, 1, 1, 1, 1, 1, 1, 1, 1, 1, 1, 1, 1, 1, 1, 1, 1, 1, 1, 1,
         1, 1, 1, 1, 1, 1, 1, 1, 1, 1, 1, 1, 1, 1, 1, 1, 1, 1, 1, 1]],
       device='cuda:0') attnshape torch.Size([3, 188])
output logit tensor([[[ 3.4531,  7.4062,  2.9844,  ..., -4.9375, -4.9375, -4.9375]],

        [[ 3.4531,  7.4062,  2.9844,  ..., -4.9375, -4.9375, -4.9375]],

        [[ 3.4531,  7.4062,  2.9844,  ..., -4.9375, -4.9375, -4.9375]]],
       device='cuda:0', dtype=torch.bfloat16)
input_ids: torch.Size([3, 1]) cache_seqlens tensor([189, 189, 189], device='cuda:0', dtype=torch.int32) cache_position tensor([188, 188, 188], device='cuda:0') position_ids tensor([[188],
        [188],
        [188]], device='cuda:0') attention_mask tensor([[1, 1, 1, 1, 1, 1, 1, 1, 1, 1, 1, 1, 1, 1, 1, 1, 1, 1, 1, 1, 1, 1, 1, 1,
         1, 1, 1, 1, 1, 1, 1, 1, 1, 1, 1, 1, 1, 1, 1, 1, 1, 1, 1, 1, 1, 1, 1, 1,
         1, 1, 1, 1, 1, 1, 1, 1, 1, 1, 1, 1, 1, 1, 1, 1, 1, 1, 1, 1, 1, 1, 1, 1,
         1, 1, 1, 1, 1, 1, 1, 1, 1, 1, 1, 1, 1, 1, 1, 1, 1, 1, 1, 1, 1, 1, 1, 1,
         1, 1, 1, 1, 1, 1, 1, 1, 1, 1, 1, 1, 1, 1, 1, 1, 1, 1, 1, 1, 1, 1, 1, 1,
         1, 1, 1, 1, 1, 1, 1, 1, 1, 1, 1, 1, 1, 1, 1, 1, 1, 1, 1, 1, 1, 1, 1, 1,
         1, 1, 1, 1, 1, 1, 1, 1, 1, 1, 1, 1, 1, 1, 1, 1, 1, 1, 1, 1, 1, 1, 1, 1,
         1, 1, 1, 1, 1, 1, 1, 1, 1, 1, 1, 1, 1, 1, 1, 1, 1, 1, 1, 1, 1],
        [1, 1, 1, 1, 1, 1, 1, 1, 1, 1, 1, 1, 1, 1, 1, 1, 1, 1, 1, 1, 1, 1, 1, 1,
         1, 1, 1, 1, 1, 1, 1, 1, 1, 1, 1, 1, 1, 1, 1, 1, 1, 1, 1, 1, 1, 1, 1, 1,
         1, 1, 1, 1, 1, 1, 1, 1, 1, 1, 1, 1, 1, 1, 1, 1, 1, 1, 1, 1, 1, 1, 1, 1,
         1, 1, 1, 1, 1, 1, 1, 1, 1, 1, 1, 1, 1, 1, 1, 1, 1, 1, 1, 1, 1, 1, 1, 1,
         1, 1, 1, 1, 1, 1, 1, 1, 1, 1, 1, 1, 1, 1, 1, 1, 1, 1, 1, 1, 1, 1, 1, 1,
         1, 1, 1, 1, 1, 1, 1, 1, 1, 1, 1, 1, 1, 1, 1, 1, 1, 1, 1, 1, 1, 1, 1, 1,
         1, 1, 1, 1, 1, 1, 1, 1, 1, 1, 1, 1, 1, 1, 1, 1, 1, 1, 1, 1, 1, 1, 1, 1,
         1, 1, 1, 1, 1, 1, 1, 1, 1, 1, 1, 1, 1, 1, 1, 1, 1, 1, 1, 1, 1],
        [1, 1, 1, 1, 1, 1, 1, 1, 1, 1, 1, 1, 1, 1, 1, 1, 1, 1, 1, 1, 1, 1, 1, 1,
         1, 1, 1, 1, 1, 1, 1, 1, 1, 1, 1, 1, 1, 1, 1, 1, 1, 1, 1, 1, 1, 1, 1, 1,
         1, 1, 1, 1, 1, 1, 1, 1, 1, 1, 1, 1, 1, 1, 1, 1, 1, 1, 1, 1, 1, 1, 1, 1,
         1, 1, 1, 1, 1, 1, 1, 1, 1, 1, 1, 1, 1, 1, 1, 1, 1, 1, 1, 1, 1, 1, 1, 1,
         1, 1, 1, 1, 1, 1, 1, 1, 1, 1, 1, 1, 1, 1, 1, 1, 1, 1, 1, 1, 1, 1, 1, 1,
         1, 1, 1, 1, 1, 1, 1, 1, 1, 1, 1, 1, 1, 1, 1, 1, 1, 1, 1, 1, 1, 1, 1, 1,
         1, 1, 1, 1, 1, 1, 1, 1, 1, 1, 1, 1, 1, 1, 1, 1, 1, 1, 1, 1, 1, 1, 1, 1,
         1, 1, 1, 1, 1, 1, 1, 1, 1, 1, 1, 1, 1, 1, 1, 1, 1, 1, 1, 1, 1]],
       device='cuda:0') attnshape torch.Size([3, 189])
output logit tensor([[[ 2.2656,  2.1250,  0.0420,  ..., -6.2188, -6.2188, -6.2188]],

        [[ 2.2656,  2.1250,  0.0420,  ..., -6.2188, -6.2188, -6.2188]],

        [[ 2.2656,  2.1250,  0.0420,  ..., -6.2188, -6.2188, -6.2188]]],
       device='cuda:0', dtype=torch.bfloat16)
input_ids: torch.Size([3, 1]) cache_seqlens tensor([190, 190, 190], device='cuda:0', dtype=torch.int32) cache_position tensor([189, 189, 189], device='cuda:0') position_ids tensor([[189],
        [189],
        [189]], device='cuda:0') attention_mask tensor([[1, 1, 1, 1, 1, 1, 1, 1, 1, 1, 1, 1, 1, 1, 1, 1, 1, 1, 1, 1, 1, 1, 1, 1,
         1, 1, 1, 1, 1, 1, 1, 1, 1, 1, 1, 1, 1, 1, 1, 1, 1, 1, 1, 1, 1, 1, 1, 1,
         1, 1, 1, 1, 1, 1, 1, 1, 1, 1, 1, 1, 1, 1, 1, 1, 1, 1, 1, 1, 1, 1, 1, 1,
         1, 1, 1, 1, 1, 1, 1, 1, 1, 1, 1, 1, 1, 1, 1, 1, 1, 1, 1, 1, 1, 1, 1, 1,
         1, 1, 1, 1, 1, 1, 1, 1, 1, 1, 1, 1, 1, 1, 1, 1, 1, 1, 1, 1, 1, 1, 1, 1,
         1, 1, 1, 1, 1, 1, 1, 1, 1, 1, 1, 1, 1, 1, 1, 1, 1, 1, 1, 1, 1, 1, 1, 1,
         1, 1, 1, 1, 1, 1, 1, 1, 1, 1, 1, 1, 1, 1, 1, 1, 1, 1, 1, 1, 1, 1, 1, 1,
         1, 1, 1, 1, 1, 1, 1, 1, 1, 1, 1, 1, 1, 1, 1, 1, 1, 1, 1, 1, 1, 1],
        [1, 1, 1, 1, 1, 1, 1, 1, 1, 1, 1, 1, 1, 1, 1, 1, 1, 1, 1, 1, 1, 1, 1, 1,
         1, 1, 1, 1, 1, 1, 1, 1, 1, 1, 1, 1, 1, 1, 1, 1, 1, 1, 1, 1, 1, 1, 1, 1,
         1, 1, 1, 1, 1, 1, 1, 1, 1, 1, 1, 1, 1, 1, 1, 1, 1, 1, 1, 1, 1, 1, 1, 1,
         1, 1, 1, 1, 1, 1, 1, 1, 1, 1, 1, 1, 1, 1, 1, 1, 1, 1, 1, 1, 1, 1, 1, 1,
         1, 1, 1, 1, 1, 1, 1, 1, 1, 1, 1, 1, 1, 1, 1, 1, 1, 1, 1, 1, 1, 1, 1, 1,
         1, 1, 1, 1, 1, 1, 1, 1, 1, 1, 1, 1, 1, 1, 1, 1, 1, 1, 1, 1, 1, 1, 1, 1,
         1, 1, 1, 1, 1, 1, 1, 1, 1, 1, 1, 1, 1, 1, 1, 1, 1, 1, 1, 1, 1, 1, 1, 1,
         1, 1, 1, 1, 1, 1, 1, 1, 1, 1, 1, 1, 1, 1, 1, 1, 1, 1, 1, 1, 1, 1],
        [1, 1, 1, 1, 1, 1, 1, 1, 1, 1, 1, 1, 1, 1, 1, 1, 1, 1, 1, 1, 1, 1, 1, 1,
         1, 1, 1, 1, 1, 1, 1, 1, 1, 1, 1, 1, 1, 1, 1, 1, 1, 1, 1, 1, 1, 1, 1, 1,
         1, 1, 1, 1, 1, 1, 1, 1, 1, 1, 1, 1, 1, 1, 1, 1, 1, 1, 1, 1, 1, 1, 1, 1,
         1, 1, 1, 1, 1, 1, 1, 1, 1, 1, 1, 1, 1, 1, 1, 1, 1, 1, 1, 1, 1, 1, 1, 1,
         1, 1, 1, 1, 1, 1, 1, 1, 1, 1, 1, 1, 1, 1, 1, 1, 1, 1, 1, 1, 1, 1, 1, 1,
         1, 1, 1, 1, 1, 1, 1, 1, 1, 1, 1, 1, 1, 1, 1, 1, 1, 1, 1, 1, 1, 1, 1, 1,
         1, 1, 1, 1, 1, 1, 1, 1, 1, 1, 1, 1, 1, 1, 1, 1, 1, 1, 1, 1, 1, 1, 1, 1,
         1, 1, 1, 1, 1, 1, 1, 1, 1, 1, 1, 1, 1, 1, 1, 1, 1, 1, 1, 1, 1, 1]],
       device='cuda:0') attnshape torch.Size([3, 190])
output logit tensor([[[ 3.5000,  3.8281,  1.6719,  ..., -8.4375, -8.4375, -8.4375]],

        [[ 3.5000,  3.8281,  1.6719,  ..., -8.4375, -8.4375, -8.4375]],

        [[ 3.5000,  3.8281,  1.6719,  ..., -8.4375, -8.4375, -8.4375]]],
       device='cuda:0', dtype=torch.bfloat16)
input_ids: torch.Size([3, 1]) cache_seqlens tensor([191, 191, 191], device='cuda:0', dtype=torch.int32) cache_position tensor([190, 190, 190], device='cuda:0') position_ids tensor([[190],
        [190],
        [190]], device='cuda:0') attention_mask tensor([[1, 1, 1, 1, 1, 1, 1, 1, 1, 1, 1, 1, 1, 1, 1, 1, 1, 1, 1, 1, 1, 1, 1, 1,
         1, 1, 1, 1, 1, 1, 1, 1, 1, 1, 1, 1, 1, 1, 1, 1, 1, 1, 1, 1, 1, 1, 1, 1,
         1, 1, 1, 1, 1, 1, 1, 1, 1, 1, 1, 1, 1, 1, 1, 1, 1, 1, 1, 1, 1, 1, 1, 1,
         1, 1, 1, 1, 1, 1, 1, 1, 1, 1, 1, 1, 1, 1, 1, 1, 1, 1, 1, 1, 1, 1, 1, 1,
         1, 1, 1, 1, 1, 1, 1, 1, 1, 1, 1, 1, 1, 1, 1, 1, 1, 1, 1, 1, 1, 1, 1, 1,
         1, 1, 1, 1, 1, 1, 1, 1, 1, 1, 1, 1, 1, 1, 1, 1, 1, 1, 1, 1, 1, 1, 1, 1,
         1, 1, 1, 1, 1, 1, 1, 1, 1, 1, 1, 1, 1, 1, 1, 1, 1, 1, 1, 1, 1, 1, 1, 1,
         1, 1, 1, 1, 1, 1, 1, 1, 1, 1, 1, 1, 1, 1, 1, 1, 1, 1, 1, 1, 1, 1, 1],
        [1, 1, 1, 1, 1, 1, 1, 1, 1, 1, 1, 1, 1, 1, 1, 1, 1, 1, 1, 1, 1, 1, 1, 1,
         1, 1, 1, 1, 1, 1, 1, 1, 1, 1, 1, 1, 1, 1, 1, 1, 1, 1, 1, 1, 1, 1, 1, 1,
         1, 1, 1, 1, 1, 1, 1, 1, 1, 1, 1, 1, 1, 1, 1, 1, 1, 1, 1, 1, 1, 1, 1, 1,
         1, 1, 1, 1, 1, 1, 1, 1, 1, 1, 1, 1, 1, 1, 1, 1, 1, 1, 1, 1, 1, 1, 1, 1,
         1, 1, 1, 1, 1, 1, 1, 1, 1, 1, 1, 1, 1, 1, 1, 1, 1, 1, 1, 1, 1, 1, 1, 1,
         1, 1, 1, 1, 1, 1, 1, 1, 1, 1, 1, 1, 1, 1, 1, 1, 1, 1, 1, 1, 1, 1, 1, 1,
         1, 1, 1, 1, 1, 1, 1, 1, 1, 1, 1, 1, 1, 1, 1, 1, 1, 1, 1, 1, 1, 1, 1, 1,
         1, 1, 1, 1, 1, 1, 1, 1, 1, 1, 1, 1, 1, 1, 1, 1, 1, 1, 1, 1, 1, 1, 1],
        [1, 1, 1, 1, 1, 1, 1, 1, 1, 1, 1, 1, 1, 1, 1, 1, 1, 1, 1, 1, 1, 1, 1, 1,
         1, 1, 1, 1, 1, 1, 1, 1, 1, 1, 1, 1, 1, 1, 1, 1, 1, 1, 1, 1, 1, 1, 1, 1,
         1, 1, 1, 1, 1, 1, 1, 1, 1, 1, 1, 1, 1, 1, 1, 1, 1, 1, 1, 1, 1, 1, 1, 1,
         1, 1, 1, 1, 1, 1, 1, 1, 1, 1, 1, 1, 1, 1, 1, 1, 1, 1, 1, 1, 1, 1, 1, 1,
         1, 1, 1, 1, 1, 1, 1, 1, 1, 1, 1, 1, 1, 1, 1, 1, 1, 1, 1, 1, 1, 1, 1, 1,
         1, 1, 1, 1, 1, 1, 1, 1, 1, 1, 1, 1, 1, 1, 1, 1, 1, 1, 1, 1, 1, 1, 1, 1,
         1, 1, 1, 1, 1, 1, 1, 1, 1, 1, 1, 1, 1, 1, 1, 1, 1, 1, 1, 1, 1, 1, 1, 1,
         1, 1, 1, 1, 1, 1, 1, 1, 1, 1, 1, 1, 1, 1, 1, 1, 1, 1, 1, 1, 1, 1, 1]],
       device='cuda:0') attnshape torch.Size([3, 191])
output logit tensor([[[ 7.4062,  6.2188,  2.6094,  ..., -4.1250, -4.1250, -4.1250]],

        [[ 7.4062,  6.2188,  2.6094,  ..., -4.1250, -4.1250, -4.1250]],

        [[ 7.4062,  6.2188,  2.6094,  ..., -4.1250, -4.1250, -4.1250]]],
       device='cuda:0', dtype=torch.bfloat16)
input_ids: torch.Size([3, 1]) cache_seqlens tensor([192, 192, 192], device='cuda:0', dtype=torch.int32) cache_position tensor([191, 191, 191], device='cuda:0') position_ids tensor([[191],
        [191],
        [191]], device='cuda:0') attention_mask tensor([[1, 1, 1, 1, 1, 1, 1, 1, 1, 1, 1, 1, 1, 1, 1, 1, 1, 1, 1, 1, 1, 1, 1, 1,
         1, 1, 1, 1, 1, 1, 1, 1, 1, 1, 1, 1, 1, 1, 1, 1, 1, 1, 1, 1, 1, 1, 1, 1,
         1, 1, 1, 1, 1, 1, 1, 1, 1, 1, 1, 1, 1, 1, 1, 1, 1, 1, 1, 1, 1, 1, 1, 1,
         1, 1, 1, 1, 1, 1, 1, 1, 1, 1, 1, 1, 1, 1, 1, 1, 1, 1, 1, 1, 1, 1, 1, 1,
         1, 1, 1, 1, 1, 1, 1, 1, 1, 1, 1, 1, 1, 1, 1, 1, 1, 1, 1, 1, 1, 1, 1, 1,
         1, 1, 1, 1, 1, 1, 1, 1, 1, 1, 1, 1, 1, 1, 1, 1, 1, 1, 1, 1, 1, 1, 1, 1,
         1, 1, 1, 1, 1, 1, 1, 1, 1, 1, 1, 1, 1, 1, 1, 1, 1, 1, 1, 1, 1, 1, 1, 1,
         1, 1, 1, 1, 1, 1, 1, 1, 1, 1, 1, 1, 1, 1, 1, 1, 1, 1, 1, 1, 1, 1, 1, 1],
        [1, 1, 1, 1, 1, 1, 1, 1, 1, 1, 1, 1, 1, 1, 1, 1, 1, 1, 1, 1, 1, 1, 1, 1,
         1, 1, 1, 1, 1, 1, 1, 1, 1, 1, 1, 1, 1, 1, 1, 1, 1, 1, 1, 1, 1, 1, 1, 1,
         1, 1, 1, 1, 1, 1, 1, 1, 1, 1, 1, 1, 1, 1, 1, 1, 1, 1, 1, 1, 1, 1, 1, 1,
         1, 1, 1, 1, 1, 1, 1, 1, 1, 1, 1, 1, 1, 1, 1, 1, 1, 1, 1, 1, 1, 1, 1, 1,
         1, 1, 1, 1, 1, 1, 1, 1, 1, 1, 1, 1, 1, 1, 1, 1, 1, 1, 1, 1, 1, 1, 1, 1,
         1, 1, 1, 1, 1, 1, 1, 1, 1, 1, 1, 1, 1, 1, 1, 1, 1, 1, 1, 1, 1, 1, 1, 1,
         1, 1, 1, 1, 1, 1, 1, 1, 1, 1, 1, 1, 1, 1, 1, 1, 1, 1, 1, 1, 1, 1, 1, 1,
         1, 1, 1, 1, 1, 1, 1, 1, 1, 1, 1, 1, 1, 1, 1, 1, 1, 1, 1, 1, 1, 1, 1, 1],
        [1, 1, 1, 1, 1, 1, 1, 1, 1, 1, 1, 1, 1, 1, 1, 1, 1, 1, 1, 1, 1, 1, 1, 1,
         1, 1, 1, 1, 1, 1, 1, 1, 1, 1, 1, 1, 1, 1, 1, 1, 1, 1, 1, 1, 1, 1, 1, 1,
         1, 1, 1, 1, 1, 1, 1, 1, 1, 1, 1, 1, 1, 1, 1, 1, 1, 1, 1, 1, 1, 1, 1, 1,
         1, 1, 1, 1, 1, 1, 1, 1, 1, 1, 1, 1, 1, 1, 1, 1, 1, 1, 1, 1, 1, 1, 1, 1,
         1, 1, 1, 1, 1, 1, 1, 1, 1, 1, 1, 1, 1, 1, 1, 1, 1, 1, 1, 1, 1, 1, 1, 1,
         1, 1, 1, 1, 1, 1, 1, 1, 1, 1, 1, 1, 1, 1, 1, 1, 1, 1, 1, 1, 1, 1, 1, 1,
         1, 1, 1, 1, 1, 1, 1, 1, 1, 1, 1, 1, 1, 1, 1, 1, 1, 1, 1, 1, 1, 1, 1, 1,
         1, 1, 1, 1, 1, 1, 1, 1, 1, 1, 1, 1, 1, 1, 1, 1, 1, 1, 1, 1, 1, 1, 1, 1]],
       device='cuda:0') attnshape torch.Size([3, 192])
output logit tensor([[[ 0.8477,  3.0938, -0.5938,  ..., -5.7500, -5.7500, -5.7500]],

        [[ 0.8477,  3.0938, -0.5938,  ..., -5.7500, -5.7500, -5.7500]],

        [[ 0.8477,  3.0938, -0.5938,  ..., -5.7500, -5.7500, -5.7500]]],
       device='cuda:0', dtype=torch.bfloat16)
input_ids: torch.Size([3, 1]) cache_seqlens tensor([193, 193, 193], device='cuda:0', dtype=torch.int32) cache_position tensor([192, 192, 192], device='cuda:0') position_ids tensor([[192],
        [192],
        [192]], device='cuda:0') attention_mask tensor([[1, 1, 1, 1, 1, 1, 1, 1, 1, 1, 1, 1, 1, 1, 1, 1, 1, 1, 1, 1, 1, 1, 1, 1,
         1, 1, 1, 1, 1, 1, 1, 1, 1, 1, 1, 1, 1, 1, 1, 1, 1, 1, 1, 1, 1, 1, 1, 1,
         1, 1, 1, 1, 1, 1, 1, 1, 1, 1, 1, 1, 1, 1, 1, 1, 1, 1, 1, 1, 1, 1, 1, 1,
         1, 1, 1, 1, 1, 1, 1, 1, 1, 1, 1, 1, 1, 1, 1, 1, 1, 1, 1, 1, 1, 1, 1, 1,
         1, 1, 1, 1, 1, 1, 1, 1, 1, 1, 1, 1, 1, 1, 1, 1, 1, 1, 1, 1, 1, 1, 1, 1,
         1, 1, 1, 1, 1, 1, 1, 1, 1, 1, 1, 1, 1, 1, 1, 1, 1, 1, 1, 1, 1, 1, 1, 1,
         1, 1, 1, 1, 1, 1, 1, 1, 1, 1, 1, 1, 1, 1, 1, 1, 1, 1, 1, 1, 1, 1, 1, 1,
         1, 1, 1, 1, 1, 1, 1, 1, 1, 1, 1, 1, 1, 1, 1, 1, 1, 1, 1, 1, 1, 1, 1, 1,
         1],
        [1, 1, 1, 1, 1, 1, 1, 1, 1, 1, 1, 1, 1, 1, 1, 1, 1, 1, 1, 1, 1, 1, 1, 1,
         1, 1, 1, 1, 1, 1, 1, 1, 1, 1, 1, 1, 1, 1, 1, 1, 1, 1, 1, 1, 1, 1, 1, 1,
         1, 1, 1, 1, 1, 1, 1, 1, 1, 1, 1, 1, 1, 1, 1, 1, 1, 1, 1, 1, 1, 1, 1, 1,
         1, 1, 1, 1, 1, 1, 1, 1, 1, 1, 1, 1, 1, 1, 1, 1, 1, 1, 1, 1, 1, 1, 1, 1,
         1, 1, 1, 1, 1, 1, 1, 1, 1, 1, 1, 1, 1, 1, 1, 1, 1, 1, 1, 1, 1, 1, 1, 1,
         1, 1, 1, 1, 1, 1, 1, 1, 1, 1, 1, 1, 1, 1, 1, 1, 1, 1, 1, 1, 1, 1, 1, 1,
         1, 1, 1, 1, 1, 1, 1, 1, 1, 1, 1, 1, 1, 1, 1, 1, 1, 1, 1, 1, 1, 1, 1, 1,
         1, 1, 1, 1, 1, 1, 1, 1, 1, 1, 1, 1, 1, 1, 1, 1, 1, 1, 1, 1, 1, 1, 1, 1,
         1],
        [1, 1, 1, 1, 1, 1, 1, 1, 1, 1, 1, 1, 1, 1, 1, 1, 1, 1, 1, 1, 1, 1, 1, 1,
         1, 1, 1, 1, 1, 1, 1, 1, 1, 1, 1, 1, 1, 1, 1, 1, 1, 1, 1, 1, 1, 1, 1, 1,
         1, 1, 1, 1, 1, 1, 1, 1, 1, 1, 1, 1, 1, 1, 1, 1, 1, 1, 1, 1, 1, 1, 1, 1,
         1, 1, 1, 1, 1, 1, 1, 1, 1, 1, 1, 1, 1, 1, 1, 1, 1, 1, 1, 1, 1, 1, 1, 1,
         1, 1, 1, 1, 1, 1, 1, 1, 1, 1, 1, 1, 1, 1, 1, 1, 1, 1, 1, 1, 1, 1, 1, 1,
         1, 1, 1, 1, 1, 1, 1, 1, 1, 1, 1, 1, 1, 1, 1, 1, 1, 1, 1, 1, 1, 1, 1, 1,
         1, 1, 1, 1, 1, 1, 1, 1, 1, 1, 1, 1, 1, 1, 1, 1, 1, 1, 1, 1, 1, 1, 1, 1,
         1, 1, 1, 1, 1, 1, 1, 1, 1, 1, 1, 1, 1, 1, 1, 1, 1, 1, 1, 1, 1, 1, 1, 1,
         1]], device='cuda:0') attnshape torch.Size([3, 193])
output logit tensor([[[ 2.8438,  5.8125,  1.3594,  ..., -5.1562, -5.1562, -5.1562]],

        [[ 2.8438,  5.8125,  1.3594,  ..., -5.1562, -5.1562, -5.1562]],

        [[ 2.8438,  5.8125,  1.3594,  ..., -5.1562, -5.1562, -5.1562]]],
       device='cuda:0', dtype=torch.bfloat16)
input_ids: torch.Size([3, 1]) cache_seqlens tensor([194, 194, 194], device='cuda:0', dtype=torch.int32) cache_position tensor([193, 193, 193], device='cuda:0') position_ids tensor([[193],
        [193],
        [193]], device='cuda:0') attention_mask tensor([[1, 1, 1, 1, 1, 1, 1, 1, 1, 1, 1, 1, 1, 1, 1, 1, 1, 1, 1, 1, 1, 1, 1, 1,
         1, 1, 1, 1, 1, 1, 1, 1, 1, 1, 1, 1, 1, 1, 1, 1, 1, 1, 1, 1, 1, 1, 1, 1,
         1, 1, 1, 1, 1, 1, 1, 1, 1, 1, 1, 1, 1, 1, 1, 1, 1, 1, 1, 1, 1, 1, 1, 1,
         1, 1, 1, 1, 1, 1, 1, 1, 1, 1, 1, 1, 1, 1, 1, 1, 1, 1, 1, 1, 1, 1, 1, 1,
         1, 1, 1, 1, 1, 1, 1, 1, 1, 1, 1, 1, 1, 1, 1, 1, 1, 1, 1, 1, 1, 1, 1, 1,
         1, 1, 1, 1, 1, 1, 1, 1, 1, 1, 1, 1, 1, 1, 1, 1, 1, 1, 1, 1, 1, 1, 1, 1,
         1, 1, 1, 1, 1, 1, 1, 1, 1, 1, 1, 1, 1, 1, 1, 1, 1, 1, 1, 1, 1, 1, 1, 1,
         1, 1, 1, 1, 1, 1, 1, 1, 1, 1, 1, 1, 1, 1, 1, 1, 1, 1, 1, 1, 1, 1, 1, 1,
         1, 1],
        [1, 1, 1, 1, 1, 1, 1, 1, 1, 1, 1, 1, 1, 1, 1, 1, 1, 1, 1, 1, 1, 1, 1, 1,
         1, 1, 1, 1, 1, 1, 1, 1, 1, 1, 1, 1, 1, 1, 1, 1, 1, 1, 1, 1, 1, 1, 1, 1,
         1, 1, 1, 1, 1, 1, 1, 1, 1, 1, 1, 1, 1, 1, 1, 1, 1, 1, 1, 1, 1, 1, 1, 1,
         1, 1, 1, 1, 1, 1, 1, 1, 1, 1, 1, 1, 1, 1, 1, 1, 1, 1, 1, 1, 1, 1, 1, 1,
         1, 1, 1, 1, 1, 1, 1, 1, 1, 1, 1, 1, 1, 1, 1, 1, 1, 1, 1, 1, 1, 1, 1, 1,
         1, 1, 1, 1, 1, 1, 1, 1, 1, 1, 1, 1, 1, 1, 1, 1, 1, 1, 1, 1, 1, 1, 1, 1,
         1, 1, 1, 1, 1, 1, 1, 1, 1, 1, 1, 1, 1, 1, 1, 1, 1, 1, 1, 1, 1, 1, 1, 1,
         1, 1, 1, 1, 1, 1, 1, 1, 1, 1, 1, 1, 1, 1, 1, 1, 1, 1, 1, 1, 1, 1, 1, 1,
         1, 1],
        [1, 1, 1, 1, 1, 1, 1, 1, 1, 1, 1, 1, 1, 1, 1, 1, 1, 1, 1, 1, 1, 1, 1, 1,
         1, 1, 1, 1, 1, 1, 1, 1, 1, 1, 1, 1, 1, 1, 1, 1, 1, 1, 1, 1, 1, 1, 1, 1,
         1, 1, 1, 1, 1, 1, 1, 1, 1, 1, 1, 1, 1, 1, 1, 1, 1, 1, 1, 1, 1, 1, 1, 1,
         1, 1, 1, 1, 1, 1, 1, 1, 1, 1, 1, 1, 1, 1, 1, 1, 1, 1, 1, 1, 1, 1, 1, 1,
         1, 1, 1, 1, 1, 1, 1, 1, 1, 1, 1, 1, 1, 1, 1, 1, 1, 1, 1, 1, 1, 1, 1, 1,
         1, 1, 1, 1, 1, 1, 1, 1, 1, 1, 1, 1, 1, 1, 1, 1, 1, 1, 1, 1, 1, 1, 1, 1,
         1, 1, 1, 1, 1, 1, 1, 1, 1, 1, 1, 1, 1, 1, 1, 1, 1, 1, 1, 1, 1, 1, 1, 1,
         1, 1, 1, 1, 1, 1, 1, 1, 1, 1, 1, 1, 1, 1, 1, 1, 1, 1, 1, 1, 1, 1, 1, 1,
         1, 1]], device='cuda:0') attnshape torch.Size([3, 194])
output logit tensor([[[ 9.6250,  6.5000,  3.0938,  ..., -2.6875, -2.6875, -2.6875]],

        [[ 9.6250,  6.5000,  3.0938,  ..., -2.6875, -2.6875, -2.6875]],

        [[ 9.6250,  6.5000,  3.0938,  ..., -2.6875, -2.6875, -2.6875]]],
       device='cuda:0', dtype=torch.bfloat16)
input_ids: torch.Size([3, 1]) cache_seqlens tensor([195, 195, 195], device='cuda:0', dtype=torch.int32) cache_position tensor([194, 194, 194], device='cuda:0') position_ids tensor([[194],
        [194],
        [194]], device='cuda:0') attention_mask tensor([[1, 1, 1, 1, 1, 1, 1, 1, 1, 1, 1, 1, 1, 1, 1, 1, 1, 1, 1, 1, 1, 1, 1, 1,
         1, 1, 1, 1, 1, 1, 1, 1, 1, 1, 1, 1, 1, 1, 1, 1, 1, 1, 1, 1, 1, 1, 1, 1,
         1, 1, 1, 1, 1, 1, 1, 1, 1, 1, 1, 1, 1, 1, 1, 1, 1, 1, 1, 1, 1, 1, 1, 1,
         1, 1, 1, 1, 1, 1, 1, 1, 1, 1, 1, 1, 1, 1, 1, 1, 1, 1, 1, 1, 1, 1, 1, 1,
         1, 1, 1, 1, 1, 1, 1, 1, 1, 1, 1, 1, 1, 1, 1, 1, 1, 1, 1, 1, 1, 1, 1, 1,
         1, 1, 1, 1, 1, 1, 1, 1, 1, 1, 1, 1, 1, 1, 1, 1, 1, 1, 1, 1, 1, 1, 1, 1,
         1, 1, 1, 1, 1, 1, 1, 1, 1, 1, 1, 1, 1, 1, 1, 1, 1, 1, 1, 1, 1, 1, 1, 1,
         1, 1, 1, 1, 1, 1, 1, 1, 1, 1, 1, 1, 1, 1, 1, 1, 1, 1, 1, 1, 1, 1, 1, 1,
         1, 1, 1],
        [1, 1, 1, 1, 1, 1, 1, 1, 1, 1, 1, 1, 1, 1, 1, 1, 1, 1, 1, 1, 1, 1, 1, 1,
         1, 1, 1, 1, 1, 1, 1, 1, 1, 1, 1, 1, 1, 1, 1, 1, 1, 1, 1, 1, 1, 1, 1, 1,
         1, 1, 1, 1, 1, 1, 1, 1, 1, 1, 1, 1, 1, 1, 1, 1, 1, 1, 1, 1, 1, 1, 1, 1,
         1, 1, 1, 1, 1, 1, 1, 1, 1, 1, 1, 1, 1, 1, 1, 1, 1, 1, 1, 1, 1, 1, 1, 1,
         1, 1, 1, 1, 1, 1, 1, 1, 1, 1, 1, 1, 1, 1, 1, 1, 1, 1, 1, 1, 1, 1, 1, 1,
         1, 1, 1, 1, 1, 1, 1, 1, 1, 1, 1, 1, 1, 1, 1, 1, 1, 1, 1, 1, 1, 1, 1, 1,
         1, 1, 1, 1, 1, 1, 1, 1, 1, 1, 1, 1, 1, 1, 1, 1, 1, 1, 1, 1, 1, 1, 1, 1,
         1, 1, 1, 1, 1, 1, 1, 1, 1, 1, 1, 1, 1, 1, 1, 1, 1, 1, 1, 1, 1, 1, 1, 1,
         1, 1, 1],
        [1, 1, 1, 1, 1, 1, 1, 1, 1, 1, 1, 1, 1, 1, 1, 1, 1, 1, 1, 1, 1, 1, 1, 1,
         1, 1, 1, 1, 1, 1, 1, 1, 1, 1, 1, 1, 1, 1, 1, 1, 1, 1, 1, 1, 1, 1, 1, 1,
         1, 1, 1, 1, 1, 1, 1, 1, 1, 1, 1, 1, 1, 1, 1, 1, 1, 1, 1, 1, 1, 1, 1, 1,
         1, 1, 1, 1, 1, 1, 1, 1, 1, 1, 1, 1, 1, 1, 1, 1, 1, 1, 1, 1, 1, 1, 1, 1,
         1, 1, 1, 1, 1, 1, 1, 1, 1, 1, 1, 1, 1, 1, 1, 1, 1, 1, 1, 1, 1, 1, 1, 1,
         1, 1, 1, 1, 1, 1, 1, 1, 1, 1, 1, 1, 1, 1, 1, 1, 1, 1, 1, 1, 1, 1, 1, 1,
         1, 1, 1, 1, 1, 1, 1, 1, 1, 1, 1, 1, 1, 1, 1, 1, 1, 1, 1, 1, 1, 1, 1, 1,
         1, 1, 1, 1, 1, 1, 1, 1, 1, 1, 1, 1, 1, 1, 1, 1, 1, 1, 1, 1, 1, 1, 1, 1,
         1, 1, 1]], device='cuda:0') attnshape torch.Size([3, 195])
output logit tensor([[[ 1.5625, -2.5312,  0.3164,  ..., -3.4219, -3.4219, -3.4219]],

        [[ 1.5625, -2.5312,  0.3164,  ..., -3.4219, -3.4219, -3.4219]],

        [[ 1.5625, -2.5312,  0.3164,  ..., -3.4219, -3.4219, -3.4219]]],
       device='cuda:0', dtype=torch.bfloat16)
input_ids: torch.Size([3, 1]) cache_seqlens tensor([196, 196, 196], device='cuda:0', dtype=torch.int32) cache_position tensor([195, 195, 195], device='cuda:0') position_ids tensor([[195],
        [195],
        [195]], device='cuda:0') attention_mask tensor([[1, 1, 1, 1, 1, 1, 1, 1, 1, 1, 1, 1, 1, 1, 1, 1, 1, 1, 1, 1, 1, 1, 1, 1,
         1, 1, 1, 1, 1, 1, 1, 1, 1, 1, 1, 1, 1, 1, 1, 1, 1, 1, 1, 1, 1, 1, 1, 1,
         1, 1, 1, 1, 1, 1, 1, 1, 1, 1, 1, 1, 1, 1, 1, 1, 1, 1, 1, 1, 1, 1, 1, 1,
         1, 1, 1, 1, 1, 1, 1, 1, 1, 1, 1, 1, 1, 1, 1, 1, 1, 1, 1, 1, 1, 1, 1, 1,
         1, 1, 1, 1, 1, 1, 1, 1, 1, 1, 1, 1, 1, 1, 1, 1, 1, 1, 1, 1, 1, 1, 1, 1,
         1, 1, 1, 1, 1, 1, 1, 1, 1, 1, 1, 1, 1, 1, 1, 1, 1, 1, 1, 1, 1, 1, 1, 1,
         1, 1, 1, 1, 1, 1, 1, 1, 1, 1, 1, 1, 1, 1, 1, 1, 1, 1, 1, 1, 1, 1, 1, 1,
         1, 1, 1, 1, 1, 1, 1, 1, 1, 1, 1, 1, 1, 1, 1, 1, 1, 1, 1, 1, 1, 1, 1, 1,
         1, 1, 1, 1],
        [1, 1, 1, 1, 1, 1, 1, 1, 1, 1, 1, 1, 1, 1, 1, 1, 1, 1, 1, 1, 1, 1, 1, 1,
         1, 1, 1, 1, 1, 1, 1, 1, 1, 1, 1, 1, 1, 1, 1, 1, 1, 1, 1, 1, 1, 1, 1, 1,
         1, 1, 1, 1, 1, 1, 1, 1, 1, 1, 1, 1, 1, 1, 1, 1, 1, 1, 1, 1, 1, 1, 1, 1,
         1, 1, 1, 1, 1, 1, 1, 1, 1, 1, 1, 1, 1, 1, 1, 1, 1, 1, 1, 1, 1, 1, 1, 1,
         1, 1, 1, 1, 1, 1, 1, 1, 1, 1, 1, 1, 1, 1, 1, 1, 1, 1, 1, 1, 1, 1, 1, 1,
         1, 1, 1, 1, 1, 1, 1, 1, 1, 1, 1, 1, 1, 1, 1, 1, 1, 1, 1, 1, 1, 1, 1, 1,
         1, 1, 1, 1, 1, 1, 1, 1, 1, 1, 1, 1, 1, 1, 1, 1, 1, 1, 1, 1, 1, 1, 1, 1,
         1, 1, 1, 1, 1, 1, 1, 1, 1, 1, 1, 1, 1, 1, 1, 1, 1, 1, 1, 1, 1, 1, 1, 1,
         1, 1, 1, 1],
        [1, 1, 1, 1, 1, 1, 1, 1, 1, 1, 1, 1, 1, 1, 1, 1, 1, 1, 1, 1, 1, 1, 1, 1,
         1, 1, 1, 1, 1, 1, 1, 1, 1, 1, 1, 1, 1, 1, 1, 1, 1, 1, 1, 1, 1, 1, 1, 1,
         1, 1, 1, 1, 1, 1, 1, 1, 1, 1, 1, 1, 1, 1, 1, 1, 1, 1, 1, 1, 1, 1, 1, 1,
         1, 1, 1, 1, 1, 1, 1, 1, 1, 1, 1, 1, 1, 1, 1, 1, 1, 1, 1, 1, 1, 1, 1, 1,
         1, 1, 1, 1, 1, 1, 1, 1, 1, 1, 1, 1, 1, 1, 1, 1, 1, 1, 1, 1, 1, 1, 1, 1,
         1, 1, 1, 1, 1, 1, 1, 1, 1, 1, 1, 1, 1, 1, 1, 1, 1, 1, 1, 1, 1, 1, 1, 1,
         1, 1, 1, 1, 1, 1, 1, 1, 1, 1, 1, 1, 1, 1, 1, 1, 1, 1, 1, 1, 1, 1, 1, 1,
         1, 1, 1, 1, 1, 1, 1, 1, 1, 1, 1, 1, 1, 1, 1, 1, 1, 1, 1, 1, 1, 1, 1, 1,
         1, 1, 1, 1]], device='cuda:0') attnshape torch.Size([3, 196])
output logit tensor([[[ 2.5938, -1.5234, -1.6328,  ..., -4.9062, -4.9062, -4.9062]],

        [[ 2.5938, -1.5234, -1.6328,  ..., -4.9062, -4.9062, -4.9062]],

        [[ 2.5938, -1.5234, -1.6328,  ..., -4.9062, -4.9062, -4.9062]]],
       device='cuda:0', dtype=torch.bfloat16)
input_ids: torch.Size([3, 1]) cache_seqlens tensor([197, 197, 197], device='cuda:0', dtype=torch.int32) cache_position tensor([196, 196, 196], device='cuda:0') position_ids tensor([[196],
        [196],
        [196]], device='cuda:0') attention_mask tensor([[1, 1, 1, 1, 1, 1, 1, 1, 1, 1, 1, 1, 1, 1, 1, 1, 1, 1, 1, 1, 1, 1, 1, 1,
         1, 1, 1, 1, 1, 1, 1, 1, 1, 1, 1, 1, 1, 1, 1, 1, 1, 1, 1, 1, 1, 1, 1, 1,
         1, 1, 1, 1, 1, 1, 1, 1, 1, 1, 1, 1, 1, 1, 1, 1, 1, 1, 1, 1, 1, 1, 1, 1,
         1, 1, 1, 1, 1, 1, 1, 1, 1, 1, 1, 1, 1, 1, 1, 1, 1, 1, 1, 1, 1, 1, 1, 1,
         1, 1, 1, 1, 1, 1, 1, 1, 1, 1, 1, 1, 1, 1, 1, 1, 1, 1, 1, 1, 1, 1, 1, 1,
         1, 1, 1, 1, 1, 1, 1, 1, 1, 1, 1, 1, 1, 1, 1, 1, 1, 1, 1, 1, 1, 1, 1, 1,
         1, 1, 1, 1, 1, 1, 1, 1, 1, 1, 1, 1, 1, 1, 1, 1, 1, 1, 1, 1, 1, 1, 1, 1,
         1, 1, 1, 1, 1, 1, 1, 1, 1, 1, 1, 1, 1, 1, 1, 1, 1, 1, 1, 1, 1, 1, 1, 1,
         1, 1, 1, 1, 1],
        [1, 1, 1, 1, 1, 1, 1, 1, 1, 1, 1, 1, 1, 1, 1, 1, 1, 1, 1, 1, 1, 1, 1, 1,
         1, 1, 1, 1, 1, 1, 1, 1, 1, 1, 1, 1, 1, 1, 1, 1, 1, 1, 1, 1, 1, 1, 1, 1,
         1, 1, 1, 1, 1, 1, 1, 1, 1, 1, 1, 1, 1, 1, 1, 1, 1, 1, 1, 1, 1, 1, 1, 1,
         1, 1, 1, 1, 1, 1, 1, 1, 1, 1, 1, 1, 1, 1, 1, 1, 1, 1, 1, 1, 1, 1, 1, 1,
         1, 1, 1, 1, 1, 1, 1, 1, 1, 1, 1, 1, 1, 1, 1, 1, 1, 1, 1, 1, 1, 1, 1, 1,
         1, 1, 1, 1, 1, 1, 1, 1, 1, 1, 1, 1, 1, 1, 1, 1, 1, 1, 1, 1, 1, 1, 1, 1,
         1, 1, 1, 1, 1, 1, 1, 1, 1, 1, 1, 1, 1, 1, 1, 1, 1, 1, 1, 1, 1, 1, 1, 1,
         1, 1, 1, 1, 1, 1, 1, 1, 1, 1, 1, 1, 1, 1, 1, 1, 1, 1, 1, 1, 1, 1, 1, 1,
         1, 1, 1, 1, 1],
        [1, 1, 1, 1, 1, 1, 1, 1, 1, 1, 1, 1, 1, 1, 1, 1, 1, 1, 1, 1, 1, 1, 1, 1,
         1, 1, 1, 1, 1, 1, 1, 1, 1, 1, 1, 1, 1, 1, 1, 1, 1, 1, 1, 1, 1, 1, 1, 1,
         1, 1, 1, 1, 1, 1, 1, 1, 1, 1, 1, 1, 1, 1, 1, 1, 1, 1, 1, 1, 1, 1, 1, 1,
         1, 1, 1, 1, 1, 1, 1, 1, 1, 1, 1, 1, 1, 1, 1, 1, 1, 1, 1, 1, 1, 1, 1, 1,
         1, 1, 1, 1, 1, 1, 1, 1, 1, 1, 1, 1, 1, 1, 1, 1, 1, 1, 1, 1, 1, 1, 1, 1,
         1, 1, 1, 1, 1, 1, 1, 1, 1, 1, 1, 1, 1, 1, 1, 1, 1, 1, 1, 1, 1, 1, 1, 1,
         1, 1, 1, 1, 1, 1, 1, 1, 1, 1, 1, 1, 1, 1, 1, 1, 1, 1, 1, 1, 1, 1, 1, 1,
         1, 1, 1, 1, 1, 1, 1, 1, 1, 1, 1, 1, 1, 1, 1, 1, 1, 1, 1, 1, 1, 1, 1, 1,
         1, 1, 1, 1, 1]], device='cuda:0') attnshape torch.Size([3, 197])
output logit tensor([[[ 4.8750,  0.2422, -0.2188,  ..., -6.1875, -6.1875, -6.1875]],

        [[ 4.8750,  0.2422, -0.2188,  ..., -6.1875, -6.1875, -6.1875]],

        [[ 4.8750,  0.2422, -0.2188,  ..., -6.1875, -6.1875, -6.1875]]],
       device='cuda:0', dtype=torch.bfloat16)
input_ids: torch.Size([3, 1]) cache_seqlens tensor([198, 198, 198], device='cuda:0', dtype=torch.int32) cache_position tensor([197, 197, 197], device='cuda:0') position_ids tensor([[197],
        [197],
        [197]], device='cuda:0') attention_mask tensor([[1, 1, 1, 1, 1, 1, 1, 1, 1, 1, 1, 1, 1, 1, 1, 1, 1, 1, 1, 1, 1, 1, 1, 1,
         1, 1, 1, 1, 1, 1, 1, 1, 1, 1, 1, 1, 1, 1, 1, 1, 1, 1, 1, 1, 1, 1, 1, 1,
         1, 1, 1, 1, 1, 1, 1, 1, 1, 1, 1, 1, 1, 1, 1, 1, 1, 1, 1, 1, 1, 1, 1, 1,
         1, 1, 1, 1, 1, 1, 1, 1, 1, 1, 1, 1, 1, 1, 1, 1, 1, 1, 1, 1, 1, 1, 1, 1,
         1, 1, 1, 1, 1, 1, 1, 1, 1, 1, 1, 1, 1, 1, 1, 1, 1, 1, 1, 1, 1, 1, 1, 1,
         1, 1, 1, 1, 1, 1, 1, 1, 1, 1, 1, 1, 1, 1, 1, 1, 1, 1, 1, 1, 1, 1, 1, 1,
         1, 1, 1, 1, 1, 1, 1, 1, 1, 1, 1, 1, 1, 1, 1, 1, 1, 1, 1, 1, 1, 1, 1, 1,
         1, 1, 1, 1, 1, 1, 1, 1, 1, 1, 1, 1, 1, 1, 1, 1, 1, 1, 1, 1, 1, 1, 1, 1,
         1, 1, 1, 1, 1, 1],
        [1, 1, 1, 1, 1, 1, 1, 1, 1, 1, 1, 1, 1, 1, 1, 1, 1, 1, 1, 1, 1, 1, 1, 1,
         1, 1, 1, 1, 1, 1, 1, 1, 1, 1, 1, 1, 1, 1, 1, 1, 1, 1, 1, 1, 1, 1, 1, 1,
         1, 1, 1, 1, 1, 1, 1, 1, 1, 1, 1, 1, 1, 1, 1, 1, 1, 1, 1, 1, 1, 1, 1, 1,
         1, 1, 1, 1, 1, 1, 1, 1, 1, 1, 1, 1, 1, 1, 1, 1, 1, 1, 1, 1, 1, 1, 1, 1,
         1, 1, 1, 1, 1, 1, 1, 1, 1, 1, 1, 1, 1, 1, 1, 1, 1, 1, 1, 1, 1, 1, 1, 1,
         1, 1, 1, 1, 1, 1, 1, 1, 1, 1, 1, 1, 1, 1, 1, 1, 1, 1, 1, 1, 1, 1, 1, 1,
         1, 1, 1, 1, 1, 1, 1, 1, 1, 1, 1, 1, 1, 1, 1, 1, 1, 1, 1, 1, 1, 1, 1, 1,
         1, 1, 1, 1, 1, 1, 1, 1, 1, 1, 1, 1, 1, 1, 1, 1, 1, 1, 1, 1, 1, 1, 1, 1,
         1, 1, 1, 1, 1, 1],
        [1, 1, 1, 1, 1, 1, 1, 1, 1, 1, 1, 1, 1, 1, 1, 1, 1, 1, 1, 1, 1, 1, 1, 1,
         1, 1, 1, 1, 1, 1, 1, 1, 1, 1, 1, 1, 1, 1, 1, 1, 1, 1, 1, 1, 1, 1, 1, 1,
         1, 1, 1, 1, 1, 1, 1, 1, 1, 1, 1, 1, 1, 1, 1, 1, 1, 1, 1, 1, 1, 1, 1, 1,
         1, 1, 1, 1, 1, 1, 1, 1, 1, 1, 1, 1, 1, 1, 1, 1, 1, 1, 1, 1, 1, 1, 1, 1,
         1, 1, 1, 1, 1, 1, 1, 1, 1, 1, 1, 1, 1, 1, 1, 1, 1, 1, 1, 1, 1, 1, 1, 1,
         1, 1, 1, 1, 1, 1, 1, 1, 1, 1, 1, 1, 1, 1, 1, 1, 1, 1, 1, 1, 1, 1, 1, 1,
         1, 1, 1, 1, 1, 1, 1, 1, 1, 1, 1, 1, 1, 1, 1, 1, 1, 1, 1, 1, 1, 1, 1, 1,
         1, 1, 1, 1, 1, 1, 1, 1, 1, 1, 1, 1, 1, 1, 1, 1, 1, 1, 1, 1, 1, 1, 1, 1,
         1, 1, 1, 1, 1, 1]], device='cuda:0') attnshape torch.Size([3, 198])
output logit tensor([[[ 5.6250,  2.2344, -1.4453,  ..., -4.8125, -4.8125, -4.8125]],

        [[ 5.6250,  2.2344, -1.4453,  ..., -4.8125, -4.8125, -4.8125]],

        [[ 5.6250,  2.2344, -1.4453,  ..., -4.8125, -4.8125, -4.8125]]],
       device='cuda:0', dtype=torch.bfloat16)
input_ids: torch.Size([3, 1]) cache_seqlens tensor([199, 199, 199], device='cuda:0', dtype=torch.int32) cache_position tensor([198, 198, 198], device='cuda:0') position_ids tensor([[198],
        [198],
        [198]], device='cuda:0') attention_mask tensor([[1, 1, 1, 1, 1, 1, 1, 1, 1, 1, 1, 1, 1, 1, 1, 1, 1, 1, 1, 1, 1, 1, 1, 1,
         1, 1, 1, 1, 1, 1, 1, 1, 1, 1, 1, 1, 1, 1, 1, 1, 1, 1, 1, 1, 1, 1, 1, 1,
         1, 1, 1, 1, 1, 1, 1, 1, 1, 1, 1, 1, 1, 1, 1, 1, 1, 1, 1, 1, 1, 1, 1, 1,
         1, 1, 1, 1, 1, 1, 1, 1, 1, 1, 1, 1, 1, 1, 1, 1, 1, 1, 1, 1, 1, 1, 1, 1,
         1, 1, 1, 1, 1, 1, 1, 1, 1, 1, 1, 1, 1, 1, 1, 1, 1, 1, 1, 1, 1, 1, 1, 1,
         1, 1, 1, 1, 1, 1, 1, 1, 1, 1, 1, 1, 1, 1, 1, 1, 1, 1, 1, 1, 1, 1, 1, 1,
         1, 1, 1, 1, 1, 1, 1, 1, 1, 1, 1, 1, 1, 1, 1, 1, 1, 1, 1, 1, 1, 1, 1, 1,
         1, 1, 1, 1, 1, 1, 1, 1, 1, 1, 1, 1, 1, 1, 1, 1, 1, 1, 1, 1, 1, 1, 1, 1,
         1, 1, 1, 1, 1, 1, 1],
        [1, 1, 1, 1, 1, 1, 1, 1, 1, 1, 1, 1, 1, 1, 1, 1, 1, 1, 1, 1, 1, 1, 1, 1,
         1, 1, 1, 1, 1, 1, 1, 1, 1, 1, 1, 1, 1, 1, 1, 1, 1, 1, 1, 1, 1, 1, 1, 1,
         1, 1, 1, 1, 1, 1, 1, 1, 1, 1, 1, 1, 1, 1, 1, 1, 1, 1, 1, 1, 1, 1, 1, 1,
         1, 1, 1, 1, 1, 1, 1, 1, 1, 1, 1, 1, 1, 1, 1, 1, 1, 1, 1, 1, 1, 1, 1, 1,
         1, 1, 1, 1, 1, 1, 1, 1, 1, 1, 1, 1, 1, 1, 1, 1, 1, 1, 1, 1, 1, 1, 1, 1,
         1, 1, 1, 1, 1, 1, 1, 1, 1, 1, 1, 1, 1, 1, 1, 1, 1, 1, 1, 1, 1, 1, 1, 1,
         1, 1, 1, 1, 1, 1, 1, 1, 1, 1, 1, 1, 1, 1, 1, 1, 1, 1, 1, 1, 1, 1, 1, 1,
         1, 1, 1, 1, 1, 1, 1, 1, 1, 1, 1, 1, 1, 1, 1, 1, 1, 1, 1, 1, 1, 1, 1, 1,
         1, 1, 1, 1, 1, 1, 1],
        [1, 1, 1, 1, 1, 1, 1, 1, 1, 1, 1, 1, 1, 1, 1, 1, 1, 1, 1, 1, 1, 1, 1, 1,
         1, 1, 1, 1, 1, 1, 1, 1, 1, 1, 1, 1, 1, 1, 1, 1, 1, 1, 1, 1, 1, 1, 1, 1,
         1, 1, 1, 1, 1, 1, 1, 1, 1, 1, 1, 1, 1, 1, 1, 1, 1, 1, 1, 1, 1, 1, 1, 1,
         1, 1, 1, 1, 1, 1, 1, 1, 1, 1, 1, 1, 1, 1, 1, 1, 1, 1, 1, 1, 1, 1, 1, 1,
         1, 1, 1, 1, 1, 1, 1, 1, 1, 1, 1, 1, 1, 1, 1, 1, 1, 1, 1, 1, 1, 1, 1, 1,
         1, 1, 1, 1, 1, 1, 1, 1, 1, 1, 1, 1, 1, 1, 1, 1, 1, 1, 1, 1, 1, 1, 1, 1,
         1, 1, 1, 1, 1, 1, 1, 1, 1, 1, 1, 1, 1, 1, 1, 1, 1, 1, 1, 1, 1, 1, 1, 1,
         1, 1, 1, 1, 1, 1, 1, 1, 1, 1, 1, 1, 1, 1, 1, 1, 1, 1, 1, 1, 1, 1, 1, 1,
         1, 1, 1, 1, 1, 1, 1]], device='cuda:0') attnshape torch.Size([3, 199])
output logit tensor([[[ 6.0625,  0.5547, -0.5078,  ..., -5.5000, -5.5000, -5.5000]],

        [[ 6.0625,  0.5547, -0.5078,  ..., -5.5000, -5.5000, -5.5000]],

        [[ 6.0625,  0.5547, -0.5078,  ..., -5.5000, -5.5000, -5.5000]]],
       device='cuda:0', dtype=torch.bfloat16)
output 1 : <|im_start|>user
The twelve letters $A$,$B$,$C$,$D$,$E$,$F$,$G$,$H$,$I$,$J$,$K$, and $L$ are randomly grouped into six pairs of letters. The two letters in each pair are placed next to each other in alphabetical order to form six two-letter words, and then those six words are listed alphabetically. For example, a possible result is $AB$, $CJ$, $DG$, $EK$, $FL$, $HI$. The probability that the last word listed contains $G$ is $\frac mn$, where $m$ and $n$ are relatively prime positive integers. Find $m+n$.<|im_end|>
<|im_start|>assistant
<think>
Okay, so I need to find the probability that the last word in the alphabetical list contains the letter G. The problem involves grouping twelve letters into six pairs, then arranging each pair in alphabetical order to form words, and then listing those words
output 2 : <|im_start|>user
The twelve letters $A$,$B$,$C$,$D$,$E$,$F$,$G$,$H$,$I$,$J$,$K$, and $L$ are randomly grouped into six pairs of letters. The two letters in each pair are placed next to each other in alphabetical order to form six two-letter words, and then those six words are listed alphabetically. For example, a possible result is $AB$, $CJ$, $DG$, $EK$, $FL$, $HI$. The probability that the last word listed contains $G$ is $\frac mn$, where $m$ and $n$ are relatively prime positive integers. Find $m+n$.<|im_end|>
<|im_start|>assistant
<think>
Okay, so I need to find the probability that the last word in the alphabetical list contains the letter G. The problem involves grouping twelve letters into six pairs, then arranging each pair in alphabetical order to form words, and then listing those words
output 3 : <|im_start|>user
The twelve letters $A$,$B$,$C$,$D$,$E$,$F$,$G$,$H$,$I$,$J$,$K$, and $L$ are randomly grouped into six pairs of letters. The two letters in each pair are placed next to each other in alphabetical order to form six two-letter words, and then those six words are listed alphabetically. For example, a possible result is $AB$, $CJ$, $DG$, $EK$, $FL$, $HI$. The probability that the last word listed contains $G$ is $\frac mn$, where $m$ and $n$ are relatively prime positive integers. Find $m+n$.<|im_end|>
<|im_start|>assistant
<think>
Okay, so I need to find the probability that the last word in the alphabetical list contains the letter G. The problem involves grouping twelve letters into six pairs, then arranging each pair in alphabetical order to form words, and then listing those words
